sku,group_id,name,url,price,in_stock,image_url,categories,keywords,description,author
G1YD60AKKTZV,G00001,A Close Up Of A Dogs Blue,https://dy-us-playground.onrender.com/,1147.62,False,https://plus.unsplash.com/premium_photo-1673728218157-b316914d636c?w=200,animals|pets|dogs|nature,close|up|dog|s|blue|eyes,a close up of a dog's blue eyes,Jason Hawke 🇨🇦
KNL36016QBYU,G00041,Black And Brown Wolf Painting,https://dy-us-playground.onrender.com/,1540.9,False,https://images.unsplash.com/photo-1588167056547-c183313da47c?w=200,animals|wildlife|canines|wolves|nature,black|brown|wolf|painting,black and brown wolf painting,Marc-Olivier Jodoin
08YBOR3ZDQGT,G00041,Wolf With Open Mouth,https://dy-us-playground.onrender.com/,358.62,True,https://images.unsplash.com/photo-1564166174574-a9666f590437?w=200,animals|wildlife|canines|wolves|nature,wolf|open|mouth,wolf with open mouth,Philipp Pilz
1KVKXG0FQWOK,G00041,Other Common Name Timber Wolf Grey Wolves,https://dy-us-playground.onrender.com/,737.46,False,https://plus.unsplash.com/premium_photo-1664303208329-58bd1b4e30c3?w=200,animals|wildlife|canines|wolves|winter,other|common|name|timber|wolf|grey|wolves|are,"Other common name: timber wolf. Grey wolves are pack animals, with parents and cubs forming the basic pack. During the winter months larger packs are formed. Wolves are found in Northern Europe, Asia, and North America.",Getty Images
39AHM1O87OCJ,G00041,Brown And White Wolf,https://dy-us-playground.onrender.com/,975.98,True,https://images.unsplash.com/photo-1572363420552-058bd41af8c7?w=200,animals|wildlife|canines|wolves|nature,brown|white|wolf,brown and white wolf,Andrew Ly
SGL7Z3SK2T1L,G00041,White And Black Wolf In Tilt Shift,https://dy-us-playground.onrender.com/,640.01,False,https://images.unsplash.com/photo-1607350999170-b893fef057ea?w=200,animals|wildlife|canines|wolves|nature,white|black|wolf|tilt|shift|lens,white and black wolf in tilt shift lens,Milo Weiler
04NHE5NO9N5S,G00041,A Wolf Looking At The Camera,https://dy-us-playground.onrender.com/,840.17,False,https://images.unsplash.com/photo-1667938318975-823e395d74d5?w=200,animals|wildlife|canines|wolves|nature,wolf|looking|at|camera,a wolf looking at the camera,Reyk Odinson
ZVSYPQBZ8EH0,G00042,Wolf Pack On Rock Formation,https://dy-us-playground.onrender.com/,694.75,False,https://images.unsplash.com/photo-1545906785-38f53f99e380?w=200,animals|wildlife|canines|wolves|nature,wolf|pack|rock|formation,wolf pack on rock formation,Thomas Bonometti
02NXMYKT6C1W,G00001,Silhouette Of Dog,https://dy-us-playground.onrender.com/,1436.7,False,https://images.unsplash.com/photo-1511561415413-c643d4969838?w=200,animals|pets|dogs|nature,silhouette|dog,silhouette of dog,Marek Szturc
LUGP4PTFCBAT,G00001,Photo Of Adult Shortcoated White Dog,https://dy-us-playground.onrender.com/,314.42,True,https://images.unsplash.com/photo-1547407139-3c921a66005c?w=200,animals|pets|dogs|nature,photo|adult|short|coated|white|dog,photo of adult short-coated white dog,Marek Szturc
G381VRXUGU13,G00102,Adult Tan German Shepherd,https://dy-us-playground.onrender.com/,127.6,False,https://images.unsplash.com/photo-1504715329877-f69f5258f4e8?w=200,art|photography|nature,adult|tan|german|shepherd,adult tan German shepherd,M. Zonderling
HGD93GK2FO4D,G00042,White And Gray Wolf,https://dy-us-playground.onrender.com/,1349.14,True,https://images.unsplash.com/photo-1533973437338-97c56526f17c?w=200,animals|wildlife|canines|wolves|nature,white|gray|wolf,white and gray wolf,Jeroen Bosch
I581KX9Y8698,G00042,Other Common Name Timber Wolf Grey Wolves,https://dy-us-playground.onrender.com/,1594.79,False,https://plus.unsplash.com/premium_photo-1664303210452-ca5ea17fdeda?w=200,animals|wildlife|canines|wolves|winter,other|common|name|timber|wolf|grey|wolves|are,"Other common name: timber wolf. Grey wolves are pack animals, with parents and cubs forming the basic pack. During the winter months larger packs are formed. Wolves are found in Northern Europe, Asia, and North America.",Getty Images
9A54VAWPYVFL,G00042,A Wolf Standing In The Middle Of,https://dy-us-playground.onrender.com/,1604.7,False,https://plus.unsplash.com/premium_photo-1700167450913-381df43fe71a?w=200,animals|wildlife|canines|wolves|forest,wolf|standing|middle|forest,a wolf standing in the middle of a forest,Djordje Vukojicic
DDEM2XL93QBO,G00042,A Lone Wolf Standing In The Middle,https://dy-us-playground.onrender.com/,1517.96,True,https://images.unsplash.com/photo-1680201036424-37d5c5c812dd?w=200,animals|wildlife|canines|wolves|forest,lone|wolf|standing|middle|forest,a lone wolf standing in the middle of a forest,Anthony Sebbo
IR8AJ9WGPEVJ,G00042,A Wolf Walking Across A Gravel Covered,https://dy-us-playground.onrender.com/,1880.36,False,https://plus.unsplash.com/premium_photo-1661888787856-43346704e66c?w=200,animals|wildlife|canines|wolves|nature,wolf|walking|across|gravel|covered|ground,a wolf walking across a gravel covered ground,Getty Images
4EJD5ZOQ2Z2A,G00043,Gray Wolf On Brown Grass,https://dy-us-playground.onrender.com/,156.4,False,https://images.unsplash.com/photo-1559736139-6531cc82432e?w=200,animals|wildlife|canines|wolves|nature,gray|wolf|brown|grass,gray wolf on brown grass,Vincent van Zalinge
OZ636OBBUSWW,G00043,A Wolf Standing Next To A Tree,https://dy-us-playground.onrender.com/,348.68,False,https://plus.unsplash.com/premium_photo-1661899053699-f49eb65ca6a3?w=200,animals|wildlife|canines|wolves|winter,wolf|standing|next|to|tree|snow,a wolf standing next to a tree in the snow,Getty Images
GIZ13VJQ2I5N,G00102,Black And White Eye Illustration,https://dy-us-playground.onrender.com/,424.77,True,https://images.unsplash.com/photo-1612737920943-d927663dd4ff?w=200,art|photography|nature,black|white|eye|illustration,black and white eye illustration,Angel Luciano
CYFBL9I9YQ26,G00043,Wolf Standing On Rolled Hays,https://dy-us-playground.onrender.com/,440.06,True,https://images.unsplash.com/photo-1534421341437-b70c23255702?w=200,animals|wildlife|canines|wolves|nature,wolf|standing|rolled|hays,wolf standing on rolled hays,Nancy Stapler
UXI1Y13C23NR,G00043,A Wolf Standing On A Rock In,https://dy-us-playground.onrender.com/,1789.54,False,https://images.unsplash.com/photo-1691433790054-5b3821080f4f?w=200,animals|wildlife|canines|wolves|nature,wolf|standing|rock|woods,a wolf standing on a rock in the woods,Stephen Crane
TQUV6BINHUWL,G00043,A Black And White Photo Of A,https://dy-us-playground.onrender.com/,1490.63,True,https://images.unsplash.com/photo-1643665338709-97718d23787d?w=200,animals|wildlife|canines|wolves|night,black|white|photo|wolf|dark,a black and white photo of a wolf in the dark,Fabian Lauer
BEB7343R72MQ,G00102,A Coyote In Banff Canada,https://dy-us-playground.onrender.com/,847.66,False,https://plus.unsplash.com/premium_photo-1664299522870-59ce24b486c4?w=200,art|photography|nature,coyote|banff|canada,"A coyote in Banff, Canada.",Getty Images
RUG9XJUA8LOL,G00043,Silhouette Of Wolf Standing On Ground,https://dy-us-playground.onrender.com/,1685.34,True,https://images.unsplash.com/photo-1470165473874-023613603389?w=200,animals|wildlife|canines|wolves|nature,silhouette|wolf|standing|ground,silhouette of wolf standing on ground,Ray Hennessy
4IFMQUIKXII7,G00044,Seven Pack Of Wolves On Forest Snow,https://dy-us-playground.onrender.com/,803.03,True,https://images.unsplash.com/photo-1552249007-6759fe2742b6?w=200,art|photography|winter,seven|pack|wolves|forest|snow,seven pack of wolves on forest snow,Eva Blue
1HYFGSDQ2QBC,G00102,A Coyote In Banff Canada,https://dy-us-playground.onrender.com/,512.37,True,https://plus.unsplash.com/premium_photo-1661964309609-abfa2ebe71ba?w=200,art|photography|nature,coyote|banff|canada,"A coyote in Banff, Canada.",Getty Images
L035YAQUDT6C,G00001,A Dog Standing On A Rock Looking,https://dy-us-playground.onrender.com/,907.56,False,https://images.unsplash.com/photo-1686592344891-ad645877db25?w=200,animals|pets|dogs|nature,dog|standing|rock|looking|up|at|sky,a dog standing on a rock looking up at the sky,Lilian Jeane Schiffer
CDN8ZHC9XKK7,G00102,A Coyote In Banff Canada,https://dy-us-playground.onrender.com/,260.69,True,https://plus.unsplash.com/premium_photo-1661964159458-e02bf3c211f2?w=200,art|photography|nature,coyote|banff|canada,"A coyote in Banff, Canada.",Getty Images
MS4ZZ682UP8F,G00044,A Wolf In The Snow,https://dy-us-playground.onrender.com/,1131.32,True,https://images.unsplash.com/photo-1665238076980-47731fc833b2?w=200,animals|wildlife|canines|wolves|winter,wolf|snow,a wolf in the snow,Honza Reznik
AFPQBUASYMT3,G00102,A Coyote In British Columbia Canada,https://dy-us-playground.onrender.com/,869.59,True,https://plus.unsplash.com/premium_photo-1661877753653-755a71abd411?w=200,art|photography|nature,coyote|british|columbia|canada,"A coyote in British Columbia, Canada.",Getty Images
CR09N8E74EJH,G00044,Brown And Black Wolf On Snow Covered,https://dy-us-playground.onrender.com/,114.84,False,https://images.unsplash.com/photo-1604608679452-90ccf7c0ea51?w=200,animals|wildlife|canines|wolves|winter,brown|black|wolf|snow|covered|ground,brown and black wolf on snow covered ground,Federico Di Dio photography
DFYEUCJEQX6Q,G00044,Two Gray Wolves,https://dy-us-playground.onrender.com/,1348.84,False,https://images.unsplash.com/photo-1546638285-f17602bf4bdc?w=200,art|photography|nature,two|gray|wolves,two gray wolves,Yannick Menard
NO9HJ1DMB04H,G00044,A Wolf Is Looking Up At The,https://dy-us-playground.onrender.com/,1638.08,False,https://images.unsplash.com/photo-1672274895877-eea78341f262?w=200,animals|wildlife|canines|wolves|nature,wolf|is|looking|up|at|sky,a wolf is looking up at the sky,Ethan Currier
VJ0QUH5T3UE8,G00044,Wolf Standing Near Plants,https://dy-us-playground.onrender.com/,1089.92,True,https://images.unsplash.com/photo-1571080680950-aac48d088bd1?w=200,animals|wildlife|canines|wolves|nature,wolf|standing|near|plants,wolf standing near plants,Hans Veth
3YRUZS6TFYB0,G00001,A Gray And White Dog Walking Across,https://dy-us-playground.onrender.com/,80.0,False,https://plus.unsplash.com/premium_photo-1668208363137-a4b550d42503?w=200,animals|pets|dogs|nature,gray|white|dog|walking|across|field,a gray and white dog walking across a field,Matt Bango
18GTNWB3WAGR,G00103,Black And Brown German Shepherd On Rock,https://dy-us-playground.onrender.com/,161.72,False,https://images.unsplash.com/photo-1614599559644-bfddcd9b8bdf?w=200,art|photography|nature,black|brown|german|shepherd|rock,black and brown german shepherd on rock,Gian Luca Pilia
TRNSNWBGSL2M,G00001,A Lone Dog Standing In The Middle,https://dy-us-playground.onrender.com/,1977.56,False,https://plus.unsplash.com/premium_photo-1686296721125-29896effc8b4?w=200,animals|pets|dogs|forest,lone|dog|standing|middle|forest|at|night,a lone dog standing in the middle of a forest at night,Pramod Tiwari
A7BCSORA6JGC,G00045,Brown And White Wolf Lying On Brown,https://dy-us-playground.onrender.com/,938.23,False,https://images.unsplash.com/photo-1598823440012-db3cfcc98ce9?w=200,animals|wildlife|canines|wolves|nature,brown|white|wolf|lying|wooden|floor,brown and white wolf lying on brown wooden floor,Linda Kazares
DNNM48MWGNER,G00045,Brown Wolf On Green Grass During Daytime,https://dy-us-playground.onrender.com/,496.75,True,https://images.unsplash.com/photo-1579711920315-d707d60ab43d?w=200,animals|wildlife|canines|wolves|nature,brown|wolf|green|grass|during|daytime,brown wolf on green grass during daytime,Lucie Sa_Vi
IB6QKR3PA0JN,G00045,Black Wolf In Tilt Shift Lens,https://dy-us-playground.onrender.com/,277.78,False,https://images.unsplash.com/photo-1612321413777-bc5c5412e600?w=200,animals|wildlife|canines|wolves|nature,black|wolf|tilt|shift|lens,black wolf in tilt shift lens,Cory Thorkelson
Z38WPLDPTCIJ,G00103,A Red Fox In New Jersey,https://dy-us-playground.onrender.com/,1290.77,True,https://plus.unsplash.com/premium_photo-1661963423747-686b37c59aea?w=200,art|photography|nature,red|fox|new|jersey,A red fox in New Jersey,Getty Images
K4U0VKBCJ6GK,G00045,White And Gray Wolf On Forest During,https://dy-us-playground.onrender.com/,1951.71,False,https://images.unsplash.com/photo-1583589261738-c7eac1b20537?w=200,animals|wildlife|canines|wolves|forest,white|gray|wolf|forest|during|daytime,white and gray wolf on forest during daytime,Brianna R.
WB60FHO51P25,G00045,Brown And White Wolf On Gray Rock,https://dy-us-playground.onrender.com/,384.33,False,https://images.unsplash.com/photo-1630480497184-21e62e025070?w=200,animals|wildlife|canines|wolves|nature,brown|white|wolf|gray|rock|during|daytime,brown and white wolf on gray rock during daytime,Marvin Langer
GWIHM1I3HF1P,G00045,Brown And Black Wolf In Tilt Shift,https://dy-us-playground.onrender.com/,257.15,True,https://images.unsplash.com/photo-1617102722177-d9e913bc2c07?w=200,animals|wildlife|canines|wolves|nature,brown|black|wolf|tilt|shift|lens,brown and black wolf in tilt shift lens,Federico Di Dio photography
709WQK7IJRTZ,G00103,A Coyote In Banff Canada,https://dy-us-playground.onrender.com/,872.36,False,https://plus.unsplash.com/premium_photo-1661962283110-0d0092243a0d?w=200,art|photography|nature,coyote|banff|canada,"A coyote in Banff, Canada.",Getty Images
MLY9P0RZMF36,G00103,A Group Of Red Planets Floating In,https://dy-us-playground.onrender.com/,1370.14,True,https://images.unsplash.com/photo-1578615437406-511cafe4a5c7?w=200,art|photography|nature,group|red|planets|floating|sky,a group of red planets floating in the sky,Zoltan Tasi
3DVBWXNFHS8U,G00046,A White Wolf Standing In The Snow,https://dy-us-playground.onrender.com/,190.69,False,https://images.unsplash.com/photo-1646272973225-e1476bfed375?w=200,animals|wildlife|canines|wolves|winter,white|wolf|standing|snow|trees|background,a white wolf standing in the snow with trees in the background,Yomex Owo
9RI0LGSOMI7X,G00046,Two Gray And White Wolf Standing Next,https://dy-us-playground.onrender.com/,586.06,False,https://images.unsplash.com/photo-1689631281578-9c1f734a2b5e?w=200,animals|wildlife|canines|wolves|nature,two|gray|white|wolf|standing|next|to|each,two gray and white wolf standing next to each other,Frida Lannerström
LUW8YRSUNKPM,G00046,Brown And White Wolf In Tilt Shift,https://dy-us-playground.onrender.com/,1717.57,True,https://images.unsplash.com/photo-1607350999849-b36c91e0198b?w=200,animals|wildlife|canines|wolves|nature,brown|white|wolf|tilt|shift|lens,brown and white wolf in tilt shift lens,Milo Weiler
N1M7210IO8WH,G00103,A Coyote In British Columbia Canada,https://dy-us-playground.onrender.com/,789.06,True,https://plus.unsplash.com/premium_photo-1664303942749-dc04816cb882?w=200,art|photography|nature,coyote|british|columbia|canada,"A coyote in British Columbia, Canada.",Getty Images
ZQC6NJEHYG46,G00103,Full Moon Behind A Tree Silhouettes,https://dy-us-playground.onrender.com/,226.51,True,https://images.unsplash.com/photo-1511553677255-ba939e5537e0?w=200,art|photography|nature,full|moon|behind|tree|silhouettes,full moon behind a tree silhouettes,Aron Visuals
AVRELG572W7Z,G00046,A Wolf Walking Through The Woods,https://dy-us-playground.onrender.com/,1721.6,True,https://images.unsplash.com/photo-1664573927713-74677f202d42?w=200,animals|wildlife|canines|wolves|nature,wolf|walking|through|woods,a wolf walking through the woods,Honza Reznik
Z95JNPLYFQKJ,G00270,A Full Moon Rising Over A Mountain,https://dy-us-playground.onrender.com/,236.49,True,https://plus.unsplash.com/premium_photo-1679998446965-d4da9df8e3c8?w=200,art|photography|mountain,full|moon|rising|over|mountain|range,a full moon rising over a mountain range,Pramod Tiwari
864Z3DVAJP17,G00046,Brown Wolf On Brown Tree Branch During,https://dy-us-playground.onrender.com/,394.23,False,https://images.unsplash.com/photo-1583589264978-d440c84bd017?w=200,animals|wildlife|canines|wolves|nature,brown|wolf|tree|branch|during|daytime,brown wolf on brown tree branch during daytime,Brianna R.
PEA6MTLKZBHK,G00046,A Wolf Standing In The Woods,https://dy-us-playground.onrender.com/,1838.38,True,https://images.unsplash.com/photo-1669833603776-c29bfdde216f?w=200,animals|wildlife|canines|wolves|nature,wolf|standing|woods,a wolf standing in the woods,kenny goossen
V4SLWXLO5S34,G00002,A Close Up Of A Dog Laying,https://dy-us-playground.onrender.com/,1125.74,True,https://plus.unsplash.com/premium_photo-1694453109154-3c459850503f?w=200,animals|pets|dogs|nature,close|up|dog|laying|ground,a close up of a dog laying on the ground,Djordje Vukojicic
DYFHBL4J4UUN,G00047,A White Wolf Standing On Top Of,https://dy-us-playground.onrender.com/,1466.18,False,https://images.unsplash.com/photo-1642788847526-a3d5cdbaf404?w=200,animals|wildlife|canines|wolves|nature,white|wolf|standing|top|rock,a white wolf standing on top of a rock,Sascha Bosshard
TJ21NZ5XWCUU,G00104,Silhouette Of Trees Under Moon,https://dy-us-playground.onrender.com/,445.72,True,https://images.unsplash.com/photo-1558089594-3733127b6a0c?w=200,art|photography|nature,silhouette|trees|under|moon,silhouette of trees under moon,Martin Adams
9KIR9XS9U3L8,G00047,A Lone Wolf Walking Across A Snow,https://dy-us-playground.onrender.com/,1001.93,True,https://plus.unsplash.com/premium_photo-1661854861642-ae928220ed1d?w=200,animals|wildlife|canines|wolves|winter,lone|wolf|walking|across|snow|covered|field,a lone wolf walking across a snow covered field,Getty Images
YOGZS0LSHQ87,G00047,A Wolf Standing On A Dirt Road,https://dy-us-playground.onrender.com/,477.54,True,https://images.unsplash.com/photo-1653905238374-80f0a6ebbae3?w=200,animals|wildlife|canines|wolves|nature,wolf|standing|dirt|road|next|to|tree,a wolf standing on a dirt road next to a tree,Wild Spirit
BKNF5HOAS9R8,G00047,Four Wolves On Snow,https://dy-us-playground.onrender.com/,1364.7,True,https://images.unsplash.com/photo-1552249007-01081b14eabd?w=200,art|photography|winter,four|wolves|snow,four wolves on snow,Eva Blue
3HMEHUMU798S,G00002,A Dog Sitting On The Ground With,https://dy-us-playground.onrender.com/,1078.16,True,https://plus.unsplash.com/premium_photo-1666229410352-c4686b71cea2?w=200,animals|pets|dogs|nature,dog|sitting|ground|its|mouth|open,a dog sitting on the ground with its mouth open,Matt Bango
ASQX5ZJD18OB,G00047,A Black And White Wolf Standing In,https://dy-us-playground.onrender.com/,1138.8,True,https://images.unsplash.com/photo-1684003941243-a5a233f47cf4?w=200,animals|wildlife|canines|wolves|nature,black|white|wolf|standing|woods,a black and white wolf standing in the woods,Victor CHABROL
VA5AAUZP27SU,G00047,White And Black Wolf With White Snow,https://dy-us-playground.onrender.com/,469.45,False,https://images.unsplash.com/photo-1609062445355-f1d32cb7dc2e?w=200,animals|wildlife|canines|wolves|winter,white|black|wolf|snow|mouth,white and black wolf with white snow on mouth,Анатолий Чесноков
QH5I0T52EOUZ,G00104,A Close Up Of An Animals Eye,https://dy-us-playground.onrender.com/,1502.19,True,https://images.unsplash.com/photo-1664573934289-afbf8406244f?w=200,art|photography|nature,close|up|animals|eye,a close up of an animals eye,Honza Reznik
8P9INCYHRM2K,G00048,Wolf Hunting In Wild,https://dy-us-playground.onrender.com/,1109.09,False,https://images.unsplash.com/photo-1531350152102-ff3f216ea87a?w=200,animals|wildlife|canines|wolves|nature,wolf|hunting|wild,wolf hunting in wild,Jp Valery
V1T4BA6I0W8P,G00002,A Dog Sitting In A Forest,https://dy-us-playground.onrender.com/,285.31,False,https://images.unsplash.com/photo-1664573932917-035106cc2035?w=200,animals|pets|dogs|forest,dog|sitting|forest,a dog sitting in a forest,Honza Reznik
LX0G75PYTRGE,G00048,Brown And Black Wolf Standing On Brown,https://dy-us-playground.onrender.com/,749.37,False,https://images.unsplash.com/photo-1604521235800-e06712a0dc8d?w=200,animals|wildlife|canines|wolves|nature,brown|black|wolf|standing|soil|during|daytime,brown and black wolf standing on brown soil during daytime,Federico Di Dio photography
5LGFYWMQF37K,G00048,A Wolf Looking At The Camera,https://dy-us-playground.onrender.com/,688.93,True,https://images.unsplash.com/photo-1665238072321-4c0b82eea3ee?w=200,animals|wildlife|canines|wolves|nature,wolf|looking|at|camera,a wolf looking at the camera,Honza Reznik
H5T3OJGRY4B8,G00048,White Wolf On Gray Rock,https://dy-us-playground.onrender.com/,1275.23,False,https://images.unsplash.com/photo-1599148024575-90ed7e29b072?w=200,animals|wildlife|canines|wolves|nature,white|wolf|gray|rock,white wolf on gray rock,amanda panda
5WMXXCXM8UPZ,G00002,Gray Scale Photo Of Three Dogs On,https://dy-us-playground.onrender.com/,1072.27,False,https://images.unsplash.com/photo-1518504361720-82ccdc540022?w=200,animals|pets|dogs|forest,gray|scale|photo|three|dogs|forest,gray scale photo of three dogs on forest,Tom Pottiger
0WG442WRAK2R,G00104,Person Face,https://dy-us-playground.onrender.com/,422.95,True,https://images.unsplash.com/photo-1505274664176-44ccaa7969a8?w=200,art|photography|nature,person|face,person face,Peter Forster
3PUC8Q25NUPU,G00104,A Coyote In Banff Canada,https://dy-us-playground.onrender.com/,295.14,True,https://plus.unsplash.com/premium_photo-1661925288251-76dc394d56ae?w=200,art|photography|nature,coyote|banff|canada,"A coyote in Banff, Canada.",Getty Images
DI29QXWVFF3P,G00048,A Group Of Three Wolfs Walking Across,https://dy-us-playground.onrender.com/,1897.63,False,https://images.unsplash.com/photo-1652896376132-25dfcd1bf8c2?w=200,animals|wildlife|canines|wolves|nature,group|three|wolfs|walking|across|dirt|field,a group of three wolfs walking across a dirt field,Daisy Schopman
7UIM552YLY18,G00048,Wolf Photography,https://dy-us-playground.onrender.com/,804.29,False,https://images.unsplash.com/photo-1561590698-9ca0b382fd77?w=200,animals|wildlife|canines|wolves|nature,wolf|photography,wolf photography,Jannik Selz
EVWEGEO8FNC7,G00049,A Wolf With Its Mouth Open,https://dy-us-playground.onrender.com/,1151.66,True,https://images.unsplash.com/photo-1664573934051-f99d1590a4b9?w=200,animals|wildlife|canines|wolves|nature,wolf|its|mouth|open,a wolf with its mouth open,Honza Reznik
1150ECYDATEB,G00104,A Red Fox In New Jersey,https://dy-us-playground.onrender.com/,434.94,True,https://plus.unsplash.com/premium_photo-1661900444397-beadc46dcdb1?w=200,art|photography|nature,red|fox|new|jersey,A red fox in New Jersey,Getty Images
IM109UBYHMOT,G00049,Black And Brown Wolf On Brown Rock,https://dy-us-playground.onrender.com/,735.91,True,https://images.unsplash.com/photo-1614599560018-1b2da755abd2?w=200,animals|wildlife|canines|wolves|nature,black|brown|wolf|rock|during|daytime,black and brown wolf on brown rock during daytime,Gian Luca Pilia
8P1EP8VWYW44,G00049,A Wolf Lying In The Grass,https://dy-us-playground.onrender.com/,230.33,True,https://images.unsplash.com/photo-1648644828061-dff2d1847fe2?w=200,animals|wildlife|canines|wolves|nature,wolf|lying|grass,a wolf lying in the grass,Mathew Browne
UUWUUM9NSALQ,G00049,Gray Wolf On Fallen Tree During Daytime,https://dy-us-playground.onrender.com/,212.72,True,https://images.unsplash.com/photo-1576518985590-3a581009a607?w=200,animals|wildlife|canines|wolves|nature,gray|wolf|fallen|tree|during|daytime,gray wolf on fallen tree during daytime,Alfred Kenneally
FDEHTI6BQDK0,G00104,A Red Fox In New Jersey,https://dy-us-playground.onrender.com/,15.21,True,https://plus.unsplash.com/premium_photo-1661884424840-729b2a1d55c1?w=200,art|photography|nature,red|fox|new|jersey,A red fox in New Jersey,Getty Images
SJGZGBAGQLVN,G00049,Brown And Black Wolf On Brown Rock,https://dy-us-playground.onrender.com/,821.33,False,https://images.unsplash.com/photo-1579619893791-de58eaef38e5?w=200,animals|wildlife|canines|wolves|nature,brown|black|wolf|rock,brown and black wolf on brown rock,Simone Scholten
AG81BI6XNIKN,G00049,Beautiful Grey Timber Wolf Cnis Lupus Stalking,https://dy-us-playground.onrender.com/,1636.96,True,https://plus.unsplash.com/premium_photo-1661964479726-26cd28db77a8?w=200,animals|wildlife|canines|wolves|forest,beautiful|grey|timber|wolf|cnis|lupus|stalking|eating,Beautiful grey Timber Wolf Cnis Lupus stalking and eating in forest clearing landscape setting,Getty Images
CANUQLTMQYQV,G00002,A Dog Jumping In The Air,https://dy-us-playground.onrender.com/,366.07,False,https://images.unsplash.com/photo-1664573932624-e5d345c816cf?w=200,animals|pets|dogs|nature,dog|jumping|air,a dog jumping in the air,Honza Reznik
X0NDE242EEFK,G00305,A Close Up Of A Cat With,https://dy-us-playground.onrender.com/,357.38,True,https://plus.unsplash.com/premium_photo-1674518553254-a3bd74266510?w=200,animals|pets|cats|nature,close|up|cat|blurry|background,a close up of a cat with a blurry background,Arnaud Mariat
BIEE8X90UZMY,G00050,A Wolf In The Snow,https://dy-us-playground.onrender.com/,1268.64,True,https://images.unsplash.com/photo-1664052466960-0485b6e43358?w=200,animals|wildlife|canines|wolves|winter,wolf|snow,a wolf in the snow,Honza Reznik
GCYJKFWOR0GR,G00050,A Close Up Of A White Wolf,https://dy-us-playground.onrender.com/,1643.15,False,https://images.unsplash.com/photo-1689631281254-6e8bd493a47b?w=200,animals|wildlife|canines|wolves|nature,close|up|white|wolf|orange|eyes,a close up of a white wolf with orange eyes,Frida Lannerström
9RO8RSP1OPIW,G00270,A Forest Filled With Lots Of Trees,https://dy-us-playground.onrender.com/,1812.67,True,https://plus.unsplash.com/premium_photo-1700924891149-4163a6e86d15?w=200,art|photography|forest,forest|filled|lots|trees|under|cloudy|sky,a forest filled with lots of trees under a cloudy sky,Ales Krivec
QSVLFPJ0XCJC,G00050,A Wolf In The Woods,https://dy-us-playground.onrender.com/,1275.44,True,https://images.unsplash.com/photo-1665238077730-ae244064f91d?w=200,animals|wildlife|canines|wolves|nature,wolf|woods,a wolf in the woods,Honza Reznik
WMMPK9HM9DMI,G00050,Maned Wolf Running Across Dry Grassland At,https://dy-us-playground.onrender.com/,1874.76,False,https://plus.unsplash.com/premium_photo-1767654507427-3b745514fd79?w=200,animals|wildlife|canines|wolves|nature,maned|wolf|running|across|dry|grassland|at|sunset,Maned wolf running across dry grassland at sunset,Allec Gomes
B76CRGXTGKRY,G00002,A Dog Walking On Grass,https://dy-us-playground.onrender.com/,1780.76,False,https://images.unsplash.com/photo-1664573928271-5b109b928a71?w=200,animals|pets|dogs|nature,dog|walking|grass,a dog walking on grass,Honza Reznik
NRUTGY4MRVBT,G00105,A Red Fox In New Jersey,https://dy-us-playground.onrender.com/,1690.51,True,https://plus.unsplash.com/premium_photo-1661953109182-e4e2dc66da73?w=200,art|photography|nature,red|fox|new|jersey,A red fox in New Jersey,Getty Images
VNBGWHBSQDO2,G00050,White Wolf On Snow Forest,https://dy-us-playground.onrender.com/,1453.96,False,https://images.unsplash.com/photo-1452019761881-737a0073d2f7?w=200,animals|wildlife|canines|wolves|winter,white|wolf|snow|forest,white wolf on snow forest,Cam Adams
SY8JW6EOLDFB,G00105,A Coyote In Banff Canada,https://dy-us-playground.onrender.com/,455.57,False,https://plus.unsplash.com/premium_photo-1661954689066-3d39e5054084?w=200,art|photography|nature,coyote|banff|canada,"A coyote in Banff, Canada.",Getty Images
S2PWM2NAZX06,G00105,Selective Focus Photography Of Fox,https://dy-us-playground.onrender.com/,882.76,False,https://images.unsplash.com/photo-1530090382228-7195e08d7a75?w=200,art|photography|nature,selective|focus|photography|fox,selective focus photography of fox,Geranimo
FPCJ26JFOT94,G00003,Close Up Photo Of Black Dog Sitting,https://dy-us-playground.onrender.com/,934.42,False,https://images.unsplash.com/photo-1519156072675-3c3d0a76b49e?w=200,animals|pets|dogs|winter,close|up|photo|black|dog|sitting|snow,close up photo of black dog sitting on snow,Florian van Duyn
SJKCMMC9FML6,G00050,White Wolf,https://dy-us-playground.onrender.com/,1127.35,True,https://images.unsplash.com/photo-1578760914846-473492f61204?w=200,animals|wildlife|canines|wolves|nature,white|wolf,white wolf,Joshua Freake
PGRYPVU46VZN,G00051,Brown And Black Wolf On Green Grass,https://dy-us-playground.onrender.com/,834.33,True,https://images.unsplash.com/photo-1607206992926-3909f0ea382e?w=200,animals|wildlife|canines|wolves|nature,brown|black|wolf|green|grass|during|daytime,brown and black wolf on green grass during daytime,Margot Noyelle
EP9270TSET1J,G00003,A Close Up Of A Dog With,https://dy-us-playground.onrender.com/,515.35,True,https://plus.unsplash.com/premium_photo-1667358091118-29e916ddbcc5?w=200,animals|pets|dogs|nature,close|up|dog|blue|eyes,a close up of a dog with blue eyes,Matt Bango
S7FSR77WZUZX,G00051,A Wolf Standing On A Rock,https://dy-us-playground.onrender.com/,1865.14,True,https://images.unsplash.com/photo-1666331539488-5029e6db32d0?w=200,animals|wildlife|canines|wolves|nature,wolf|standing|rock,a wolf standing on a rock,JD-Photos
UOQVF9CEID3E,G00105,A Red Fox In New Jersey,https://dy-us-playground.onrender.com/,1161.34,True,https://plus.unsplash.com/premium_photo-1661963813924-d75bc5202873?w=200,art|photography|nature,red|fox|new|jersey,A red fox in New Jersey,Getty Images
ZWCICN7OQZFP,G00051,A Wolf Standing On A Rock In,https://dy-us-playground.onrender.com/,529.48,False,https://images.unsplash.com/photo-1652896373421-3f0a09a4c8a0?w=200,animals|wildlife|canines|wolves|forest,wolf|standing|rock|forest,a wolf standing on a rock in a forest,Daisy Schopman
Z5J4XUC0IQ0Q,G00003,A Husky Dog Sitting In A Field,https://dy-us-playground.onrender.com/,1109.71,True,https://plus.unsplash.com/premium_photo-1667353452385-91d89f19dfc0?w=200,animals|pets|dogs|nature,husky|dog|sitting|field|dry|grass,a husky dog sitting in a field of dry grass,Matt Bango
UHX4AY66PJUA,G00051,A Wolf Lying On A Log,https://dy-us-playground.onrender.com/,274.01,True,https://images.unsplash.com/photo-1660675733096-cbff4b1e0f10?w=200,animals|wildlife|canines|wolves|nature,wolf|lying|log,a wolf lying on a log,Sibeesh Venu
U90HR10ASTSI,G00003,A Husky Dog Sitting In A Field,https://dy-us-playground.onrender.com/,1899.01,True,https://plus.unsplash.com/premium_photo-1668211358705-b758b5d7f7cf?w=200,animals|pets|dogs|nature,husky|dog|sitting|field|grass,a husky dog sitting in a field of grass,Matt Bango
M3ZBBDA6IOVN,G00051,Brown Wolf On Brown Grass During Daytime,https://dy-us-playground.onrender.com/,1846.56,True,https://images.unsplash.com/photo-1598015772976-5d1e18ff712a?w=200,animals|wildlife|canines|wolves|nature,brown|wolf|grass|during|daytime,brown wolf on brown grass during daytime,Brianna R.
YWMDHVIR07N9,G00051,White Wolf Lying On Brown Grass During,https://dy-us-playground.onrender.com/,1733.45,False,https://images.unsplash.com/photo-1595441016850-c2de2327ab60?w=200,animals|wildlife|canines|wolves|nature,white|wolf|lying|brown|grass|during|daytime,white wolf lying on brown grass during daytime,Valentin Balan
VUUTSZ8DOL9O,G00052,A Wolf Standing On Top Of A,https://dy-us-playground.onrender.com/,304.58,True,https://images.unsplash.com/photo-1723974305657-c191318d8e04?w=200,animals|wildlife|canines|wolves|nature,wolf|standing|top|dirt|field,A wolf standing on top of a dirt field,Larisa Steele
NTFIC3CR8JU7,G00003,Longcoated White Dog,https://dy-us-playground.onrender.com/,595.02,False,https://images.unsplash.com/photo-1518900844933-1ed4df26f7c2?w=200,animals|pets|dogs|nature,long|coated|white|dog,long-coated white dog,David Tostado
Q52F9SYMGUNZ,G00270,Brown Bear Standing On His Hind Legs,https://dy-us-playground.onrender.com/,310.13,False,https://plus.unsplash.com/premium_photo-1664302159029-a13b400e2b3b?w=200,art|photography|winter,brown|bear|standing|his|hind|legs|snow|winter,Brown bear standing on his hind legs on the snow in the winter forest. Snowfall. Scientific name:  Ursus arctos. nature habitat. Winter season.,Getty Images
TC7WHQSZBQG0,G00052,White Wolf Standing Beside Tree,https://dy-us-playground.onrender.com/,894.36,True,https://images.unsplash.com/photo-1538247761938-c636fe26dc74?w=200,animals|wildlife|canines|wolves|nature,white|wolf|standing|beside|tree,white wolf standing beside tree,Will Myers
8V25KO8V7WIK,G00003,Photography Of Dog,https://dy-us-playground.onrender.com/,68.11,False,https://images.unsplash.com/photo-1542304668-b3e83df8444f?w=200,animals|pets|dogs|nature,photography|dog,photography of dog,Marek Szturc
L7U9VK1A7UT3,G00052,A Close Up Of A Wolf,https://dy-us-playground.onrender.com/,498.97,True,https://images.unsplash.com/photo-1664052449671-e1c2056927c5?w=200,animals|wildlife|canines|wolves|nature,close|up|wolf,a close up of a wolf,Honza Reznik
7PBGZTIZMKQG,G00004,A Close Up Of A Dog With,https://dy-us-playground.onrender.com/,361.87,False,https://images.unsplash.com/photo-1735221965111-c76d0567eb23?w=200,animals|pets|dogs|nature,close|up|dog|blurry|background,A close up of a dog with a blurry background,Matthieu Rochette
1HEW9W6TEHS6,G00052,Two Wolfs Standing On A Rock In,https://dy-us-playground.onrender.com/,519.95,True,https://images.unsplash.com/photo-1653906330367-a3ebb2333b7d?w=200,animals|wildlife|canines|wolves|forest,two|wolfs|standing|rock|forest,two wolfs standing on a rock in a forest,Wild Spirit
D57522M23GML,G00052,A Wolf Standing In Front Of Some,https://dy-us-playground.onrender.com/,1173.54,False,https://images.unsplash.com/photo-1638137575718-cb48257374d8?w=200,animals|wildlife|canines|wolves|nature,wolf|standing|front|some|trees,a wolf standing in front of some trees,MARIOLA GROBELSKA
45LEHOHKD7FT,G00052,A Wolf Looking At The Camera With,https://dy-us-playground.onrender.com/,874.55,True,https://images.unsplash.com/photo-1691173735758-3cd6014e9204?w=200,animals|wildlife|canines|wolves|nature,wolf|looking|at|camera|blurry|background,a wolf looking at the camera with a blurry background,Hayo Roskam
3SJI8HBHCE10,G00004,A Black And White Husky Dog With,https://dy-us-playground.onrender.com/,1532.75,True,https://plus.unsplash.com/premium_photo-1667727015783-20107ba071e2?w=200,animals|pets|dogs|nature,black|white|husky|dog|blue|eyes,a black and white husky dog with blue eyes,Kateryna Hliznitsova
D1DNSTOJ9O86,G00053,A Black Wolf With Yellow Eyes,https://dy-us-playground.onrender.com/,1320.78,True,https://images.unsplash.com/photo-1657817142233-8689b78b7f9f?w=200,animals|wildlife|canines|wolves|nature,black|wolf|yellow|eyes,a black wolf with yellow eyes,Madison Oren
RFXH6WJB9RSB,G00004,White Dog Standing On Rock During Daytime,https://dy-us-playground.onrender.com/,793.46,True,https://images.unsplash.com/photo-1555334117-ed7bec876d09?w=200,animals|pets|dogs|nature,white|dog|standing|rock|during|daytime,white dog standing on rock during daytime,Dušan veverkolog
VZ7JC6Y3X9GT,G00105,Brown Coated Fox,https://dy-us-playground.onrender.com/,281.69,True,https://images.unsplash.com/photo-1562067226-8fcc12745d30?w=200,art|photography|nature,brown|coated|fox,brown coated fox,Ramon Vloon
BZKPMZZMX2S0,G00053,A Wolf Standing In The Woods,https://dy-us-playground.onrender.com/,175.79,True,https://images.unsplash.com/photo-1650810672123-0cce09c68631?w=200,animals|wildlife|canines|wolves|nature,wolf|standing|woods,a wolf standing in the woods,Sergey Koop
1P98J76PWDCS,G00053,A Wolf Standing On A Wood Fence,https://dy-us-playground.onrender.com/,917.54,False,https://images.unsplash.com/photo-1657817142367-ad5816f8a836?w=200,animals|wildlife|canines|wolves|nature,wolf|standing|wood|fence,a wolf standing on a wood fence,Madison Oren
AKMB4W10KVHF,G00053,Black Wolf Standing On Snow Covered Ground,https://dy-us-playground.onrender.com/,904.86,True,https://images.unsplash.com/photo-1572454931017-55fb3557a2f7?w=200,animals|wildlife|canines|wolves|winter,black|wolf|standing|snow|covered|ground,black wolf standing on snow covered ground,Patrick Hendry
H9X53UYB5O2E,G00053,A Wolf Standing In Front Of A,https://dy-us-playground.onrender.com/,1720.5,False,https://plus.unsplash.com/premium_photo-1668208368479-7d4205f5f3b0?w=200,animals|wildlife|canines|wolves|nature,wolf|standing|front|bush|blue|flowers,a wolf standing in front of a bush with blue flowers,Matt Bango
R40XU1HVMBRM,G00053,Brown And White Wolf On Green Grass,https://dy-us-playground.onrender.com/,951.99,True,https://images.unsplash.com/photo-1586397148588-02897a52deaa?w=200,animals|wildlife|canines|wolves|nature,brown|white|wolf|green|grass,brown and white wolf on green grass,Chris Henry
6GFWNR2CKF3X,G00004,Dog Standing On Dried Grass,https://dy-us-playground.onrender.com/,709.26,True,https://images.unsplash.com/photo-1515258699125-ad98ae740242?w=200,animals|pets|dogs|nature,dog|standing|dried|grass,dog standing on dried grass,Marek Szturc
5D0Q61JJ2O4Q,G00054,White And Black Wolf On Green Grass,https://dy-us-playground.onrender.com/,827.5,True,https://images.unsplash.com/photo-1631145327443-e57be4c5d065?w=200,animals|wildlife|canines|wolves|nature,white|black|wolf|green|grass|during|daytime,white and black wolf on green grass during daytime,Jessica Mandel
1VH4ND8YBWUU,G00054,A Wolf Walking Across A Snow Covered,https://dy-us-playground.onrender.com/,568.95,False,https://plus.unsplash.com/premium_photo-1664303877925-2a582c551c0f?w=200,animals|wildlife|canines|wolves|winter,wolf|walking|across|snow|covered|ground,a wolf walking across a snow covered ground,Getty Images
86GWABT8EM8M,G00054,Gray Wolf On Snow Covered Ground,https://dy-us-playground.onrender.com/,933.62,True,https://images.unsplash.com/photo-1580150083503-b69bbabc96c3?w=200,animals|wildlife|canines|wolves|winter,gray|wolf|snow|covered|ground,gray wolf on snow covered ground,Jonatan Pie
LMZRMZP7ZXM4,G00004,Brown And Black Dog On Green Grass,https://dy-us-playground.onrender.com/,1712.13,True,https://images.unsplash.com/photo-1571320011347-3726f898a1a1?w=200,animals|pets|dogs|nature,brown|black|dog|green|grass,brown and black dog on green grass,Jessy Hoffmann
TA6ALQYSM6AH,G00054,A Wolf With Orange Eyes,https://dy-us-playground.onrender.com/,1509.42,True,https://images.unsplash.com/photo-1664573933344-c9d209a3c6dd?w=200,animals|wildlife|canines|wolves|nature,wolf|orange|eyes,a wolf with orange eyes,Honza Reznik
28464MJZEOG0,G00054,A Painting Of A Wolf Looking Up,https://dy-us-playground.onrender.com/,1521.42,False,https://images.unsplash.com/photo-1683960224632-4cc553339cc4?w=200,animals|wildlife|canines|wolves|nature,painting|wolf|looking|up|at|moon,a painting of a wolf looking up at the moon,Fuu J
TT2GEBVI55KI,G00004,A Dog Walking Down A Dirt Road,https://dy-us-playground.onrender.com/,1534.25,True,https://images.unsplash.com/photo-1731277406002-d80ddda1ccb4?w=200,animals|pets|dogs|forest,dog|walking|down|dirt|road|next|to|forest,A dog walking down a dirt road next to a forest,Philipp Mika
H3IULN1BR6RZ,G00054,Gray Wolf Lying On Snow,https://dy-us-playground.onrender.com/,1349.12,False,https://images.unsplash.com/photo-1578760914717-4b04250b46f9?w=200,animals|wildlife|canines|wolves|winter,gray|wolf|lying|snow,gray wolf lying on snow,Joshua Freake
U6PNGV91VFBW,G00105,A Close Up Of A Snow Leopards,https://dy-us-playground.onrender.com/,1590.61,True,https://plus.unsplash.com/premium_photo-1728569560885-b7fe796fd517?w=200,art|photography|winter,close|up|snow|leopard|s|face,A close up of a snow leopard's face,Leandra Rieger
R0XIFG1GFIOG,G00055,A Wolf Standing On A Rock In,https://dy-us-playground.onrender.com/,1262.38,False,https://images.unsplash.com/photo-1638885932126-11bfbf6c6fb3?w=200,animals|wildlife|canines|wolves|forest,wolf|standing|rock|forest,a wolf standing on a rock in a forest,Fabrício Severo
BI3TR7ZSAZ86,G00106,A Red Fox In New Jersey,https://dy-us-playground.onrender.com/,214.85,True,https://plus.unsplash.com/premium_photo-1664298390980-db072565cf61?w=200,art|photography|nature,red|fox|new|jersey,A red fox in New Jersey,Getty Images
AN9GSHGQYPZP,G00055,A Wolf Standing On A Log,https://dy-us-playground.onrender.com/,1949.76,False,https://images.unsplash.com/photo-1655808681361-c70e55afcfcd?w=200,animals|wildlife|canines|wolves|nature,wolf|standing|log,a wolf standing on a log,Wild Spirit
UADLCOF1ZT0M,G00005,Adult Longcoated White Dog,https://dy-us-playground.onrender.com/,672.44,True,https://images.unsplash.com/photo-1542579738-91f83d15c919?w=200,animals|pets|dogs|nature,adult|long|coated|white|dog,adult long-coated white dog,joel lethbridge
JIPRCRAB2JW9,G00106,A Close Up Of A Small Animal,https://dy-us-playground.onrender.com/,668.01,False,https://plus.unsplash.com/premium_photo-1661895073748-81425a989755?w=200,art|photography|nature,close|up|small|animal|blurry|background,a close up of a small animal with a blurry background,Getty Images
36O91MR029HI,G00055,Brown And Black Wolf On Snow Covered,https://dy-us-playground.onrender.com/,1860.3,True,https://images.unsplash.com/photo-1600282212253-19e39975e3a8?w=200,animals|wildlife|canines|wolves|winter,brown|black|wolf|snow|covered|ground|during|daytime,brown and black wolf on snow covered ground during daytime,amanda panda
PK6WFUMT7P60,G00106,A Red Fox In New Jersey,https://dy-us-playground.onrender.com/,1336.26,True,https://plus.unsplash.com/premium_photo-1661917206572-231ec7b88185?w=200,art|photography|nature,red|fox|new|jersey,A red fox in New Jersey,Getty Images
LWN9G94BI5OB,G00005,Adultshort Coated White Dog,https://dy-us-playground.onrender.com/,1065.06,True,https://images.unsplash.com/photo-1554678056-26418c4f3344?w=200,animals|pets|dogs|nature,adult|short|coated|white|dog,adult-short coated white dog,Ioann-Mark Kuznietsov
POT6ZT7GCMEZ,G00005,A Dog Laying In A Field Of,https://dy-us-playground.onrender.com/,1802.48,False,https://images.unsplash.com/photo-1648976287098-a3216e46dd07?w=200,animals|pets|dogs|nature,dog|laying|field|grass,a dog laying in a field of grass,Aldo Houtkamp
XXIKOMGATS9M,G00005,A Dog Sitting In A Field Of,https://dy-us-playground.onrender.com/,316.97,False,https://images.unsplash.com/photo-1648976286244-f54843634fda?w=200,animals|pets|dogs|nature,dog|sitting|field|tall|grass,a dog sitting in a field of tall grass,Aldo Houtkamp
MSHH12EFREHF,G00005,A Dog Running On A Road,https://dy-us-playground.onrender.com/,580.67,True,https://images.unsplash.com/photo-1664052394923-669820d4209e?w=200,animals|pets|dogs|nature,dog|running|road,a dog running on a road,Honza Reznik
6JRYW1I0UXXQ,G00055,Beautiful Grey Timber Wolf Cnis Lupus Stalking,https://dy-us-playground.onrender.com/,595.69,True,https://plus.unsplash.com/premium_photo-1661963670413-76c895e59b43?w=200,animals|wildlife|canines|wolves|forest,beautiful|grey|timber|wolf|cnis|lupus|stalking|eating,Beautiful grey Timber Wolf Cnis Lupus stalking and eating in forest clearing landscape setting,Getty Images
S59FIGC353AA,G00005,A Dog Running Through A Forest,https://dy-us-playground.onrender.com/,882.83,True,https://images.unsplash.com/photo-1664573933963-a1157c797f09?w=200,animals|pets|dogs|forest,dog|running|through|forest,a dog running through a forest,Honza Reznik
U4K92X9C4OJT,G00106,A 3D Model Of A Black Panther,https://dy-us-playground.onrender.com/,1028.73,False,https://plus.unsplash.com/premium_photo-1722844223163-4cdae86b2f0e?w=200,art|photography|nature,model|black|panther|background,A 3D model of a black panther on a black background,Valeria Nikitina
FP2J7T4CMS2J,G00055,A White Wolf Lying In The Grass,https://dy-us-playground.onrender.com/,1121.06,True,https://images.unsplash.com/photo-1650810954198-757671d7d079?w=200,animals|wildlife|canines|wolves|nature,white|wolf|lying|grass,a white wolf lying in the grass,Sergey Koop
6BJTMQCT7ZC1,G00055,A White Wolf Lying In The Grass,https://dy-us-playground.onrender.com/,1410.98,True,https://images.unsplash.com/photo-1651080808180-0241f77b9c8e?w=200,animals|wildlife|canines|wolves|nature,white|wolf|lying|grass,a white wolf lying in the grass,LaPuerta Gela
OQCTY455L1ST,G00006,A Gray And White Dog Standing In,https://dy-us-playground.onrender.com/,742.8,True,https://images.unsplash.com/photo-1648979010879-b357cb316595?w=200,animals|pets|dogs|nature,gray|white|dog|standing|field,a gray and white dog standing in a field,Aldo Houtkamp
L61MGAT931TH,G00106,Two Cubs Play With Each Other Next,https://dy-us-playground.onrender.com/,1143.59,True,https://plus.unsplash.com/premium_photo-1661963821789-e1b452c49b9a?w=200,art|photography|nature,two|cubs|play|each|other|next|to|she,Two cubs play with each other next to the she-bear. Summer. Finland.,Getty Images
Z89KB6APFX63,G00056,A Wolf Standing In The Woods,https://dy-us-playground.onrender.com/,848.34,True,https://images.unsplash.com/photo-1664573934546-4d117c2da033?w=200,animals|wildlife|canines|wolves|nature,wolf|standing|woods,a wolf standing in the woods,Honza Reznik
LQT6XEL3YEEZ,G00056,Portrait Of Strong Viking Warrior Sharpening His,https://dy-us-playground.onrender.com/,375.7,False,https://plus.unsplash.com/premium_photo-1661319038047-04719f21803a?w=200,animals|wildlife|canines|wolves|winter,portrait|strong|viking|warrior|sharpening|his|sword|scandinavian,"Portrait of strong viking warrior sharpening his sword, scandinavian viking cosplay, medieval warrior with steel sword sitting on wolf pelt in winter woods, battle preparation concept",Getty Images
QVXOGLXOZ1WA,G00056,A Wolf With Its Eyes Closed,https://dy-us-playground.onrender.com/,894.34,True,https://images.unsplash.com/photo-1664573933923-8accad1a71e5?w=200,animals|wildlife|canines|wolves|nature,wolf|its|eyes|closed,a wolf with its eyes closed,Honza Reznik
UJST878PX7XO,G00006,A Small White And Gray Dog Sitting,https://dy-us-playground.onrender.com/,754.14,False,https://plus.unsplash.com/premium_photo-1668210823970-5e1aa1a8dcc0?w=200,animals|pets|dogs|nature,small|white|gray|dog|sitting|top|dirt|road,a small white and gray dog sitting on top of a dirt road,Matt Bango
0YFLAVGWQYH7,G00006,A Dog Sitting On A Rock,https://dy-us-playground.onrender.com/,81.86,True,https://images.unsplash.com/photo-1664573933754-2577ba130368?w=200,animals|pets|dogs|nature,dog|sitting|rock,a dog sitting on a rock,Honza Reznik
KRVNCT6FGY8D,G00006,A White And Gray Dog Walking Across,https://dy-us-playground.onrender.com/,1341.63,False,https://plus.unsplash.com/premium_photo-1666878410382-fd03daf0d57e?w=200,animals|pets|dogs|nature,white|gray|dog|walking|across|dirt|field,a white and gray dog walking across a dirt field,Matt Bango
6IJQUZNKDF0C,G00056,A Wolf With Its Tongue Out,https://dy-us-playground.onrender.com/,1405.91,True,https://images.unsplash.com/photo-1664573935083-a68ec7fc33f8?w=200,animals|wildlife|canines|wolves|nature,wolf|its|tongue|out,a wolf with its tongue out,Honza Reznik
SSID5DQSDPCU,G00006,A Close Up Of A Dog With,https://dy-us-playground.onrender.com/,1157.43,True,https://plus.unsplash.com/premium_photo-1668208363424-2a6721b22cf8?w=200,animals|pets|dogs|nature,close|up|dog|blue|eyes,a close up of a dog with blue eyes,Matt Bango
JPUPZ9LYZZAI,G00056,A Wolf With A Light On Its,https://dy-us-playground.onrender.com/,921.1,False,https://images.unsplash.com/photo-1664573926930-6c7fa8ae0329?w=200,animals|wildlife|canines|wolves|nature,wolf|light|its|head,a wolf with a light on its head,Honza Reznik
D71D2UKP1UQO,G00056,A Grey Wolf Sitting In The Snow,https://dy-us-playground.onrender.com/,519.26,False,https://plus.unsplash.com/premium_photo-1661895885003-62ae6e4fd216?w=200,animals|wildlife|canines|wolves|winter,grey|wolf|sitting|snow|its|eyes|closed,a grey wolf sitting in the snow with its eyes closed,Getty Images
8CF60XVI5A7J,G00006,A Dog With A Green Object In,https://dy-us-playground.onrender.com/,744.45,False,https://images.unsplash.com/photo-1664573933421-27ce13dc7d8d?w=200,animals|pets|dogs|nature,dog|green|object|its|mouth,a dog with a green object in its mouth,Honza Reznik
NSAFWRKIGOQ2,G00309,A Male Lion In Chobe National Park,https://dy-us-playground.onrender.com/,948.12,False,https://plus.unsplash.com/premium_photo-1661900471228-f99877bcbef9?w=200,animals|wildlife|big-cats|lions|nature,male|lion|chobe|national|park|botswana,"A male lion in Chobe National Park, Botswana.",Getty Images
SBFTGUXQTDWO,G00007,A Dog Sitting In A Field,https://dy-us-playground.onrender.com/,1105.81,False,https://images.unsplash.com/photo-1664573933931-43f89e3e2283?w=200,animals|pets|dogs|nature,dog|sitting|field,a dog sitting in a field,Honza Reznik
G4KOYAEYZTHP,G00106,A Red Fox In New Jersey,https://dy-us-playground.onrender.com/,405.99,False,https://plus.unsplash.com/premium_photo-1661945007453-a18b39c0c325?w=200,art|photography|nature,red|fox|new|jersey,A red fox in New Jersey,Getty Images
E8O5DYTWYEB4,G00007,A Dog Standing On Grass,https://dy-us-playground.onrender.com/,107.35,True,https://images.unsplash.com/photo-1664573934476-67377b0739a1?w=200,animals|pets|dogs|nature,dog|standing|grass,a dog standing on grass,Honza Reznik
R8HWOX5IL970,G00057,A Wolf Laying Down Next To A,https://dy-us-playground.onrender.com/,696.47,False,https://images.unsplash.com/photo-1653249298643-68ea26d45585?w=200,animals|wildlife|canines|wolves|nature,wolf|laying|down|next|to|tree,a wolf laying down next to a tree,Rachel Cain
0VQXBLB1ZTGV,G00057,White Wolf On Green Grass During Daytime,https://dy-us-playground.onrender.com/,1229.63,False,https://images.unsplash.com/photo-1594124564959-9e94ce4e9885?w=200,animals|wildlife|canines|wolves|nature,white|wolf|green|grass|during|daytime,white wolf on green grass during daytime,Arnaud STECKLE
Z2096BUSZP90,G00007,A Dog Standing In A Field Of,https://dy-us-playground.onrender.com/,623.44,False,https://images.unsplash.com/photo-1648976287957-517e4fc6a91c?w=200,animals|pets|dogs|nature,dog|standing|field|tall|grass,a dog standing in a field of tall grass,Aldo Houtkamp
XUQOWBGL617F,G00007,A Dog Sitting In A Field,https://dy-us-playground.onrender.com/,1379.67,True,https://images.unsplash.com/photo-1664573933638-ee392a9e475f?w=200,animals|pets|dogs|nature,dog|sitting|field,a dog sitting in a field,Honza Reznik
BLEFYA065TXC,G00007,A Dog Sitting In A Field,https://dy-us-playground.onrender.com/,155.67,False,https://images.unsplash.com/photo-1664573933679-e7dbfd337d14?w=200,animals|pets|dogs|nature,dog|sitting|field,a dog sitting in a field,Honza Reznik
Y42NG7IKOIVN,G00007,A Dog Standing On A Rocky Surface,https://dy-us-playground.onrender.com/,137.37,True,https://images.unsplash.com/photo-1664573931992-300f10cd7c4a?w=200,animals|pets|dogs|nature,dog|standing|rocky|surface,a dog standing on a rocky surface,Honza Reznik
C5AE93M7G84Q,G00107,A Large Brown Bear Walking Across A,https://dy-us-playground.onrender.com/,1867.02,True,https://plus.unsplash.com/premium_photo-1664302954086-e7d2b69ce7a1?w=200,art|photography|winter,large|brown|bear|walking|across|snow|covered|field,a large brown bear walking across a snow covered field,Getty Images
BVYOC8Z7P78G,G00008,A Couple Of Dogs Standing On A,https://dy-us-playground.onrender.com/,1846.58,True,https://images.unsplash.com/photo-1664052344809-1f6edaee8c0d?w=200,animals|pets|dogs|nature,couple|dogs|standing|dirt|path|trees|background,a couple of dogs standing on a dirt path with trees in the background,Honza Reznik
HFL32684K78Y,G00107,Churchill Manitoba Canada Native Through Polar Basin,https://dy-us-playground.onrender.com/,267.52,True,https://plus.unsplash.com/premium_photo-1664303304520-6e81da731ce9?w=200,art|photography|nature,churchill|manitoba|canada|native|through|polar|basin|parts,"Churchill, Manitoba, Canada. Native through Polar Basin, parts of Canada and Greenland. The polar bear is the only marine bear and  largest of all terrestrial carnivores. They have an extra layer of fat under skin for insulation and are strong swimmers.",Getty Images
0Q308PKFXLB7,G00008,A Couple Of Dogs,https://dy-us-playground.onrender.com/,1338.01,False,https://images.unsplash.com/photo-1664573932365-e5b26958dbe8?w=200,animals|pets|dogs|nature,couple|dogs,a couple of dogs,Honza Reznik
CXYKZXREBIB7,G00057,A Wolf Standing On A Rock,https://dy-us-playground.onrender.com/,591.62,False,https://images.unsplash.com/photo-1664573931589-81b40506fdff?w=200,animals|wildlife|canines|wolves|nature,wolf|standing|rock,a wolf standing on a rock,Honza Reznik
XX1D4YC99QBH,G00057,A Wolf Lying In The Grass,https://dy-us-playground.onrender.com/,1875.5,False,https://images.unsplash.com/photo-1651080808383-f925c46d99f0?w=200,animals|wildlife|canines|wolves|nature,wolf|lying|grass,a wolf lying in the grass,LaPuerta Gela
TCFOUL1I2JPR,G00107,A Couple Of Animals That Are Next,https://dy-us-playground.onrender.com/,952.7,True,https://plus.unsplash.com/premium_photo-1673549599522-12df44624fbc?w=200,art|photography|nature,couple|animals|are|next|to|each|other,a couple of animals that are next to each other,Jonny Gios
C37KCLSICPZR,G00057,A Wolf In A Field,https://dy-us-playground.onrender.com/,1383.7,False,https://images.unsplash.com/photo-1657885562183-927eb4555429?w=200,animals|wildlife|canines|wolves|nature,wolf|field,a wolf in a field,Aldo Houtkamp
2OC3MM8NFGJL,G00008,A Couple Of Dogs Stand Near Each,https://dy-us-playground.onrender.com/,589.91,False,https://images.unsplash.com/photo-1664573932992-aaa6929c2d07?w=200,animals|pets|dogs|nature,couple|dogs|stand|near|each|other,a couple of dogs stand near each other,Honza Reznik
FO4Z0P6IIG30,G00057,A Wolf In A Hole In A,https://dy-us-playground.onrender.com/,813.0,True,https://images.unsplash.com/photo-1664573932884-1464e13c9dd3?w=200,animals|wildlife|canines|wolves|nature,wolf|hole|rock|wall,a wolf in a hole in a rock wall,Honza Reznik
LAA0HWGJBMRF,G00058,A Wolf Lying In The Woods,https://dy-us-playground.onrender.com/,1620.31,False,https://images.unsplash.com/photo-1651080808186-2d395a30a5ce?w=200,animals|wildlife|canines|wolves|nature,wolf|lying|woods,a wolf lying in the woods,LaPuerta Gela
HELOF7TPJVLI,G00058,A Wolf In A Wooded Area,https://dy-us-playground.onrender.com/,1479.07,False,https://images.unsplash.com/photo-1664573932361-b0448c5e530a?w=200,animals|wildlife|canines|wolves|nature,wolf|wooded|area,a wolf in a wooded area,Honza Reznik
MHZX0PW15R5Z,G00058,A Wolf Standing On A Rock In,https://dy-us-playground.onrender.com/,455.9,True,https://plus.unsplash.com/premium_photo-1661892872213-b4691f3276b2?w=200,animals|wildlife|canines|wolves|winter,wolf|standing|rock|snow,a wolf standing on a rock in the snow,Getty Images
MORO6JMDPNL6,G00058,Gray Wolf Photo,https://dy-us-playground.onrender.com/,765.04,True,https://images.unsplash.com/photo-1567100742393-9c389653e3a3?w=200,animals|wildlife|canines|wolves|nature,gray|wolf|photo,gray wolf photo,JJ Shev
AZ3T6OQ86CI0,G00107,Stylish Woman In Linen Dress Holding Lupine,https://dy-us-playground.onrender.com/,1887.08,True,https://plus.unsplash.com/premium_photo-1661661855747-29818fbf6e9b?w=200,art|photography|nature,stylish|woman|linen|dress|holding|lupine|bouquet|background,Stylish woman in linen dress holding lupine bouquet on background of pastel fabric. Simple slow living. Young female in boho rustic dress hiding face with lupine and daisy wildflowers. Aesthetics,Getty Images
XICHXAKH080I,G00008,A Dog Biting Another Dogs Nose,https://dy-us-playground.onrender.com/,663.95,False,https://images.unsplash.com/photo-1664573932097-fe9b5ed5b688?w=200,animals|pets|dogs|nature,dog|biting|another|s|nose,a dog biting another dog's nose,Honza Reznik
B2R0TNEXOBLI,G00008,A Dog Standing On A Road With,https://dy-us-playground.onrender.com/,117.78,False,https://plus.unsplash.com/premium_photo-1667357409966-e1b33a27b8d5?w=200,animals|pets|dogs|nature,dog|standing|road|stick|its|mouth,a dog standing on a road with a stick in its mouth,Matt Bango
MMCET8ZO1I67,G00058,A Wolf In A Stream,https://dy-us-playground.onrender.com/,759.8,True,https://images.unsplash.com/photo-1664573933415-4eda139225c2?w=200,animals|wildlife|canines|wolves|nature,wolf|stream,a wolf in a stream,Honza Reznik
5Q7DGQNVYHCO,G00058,A Close Up Of A Wolf In,https://dy-us-playground.onrender.com/,1910.15,True,https://images.unsplash.com/photo-1636904758260-358db1657eb4?w=200,animals|wildlife|canines|wolves|nature,close|up|wolf|woods,a close up of a wolf in the woods,Hans Veth
YFMKCP5O8BRU,G00059,Two Wolfs In The Woods Playing With,https://dy-us-playground.onrender.com/,189.39,True,https://images.unsplash.com/photo-1648976286461-abc3f5dd0166?w=200,animals|wildlife|canines|wolves|nature,two|wolfs|woods|playing|each|other,two wolfs in the woods playing with each other,Aldo Houtkamp
CXTTMNVOBYX2,G00008,A Dog With A Collar,https://dy-us-playground.onrender.com/,928.85,False,https://images.unsplash.com/photo-1656704968330-b0ae7a0578d3?w=200,animals|pets|dogs|nature,dog|collar,a dog with a collar,Aldo Houtkamp
V7P1A9NZB4H2,G00059,Brown And White Wolf In Close Up,https://dy-us-playground.onrender.com/,1946.26,False,https://images.unsplash.com/photo-1616585349100-4e6d048fe441?w=200,animals|wildlife|canines|wolves|nature,brown|white|wolf|close|up|photography,brown and white wolf in close up photography,Nick Sokolov
BZXECEYNNGBK,G00059,A Wolf Laying In The Grass With,https://dy-us-playground.onrender.com/,1510.02,True,https://images.unsplash.com/photo-1635868208433-c71a7af2b4f5?w=200,animals|wildlife|canines|wolves|nature,wolf|laying|grass|its|eyes|open,a wolf laying in the grass with its eyes open,Vladyslav Melnyk
7DPHLBYJ1DCP,G00009,A Couple Of Dogs Standing On Top,https://dy-us-playground.onrender.com/,1059.12,False,https://images.unsplash.com/photo-1648976287617-dda366ce5435?w=200,animals|pets|dogs|nature,couple|dogs|standing|top|dirt|field,a couple of dogs standing on top of a dirt field,Aldo Houtkamp
2QGATXT8GAE9,G00009,A Dog Licking A Log,https://dy-us-playground.onrender.com/,221.43,True,https://images.unsplash.com/photo-1666379263231-f6b08849d1a9?w=200,animals|pets|dogs|nature,dog|licking|log,a dog licking a log,Aldo Houtkamp
GLU2MW5RIDLL,G00009,A Dog Running Through A Field,https://dy-us-playground.onrender.com/,1741.64,False,https://images.unsplash.com/photo-1664573932875-203edc86d339?w=200,animals|pets|dogs|nature,dog|running|through|field,a dog running through a field,Honza Reznik
E7ARHHOX2Z2X,G00107,A Red Fox In New Jersey,https://dy-us-playground.onrender.com/,415.09,False,https://plus.unsplash.com/premium_photo-1664299185720-8f62265492c6?w=200,art|photography|nature,red|fox|new|jersey,A red fox in New Jersey,Getty Images
YTME36W6H6C5,G00059,A Wolf Lying Down,https://dy-us-playground.onrender.com/,776.95,False,https://images.unsplash.com/photo-1655570924609-4b33a1ed6d6a?w=200,animals|wildlife|canines|wolves|nature,wolf|lying|down,a wolf lying down,Ingo Stiller
X12BU5EVW2OL,G00059,A Wolf Lying Down,https://dy-us-playground.onrender.com/,1334.6,True,https://images.unsplash.com/photo-1657885561320-ddbb3a254772?w=200,animals|wildlife|canines|wolves|nature,wolf|lying|down,a wolf lying down,Aldo Houtkamp
5VO1WJOIF0L1,G00009,A Dog Standing In A Field,https://dy-us-playground.onrender.com/,1509.89,False,https://images.unsplash.com/photo-1664573931555-2e137fa5ed74?w=200,animals|pets|dogs|nature,dog|standing|field,a dog standing in a field,Honza Reznik
4RUDGZOY2S1D,G00059,A Wolf Lying On A Log In,https://dy-us-playground.onrender.com/,106.44,False,https://images.unsplash.com/photo-1660675733113-c2a24a5c85c4?w=200,animals|wildlife|canines|wolves|nature,wolf|lying|log|woods,a wolf lying on a log in the woods,Sibeesh Venu
ST1EYHCOLPZY,G00107,A Dolphin Swimming In The Water,https://dy-us-playground.onrender.com/,612.35,True,https://images.unsplash.com/photo-1664573930776-bc0c8ea945d4?w=200,art|photography|nature,dolphin|swimming|water,a dolphin swimming in the water,Honza Reznik
UD2PJ6EP2AC8,G00009,A Close Up Of A Dog With,https://dy-us-playground.onrender.com/,1558.96,True,https://plus.unsplash.com/premium_photo-1666878155781-f86514e5808b?w=200,animals|pets|dogs|nature,close|up|dog|its|tongue|out,a close up of a dog with its tongue out,Matt Bango
JJAYF9O39EKW,G00009,A Dog With Its Tongue Out Next,https://dy-us-playground.onrender.com/,332.5,False,https://images.unsplash.com/photo-1657058211476-d59856630533?w=200,animals|pets|dogs|nature,dog|its|tongue|out|next|to|person,a dog with its tongue out next to a person,Anne Christner
2C92Y54AHDWH,G00108,A Coyote In Banff Canada,https://dy-us-playground.onrender.com/,859.37,True,https://plus.unsplash.com/premium_photo-1664300045119-5996fa0fea3a?w=200,art|photography|nature,coyote|banff|canada,"A coyote in Banff, Canada.",Getty Images
AXYYBV1F22I6,G00060,A Wolf In The Wild,https://dy-us-playground.onrender.com/,251.65,False,https://images.unsplash.com/photo-1664573931626-b77fb8c0c124?w=200,animals|wildlife|canines|wolves|nature,wolf|wild,a wolf in the wild,Honza Reznik
GX8YLPA29MZ9,G00305,A Cat Walking Through A Snow Covered,https://dy-us-playground.onrender.com/,887.74,True,https://plus.unsplash.com/premium_photo-1671976322696-f7521de69dfc?w=200,animals|pets|cats|winter,cat|walking|through|snow|covered|forest,a cat walking through a snow covered forest,Zdeněk Macháček
EQPGY5ME26BA,G00010,Black And Brown Mediumcoated Dog Standing Outside,https://dy-us-playground.onrender.com/,697.51,True,https://images.unsplash.com/photo-1552468877-8fc4462dadcf?w=200,animals|pets|dogs|nature,black|brown|medium|coated|dog|standing|outside|during,black and brown medium-coated dog standing outside during daytime,Dušan veverkolog
GFV2H5DH8ENJ,G00060,Two Wolves Standing On A Log,https://dy-us-playground.onrender.com/,961.14,True,https://images.unsplash.com/photo-1660675733141-f3dcebc39b17?w=200,art|photography|nature,two|wolves|standing|log,two wolves standing on a log,Sibeesh Venu
HCKXQ5AHDSER,G00108,A Hippo Swimming In Water,https://dy-us-playground.onrender.com/,985.46,True,https://images.unsplash.com/photo-1664573930022-2d0fceeece0c?w=200,art|photography|nature,hippo|swimming|water,a hippo swimming in water,Honza Reznik
CF7525S8NN7R,G00010,A Group Of Dogs Standing Next To,https://dy-us-playground.onrender.com/,1491.31,True,https://images.unsplash.com/photo-1682285126637-784061b9e66f?w=200,animals|pets|dogs|nature,group|dogs|standing|next|to|each|other,a group of dogs standing next to each other,Aldo Houtkamp
RSIIE7EKI68I,G00060,A Gray Wolf Stands In A Green,https://dy-us-playground.onrender.com/,1617.34,False,https://images.unsplash.com/photo-1751462038034-9e4a5ff79b36?w=200,animals|wildlife|canines|wolves|nature,gray|wolf|stands|green|field,A gray wolf stands in a green field.,Tómas Rekstad
YOCQZRHWQBYD,G00108,A Red Fox In New Jersey,https://dy-us-playground.onrender.com/,491.77,False,https://plus.unsplash.com/premium_photo-1664297540943-bfbca1b1042c?w=200,art|photography|nature,red|fox|new|jersey,A red fox in New Jersey,Getty Images
U6WXN3EV77ZV,G00060,A Stuffed Wolf Standing On Top Of,https://dy-us-playground.onrender.com/,1456.1,False,https://images.unsplash.com/photo-1631630032558-cbae7f843bc5?w=200,animals|wildlife|canines|wolves|nature,stuffed|wolf|standing|top|black|base,a stuffed wolf standing on top of a black base,Birmingham Museums Trust
0YM0L7D33MFV,G00010,A Dog That Is Laying Down On,https://dy-us-playground.onrender.com/,393.97,False,https://images.unsplash.com/photo-1641367451720-ca9623f1f66b?w=200,animals|pets|dogs|nature,dog|is|laying|down|bench,a dog that is laying down on a bench,Daniel Azmanov
RI0BB8N6X76L,G00010,A Dog Standing On A Black Object,https://dy-us-playground.onrender.com/,1388.1,True,https://images.unsplash.com/photo-1664193785708-5a1bdf3e54f5?w=200,animals|pets|dogs|nature,dog|standing|black|object,a dog standing on a black object,Honza Reznik
YAWZG5JT1R0S,G00108,The Night Sky With A Full Moon,https://dy-us-playground.onrender.com/,765.97,True,https://plus.unsplash.com/premium_photo-1671230599943-130d993526c6?w=200,art|photography|night,night|sky|full|moon|few|clouds,the night sky with a full moon and a few clouds,Alexander Mils
XCRUDZ66P77X,G00318,A Tiger Walking In A Zoo,https://dy-us-playground.onrender.com/,975.37,False,https://images.unsplash.com/photo-1657205098684-ecee7e004fbf?w=200,animals|wildlife|big-cats|tigers|nature,tiger|walking|zoo,a tiger walking in a zoo,Luis Andrés Villalón Vega
U8YHZWGUL6GD,G00010,A Dog Standing Outside,https://dy-us-playground.onrender.com/,367.47,False,https://images.unsplash.com/photo-1664193785709-e8bbcc76c684?w=200,animals|pets|dogs|nature,dog|standing|outside,a dog standing outside,Honza Reznik
IGC780OTFKJ0,G00060,White Wolf Walking On Dried Leaves,https://dy-us-playground.onrender.com/,277.19,False,https://images.unsplash.com/photo-1607206989677-ce67103ddcb5?w=200,animals|wildlife|canines|wolves|nature,white|wolf|walking|dried|leaves,white wolf walking on dried leaves,Margot Noyelle
D92MOZA59ENI,G00060,A Close Up Of A Wolf With,https://dy-us-playground.onrender.com/,1345.56,False,https://images.unsplash.com/photo-1681259513756-37664859dc36?w=200,animals|wildlife|canines|wolves|nature,close|up|wolf|blurry|background,a close up of a wolf with a blurry background,Pierre Vorpuni
5Y0BXZ602DHD,G00061,A Wolf Standing In A Zoo Exhibit,https://dy-us-playground.onrender.com/,951.63,False,https://images.unsplash.com/photo-1665312686268-417c47714663?w=200,animals|wildlife|canines|wolves|nature,wolf|standing|zoo|exhibit,a wolf standing in a zoo exhibit,Dmitriy Ignatenko
I3RC571ANUA1,G00061,A Gray Wolf Standing In A Forest,https://dy-us-playground.onrender.com/,1688.5,False,https://images.unsplash.com/photo-1653906253442-2b532873eb88?w=200,animals|wildlife|canines|wolves|forest,gray|wolf|standing|forest|looking|at|camera,a gray wolf standing in a forest looking at the camera,Wild Spirit
4OWB9TDN21D3,G00010,A Dog In A Bush,https://dy-us-playground.onrender.com/,743.69,True,https://images.unsplash.com/photo-1664573932152-efac02c2375b?w=200,animals|pets|dogs|nature,dog|bush,a dog in a bush,Honza Reznik
QYB61IQNCBUQ,G00061,A Wolf In A Wooded Area,https://dy-us-playground.onrender.com/,146.55,False,https://images.unsplash.com/photo-1665312686618-009aa1321f39?w=200,animals|wildlife|canines|wolves|nature,wolf|wooded|area,a wolf in a wooded area,Dmitriy Ignatenko
HOM630UEKTVV,G00061,White Wolf On Green Grass During Daytime,https://dy-us-playground.onrender.com/,1956.7,True,https://images.unsplash.com/photo-1612597106689-d8b4b68edf69?w=200,animals|wildlife|canines|wolves|nature,white|wolf|green|grass|during|daytime,white wolf on green grass during daytime,Nick Monge
HU9WN4C3LF9F,G00108,A Coyote In Banff Canada,https://dy-us-playground.onrender.com/,680.73,True,https://plus.unsplash.com/premium_photo-1661963911645-46cf38e90b2d?w=200,art|photography|nature,coyote|banff|canada,"A coyote in Banff, Canada.",Getty Images
J7M6IRVDPI2C,G00061,A Lone Wolf In The Woods Looking,https://dy-us-playground.onrender.com/,1920.01,True,https://images.unsplash.com/photo-1683355931765-6c8e573e69af?w=200,animals|wildlife|canines|wolves|nature,lone|wolf|woods|looking|at|camera,a lone wolf in the woods looking at the camera,Hans Veth
5E6TGVPES4XT,G00011,A Dog Standing In A Fenced Area,https://dy-us-playground.onrender.com/,1363.98,True,https://images.unsplash.com/photo-1670240398536-6e999d18d25c?w=200,animals|pets|dogs|nature,dog|standing|fenced|area,a dog standing in a fenced area,Simoné Stander
ASYU0CWS7787,G00061,Two Grey Wolfs Standing Next To Each,https://dy-us-playground.onrender.com/,1771.82,False,https://images.unsplash.com/photo-1653904653525-d5d48a792879?w=200,animals|wildlife|canines|wolves|nature,two|grey|wolfs|standing|next|to|each|other,two grey wolfs standing next to each other,Wild Spirit
IZKQCYCUB4NH,G00108,A Baby Hyena Is Standing In The,https://dy-us-playground.onrender.com/,427.53,False,https://plus.unsplash.com/premium_photo-1664302830034-f77bc70f4f93?w=200,art|photography|nature,baby|hyena|is|standing|grass,a baby hyena is standing in the grass,Getty Images
G0R2J0IHSXFY,G00109,A Red Fox In New Jersey,https://dy-us-playground.onrender.com/,484.52,True,https://plus.unsplash.com/premium_photo-1661884624877-ab36635bfc11?w=200,art|photography|nature,red|fox|new|jersey,A red fox in New Jersey,Getty Images
T5J5XEN0UQJ3,G00109,A Couple Of Stuffed Animals Sit In,https://dy-us-playground.onrender.com/,579.97,True,https://images.unsplash.com/photo-1654959246328-d523c65d306f?w=200,art|photography|nature,couple|stuffed|animals|sit|yellow|chair,a couple of stuffed animals sit in a yellow chair,aneet singh
DZPJRPJ2YL9N,G00109,A Statue Of A Black Panther With,https://dy-us-playground.onrender.com/,1789.74,False,https://plus.unsplash.com/premium_photo-1723428295309-cd14fa4d2cdc?w=200,art|photography|nature,statue|black|panther|yellow|eyes,A statue of a black panther with yellow eyes,Alex Shuper
1LI06BQPQEPQ,G00062,A White Wolf Walking Through A Snow,https://dy-us-playground.onrender.com/,1991.56,True,https://images.unsplash.com/photo-1704243147808-78cb721d5a53?w=200,animals|wildlife|canines|wolves|winter,white|wolf|walking|through|snow|covered|forest,a white wolf walking through a snow covered forest,Yuhan Du
B81ZVL6LWUB6,G00062,A Wolf Standing In Front Of A,https://dy-us-playground.onrender.com/,745.68,False,https://images.unsplash.com/photo-1666379263114-af16c79ea457?w=200,animals|wildlife|canines|wolves|nature,wolf|standing|front|wood|wall,a wolf standing in front of a wood wall,Aldo Houtkamp
O3S6LQ646Y6J,G00011,A Dog Standing In Front Of A,https://dy-us-playground.onrender.com/,910.4,True,https://images.unsplash.com/photo-1648976286672-59798079d920?w=200,animals|pets|dogs|nature,dog|standing|front|body|water,a dog standing in front of a body of water,Aldo Houtkamp
V13IPCG16HIO,G00062,Two Wolves Pose One Midyawn,https://dy-us-playground.onrender.com/,1297.62,False,https://images.unsplash.com/photo-1751462019658-9dbfcf2ffb2e?w=200,art|photography|nature,two|wolves|pose|one|mid|yawn,"Two wolves pose, one mid-yawn.",Tómas Rekstad
O4M64R43GHIR,G00062,Two Gray Wolfs With Their Mouths Open,https://dy-us-playground.onrender.com/,218.98,False,https://images.unsplash.com/photo-1638137579359-16323b8e7dfc?w=200,animals|wildlife|canines|wolves|nature,two|gray|wolfs|their|mouths|open|showing|teeth,two gray wolfs with their mouths open showing teeth,MARIOLA GROBELSKA
SHBPIMITEC4S,G00109,Beach Shore,https://dy-us-playground.onrender.com/,86.16,True,https://images.unsplash.com/photo-1536625637853-ec02b2b4edbd?w=200,art|photography|nature,beach|shore,beach shore,Kevin Wolf
NU8G6D0STQVV,G00062,A Lone Wolf Standing In The Grass,https://dy-us-playground.onrender.com/,1481.86,True,https://images.unsplash.com/photo-1699504294427-c4c4c8584909?w=200,animals|wildlife|canines|wolves|nature,lone|wolf|standing|grass|next|to|tree,a lone wolf standing in the grass next to a tree,Xie Jian
SVJARJ01ETMQ,G00062,Wolf In Forest,https://dy-us-playground.onrender.com/,1987.55,False,https://images.unsplash.com/photo-1567163056520-d425a97f305e?w=200,animals|wildlife|canines|wolves|forest,wolf|forest,wolf in forest,Sander Mathlener
XZJQZ8IUL86X,G00109,A Close Up Of A Brown Animals,https://dy-us-playground.onrender.com/,1015.8,False,https://plus.unsplash.com/premium_photo-1673549599475-971ba73f12b4?w=200,art|photography|nature,close|up|brown|animal|s|eye,a close up of a brown animal's eye,Jonny Gios
IMW1EAIG095G,G00063,Two Wolves Interacting In A Grassy Enclosure,https://dy-us-playground.onrender.com/,777.84,True,https://images.unsplash.com/photo-1765990228696-397ae35a0fce?w=200,art|photography|nature,two|wolves|interacting|grassy|enclosure,Two wolves interacting in a grassy enclosure,Tómas Rekstad
Z536WOL5SRW0,G00109,A Small Blue Animal Laying On Top,https://dy-us-playground.onrender.com/,425.54,True,https://plus.unsplash.com/premium_photo-1724251334021-1aa52854a019?w=200,art|photography|nature,small|blue|animal|laying|top|bed,A small blue animal laying on top of a bed,Paris Bilal
IRMSNHZKSXIB,G00063,A Wolf Is Looking Up At The,https://dy-us-playground.onrender.com/,246.77,False,https://images.unsplash.com/photo-1645705617819-8fc3942105c2?w=200,animals|wildlife|canines|wolves|nature,wolf|is|looking|up|at|sky,a wolf is looking up at the sky,Michael Büchi
PD16WN2TLQIW,G00063,A Wolf In The Woods,https://dy-us-playground.onrender.com/,1175.58,False,https://images.unsplash.com/photo-1666379263521-7780be55db87?w=200,animals|wildlife|canines|wolves|nature,wolf|woods,a wolf in the woods,Aldo Houtkamp
3TTA4XTOGLX1,G00110,A Coyote Is Looking Intensely Towards Something,https://dy-us-playground.onrender.com/,205.07,True,https://images.unsplash.com/photo-1746216104379-164c8566b318?w=200,art|photography|nature,coyote|is|looking|intensely|towards|something,A coyote is looking intensely towards something.,Saiteja Varma
T8LO1CPK8U2G,G00110,Brown Fox Animal Walking,https://dy-us-playground.onrender.com/,1699.12,True,https://images.unsplash.com/photo-1555267649-44394f64ab7f?w=200,art|photography|nature,brown|fox|animal|walking,brown fox animal walking,Zdeněk Macháček
I19CMR0XSRKN,G00063,A Lone Wolf Standing On A Dirt,https://dy-us-playground.onrender.com/,1510.06,True,https://images.unsplash.com/photo-1653905238569-58276f4eb752?w=200,animals|wildlife|canines|wolves|nature,lone|wolf|standing|dirt|road,a lone wolf standing on a dirt road,Wild Spirit
JLMGM8JGM7U9,G00063,A Group Of Wolfs Standing In A,https://dy-us-playground.onrender.com/,680.18,True,https://images.unsplash.com/photo-1733241984993-f70babdfd663?w=200,animals|wildlife|canines|wolves|nature,group|wolfs|standing|grassy|field,A group of wolfs standing in a grassy field,Brittany Clark
LMDRM18DFGEB,G00011,A Dog And A Cat Laying In,https://dy-us-playground.onrender.com/,348.18,False,https://images.unsplash.com/photo-1648976288045-9565edcf03f4?w=200,animals|pets|dogs|nature,dog|cat|laying|grass,a dog and a cat laying in the grass,Aldo Houtkamp
MTTFNI9TJ004,G00063,Closeup Of A Maned Wolfs Face Against,https://dy-us-playground.onrender.com/,1071.94,False,https://plus.unsplash.com/premium_photo-1767654463025-e52b14f2777e?w=200,animals|wildlife|canines|wolves|nature,close|up|maned|wolf|s|face|against|black,Close-up of a maned wolf's face against black background,Allec Gomes
IKQVGC5Z79PA,G00011,A Close Up Of A Dog With,https://dy-us-playground.onrender.com/,28.0,True,https://images.unsplash.com/photo-1648979015061-1c7123a3c48f?w=200,animals|pets|dogs|nature,close|up|dog|building|background,a close up of a dog with a building in the background,Aldo Houtkamp
TVWHK6IKPNDD,G00064,Brown And Black Wolf In Close Up,https://dy-us-playground.onrender.com/,64.79,True,https://images.unsplash.com/photo-1590420485404-f86d22b8abf8?w=200,animals|wildlife|canines|wolves|nature,brown|black|wolf|close|up|photography,brown and black wolf in close up photography,Chris Ensminger
BEWB9TBRHGGN,G00270,Landscape Photography Of Forest,https://dy-us-playground.onrender.com/,1514.28,False,https://images.unsplash.com/photo-1512618831669-521d4b375f5d?w=200,art|photography|forest,landscape|photography|forest,landscape photography of forest,Neil Rosenstech
G9R9LR0RTUF7,G00064,A Wolf Standing In A Forest Looking,https://dy-us-playground.onrender.com/,1364.29,True,https://plus.unsplash.com/premium_photo-1661890071978-6c80f92c7fdf?w=200,animals|wildlife|canines|wolves|forest,wolf|standing|forest|looking|up|at|sky,a wolf standing in a forest looking up at the sky,Getty Images
YQJ3HKBFWO0E,G00110,White Fox Laying On The Ground,https://dy-us-playground.onrender.com/,1043.79,True,https://images.unsplash.com/photo-1518443855757-dfadac7101ae?w=200,art|photography|nature,white|fox|laying|ground,white fox laying on the ground,Grégoire Bertaud
IVMYD5GEPWUQ,G00064,Other Common Name Timber Wolf Grey Wolves,https://dy-us-playground.onrender.com/,1742.6,False,https://plus.unsplash.com/premium_photo-1664303205985-64a9030aa7d6?w=200,animals|wildlife|canines|wolves|winter,other|common|name|timber|wolf|grey|wolves|are,"Other common name: timber wolf. Grey wolves are pack animals, with parents and cubs forming the basic pack. During the winter months larger packs are formed. Wolves are found in Northern Europe, Asia, and North America.",Getty Images
M53605U4BBQB,G00064,Focus Photography Of Standing Wolf Near Tree,https://dy-us-playground.onrender.com/,260.15,False,https://images.unsplash.com/photo-1425141750113-187b6a13e28c?w=200,animals|wildlife|canines|wolves|nature,focus|photography|standing|wolf|near|tree,focus photography of standing wolf near tree,Josh Felise
RBDSRIUK1JKB,G00064,A Wolf Standing On Top Of A,https://dy-us-playground.onrender.com/,1639.89,True,https://plus.unsplash.com/premium_photo-1661810544376-abb54fdd26fe?w=200,animals|wildlife|canines|wolves|nature,wolf|standing|top|hill|under|full|moon,a wolf standing on top of a hill under a full moon,Getty Images
5YZZNCYDVQA4,G00064,White Wolf Standing Beside Black And Gray,https://dy-us-playground.onrender.com/,1247.29,False,https://images.unsplash.com/photo-1517993037474-692208825419?w=200,animals|wildlife|canines|wolves|nature,white|wolf|standing|beside|black|gray|trees,white wolf standing beside black and gray trees,Philippe Montes
QZPCMOVER41H,G00065,Brown Wolf Standing Boulder During Daytime,https://dy-us-playground.onrender.com/,15.92,True,https://images.unsplash.com/photo-1574007477600-91e318b24ccf?w=200,animals|wildlife|canines|wolves|nature,brown|wolf|standing|boulder|during|daytime,brown wolf standing boulder during daytime,Darren Welsh
12MTT094F4YJ,G00065,Selective Focus Photography Of Gray Wolf,https://dy-us-playground.onrender.com/,711.88,False,https://images.unsplash.com/photo-1510853675132-58241c941e4f?w=200,animals|wildlife|canines|wolves|nature,selective|focus|photography|gray|wolf,selective focus photography of gray wolf,Michael LaRosa
YPNO3UC4OY4D,G00065,A Lone Wolf Walking Through A Forest,https://dy-us-playground.onrender.com/,684.02,True,https://images.unsplash.com/photo-1632578810034-0642549a33a2?w=200,animals|wildlife|canines|wolves|forest,lone|wolf|walking|through|forest|at|night,a lone wolf walking through a forest at night,Julien Riedel
LEYJKM7ZF393,G00065,Brown And White Wolf On Snow Covered,https://dy-us-playground.onrender.com/,1787.82,False,https://images.unsplash.com/photo-1604608678051-64d46d8d0ffe?w=200,animals|wildlife|canines|wolves|winter,brown|white|wolf|snow|covered|ground,brown and white wolf on snow covered ground,Federico Di Dio photography
TIXM30QHOWDH,G00065,A White Wolf Standing On Top Of,https://dy-us-playground.onrender.com/,1014.63,True,https://images.unsplash.com/photo-1641392924934-17fd6c260a24?w=200,animals|wildlife|canines|wolves|nature,white|wolf|standing|top|rock,a white wolf standing on top of a rock,Sascha Bosshard
GKRNV2W0L37J,G00065,A Wolf Laying In The Snow Looking,https://dy-us-playground.onrender.com/,1432.88,True,https://images.unsplash.com/photo-1706133560530-c9e252d3989d?w=200,animals|wildlife|canines|wolves|winter,wolf|laying|snow|looking|at|camera,a wolf laying in the snow looking at the camera,anndre br
UC8KJSWW23RY,G00066,White And Black Wolf On Black And,https://dy-us-playground.onrender.com/,104.83,True,https://images.unsplash.com/photo-1622698639855-fda2a55e0cbe?w=200,animals|wildlife|canines|wolves|nature,white|black|wolf|rock,white and black wolf on black and white rock,Jan Kopřiva
HREE58W26LZX,G00110,Shallow Focus Photography Of White Wold,https://dy-us-playground.onrender.com/,379.25,True,https://images.unsplash.com/photo-1527229126017-21af67bd4b27?w=200,art|photography|nature,shallow|focus|photography|white|wold,shallow focus photography of white wold,Marek Szturc
J2IU1KU2BQ5J,G00011,A Husky Dog Sitting In A Field,https://dy-us-playground.onrender.com/,41.44,True,https://plus.unsplash.com/premium_photo-1668208363137-7ebc4ce6b7b7?w=200,animals|pets|dogs|nature,husky|dog|sitting|field|dry|grass,a husky dog sitting in a field of dry grass,Matt Bango
4DNMVZ0EU0F9,G00110,White And Black Siberian Husky,https://dy-us-playground.onrender.com/,641.62,True,https://images.unsplash.com/photo-1598823439922-ba8764146c80?w=200,art|photography|nature,white|black|siberian|husky,white and black siberian husky,Linda Kazares
V2GEZQOYXBVP,G00011,Three White Dogs Surrounded By Trees,https://dy-us-playground.onrender.com/,31.28,False,https://images.unsplash.com/photo-1573920110893-d313eb7565aa?w=200,animals|pets|dogs|nature,three|white|dogs|surrounded|by|trees,three white dogs surrounded by trees,Thomas Bonometti
CGV8IPKMVQXG,G00066,White Wolf Between Trees,https://dy-us-playground.onrender.com/,128.43,False,https://images.unsplash.com/photo-1572291449561-68d2169ac963?w=200,animals|wildlife|canines|wolves|nature,white|wolf|between|trees,white wolf between trees,Hans Veth
CJAYFKW9TIG2,G00066,Gray And Black Wolf Standing Near Tree,https://dy-us-playground.onrender.com/,1012.6,False,https://images.unsplash.com/photo-1572008125457-15e3be61ce3e?w=200,animals|wildlife|canines|wolves|nature,gray|black|wolf|standing|near|tree|trunk|during,gray and black wolf standing near tree trunk during daytime,Robert Larsson
NAT7C2TGAZ76,G00066,Gray Wolves Near Tree Trunk,https://dy-us-playground.onrender.com/,155.17,False,https://images.unsplash.com/photo-1515253475595-2aa42d668c8c?w=200,art|photography|nature,gray|wolves|near|tree|trunk,gray wolves near tree trunk,M L
GONOEOSAQY9B,G00066,White Wolf,https://dy-us-playground.onrender.com/,1969.13,True,https://images.unsplash.com/photo-1577980888576-4ba53bae1c69?w=200,animals|wildlife|canines|wolves|nature,white|wolf,white wolf,Alexis Antoine
6SD8FRUT4U9Y,G00110,Solar Eclipse,https://dy-us-playground.onrender.com/,126.0,True,https://images.unsplash.com/photo-1509978778156-518eea30166b?w=200,art|photography|nature,solar|eclipse,solar eclipse,Jordon Conner
YMZC2IZILMWE,G00111,A Coyote In British Columbia Canada,https://dy-us-playground.onrender.com/,1551.71,False,https://plus.unsplash.com/premium_photo-1661874079038-a75b2a1754e9?w=200,art|photography|nature,coyote|british|columbia|canada,"A coyote in British Columbia, Canada.",Getty Images
4BJXRJ94ZTIR,G00066,White Wolf Walking On Snow Covered Ground,https://dy-us-playground.onrender.com/,824.75,False,https://images.unsplash.com/photo-1599148090441-3b18f14c0417?w=200,animals|wildlife|canines|wolves|winter,white|wolf|walking|snow|covered|ground|during|daytime,white wolf walking on snow covered ground during daytime,amanda panda
EAP7PSG8SS9S,G00111,Adult Siberian Husky,https://dy-us-playground.onrender.com/,869.35,False,https://images.unsplash.com/photo-1563889362352-b0492c224f62?w=200,art|photography|nature,adult|siberian|husky,adult Siberian husky,Ilya Shishikhin
KIN8SKW5DZ4E,G00012,A Dog Walking On Grass,https://dy-us-playground.onrender.com/,1750.52,False,https://images.unsplash.com/photo-1664573932452-e6307a792b4e?w=200,animals|pets|dogs|nature,dog|walking|grass,a dog walking on grass,Honza Reznik
JJ39YD8Z2C9P,G00067,Brown And White Wolf With Eyes Closed,https://dy-us-playground.onrender.com/,1592.37,True,https://images.unsplash.com/photo-1588448900442-162bebd98756?w=200,animals|wildlife|canines|wolves|nature,brown|white|wolf|eyes|closed,brown and white wolf with eyes closed,Simon Infanger
O7V0WGSIRLGU,G00111,A Red Fox In New Jersey,https://dy-us-playground.onrender.com/,115.88,True,https://plus.unsplash.com/premium_photo-1664297543161-c7b92198b437?w=200,art|photography|nature,red|fox|new|jersey,A red fox in New Jersey,Getty Images
L04898JTMYNH,G00111,Brown Deer Standing On Rock Under Cloudy,https://dy-us-playground.onrender.com/,718.44,False,https://images.unsplash.com/photo-1587389312238-d6321410b353?w=200,art|photography|nature,brown|deer|standing|rock|under|cloudy|sky|during,brown deer standing on rock under cloudy sky during daytime,Patrick Desloge
GFNRMU9L0XIG,G00012,Shallow Focus Photography Of Longcoated White Dog,https://dy-us-playground.onrender.com/,1463.67,True,https://images.unsplash.com/photo-1512544783971-fb9a0691eda5?w=200,animals|pets|dogs|nature,shallow|focus|photography|long|coated|white|dog,shallow focus photography of long-coated white dog,Taylor
3BM3BZTG6ENH,G00111,Grayscale Photo Of Leopard,https://dy-us-playground.onrender.com/,252.77,False,https://images.unsplash.com/photo-1517825738774-7de9363ef735?w=200,art|photography|nature,grayscale|photo|leopard,grayscale photo of leopard,Geranimo
DQLQ3E0F5A02,G00111,A Coyote In British Columbia Canada,https://dy-us-playground.onrender.com/,683.07,False,https://plus.unsplash.com/premium_photo-1661963233537-dfd72365b19d?w=200,art|photography|nature,coyote|british|columbia|canada,"A coyote in British Columbia, Canada.",Getty Images
F5NO7PV9M1IJ,G00067,Two Wolves On Snow,https://dy-us-playground.onrender.com/,879.94,False,https://images.unsplash.com/photo-1551791738-61d1f75d6166?w=200,art|photography|winter,two|wolves|snow,two wolves on snow,Guillaume Archambault
ADTE5G8IE531,G00067,A White Wolf Sitting On A Rock,https://dy-us-playground.onrender.com/,912.95,False,https://images.unsplash.com/photo-1634528235594-d96051e697f2?w=200,animals|wildlife|canines|wolves|forest,white|wolf|sitting|rock|forest,a white wolf sitting on a rock in a forest,Ash Farz
ZMI47NL8NZPN,G00067,Brown And Black Wolf On Snow Covered,https://dy-us-playground.onrender.com/,907.91,False,https://images.unsplash.com/photo-1590352917018-d2e7066526dd?w=200,animals|wildlife|canines|wolves|winter,brown|black|wolf|snow|covered|ground|during|daytime,brown and black wolf on snow covered ground during daytime,Luemen Rutkowski
30G9ZVA1GFY9,G00067,Two Wolves On Snow Field,https://dy-us-playground.onrender.com/,624.77,True,https://images.unsplash.com/photo-1552249007-f19a9139bcde?w=200,art|photography|winter,two|wolves|snow|field,two wolves on snow field,Eva Blue
BUVHJK2EODM2,G00012,A Dog Standing On Top Of A,https://dy-us-playground.onrender.com/,1001.25,False,https://plus.unsplash.com/premium_photo-1671473759260-4585533c4918?w=200,animals|pets|dogs|winter,dog|standing|top|snow|covered|slope,a dog standing on top of a snow covered slope,Ales Krivec
1KAKY4GASUT4,G00112,Animal Eye,https://dy-us-playground.onrender.com/,1774.27,False,https://images.unsplash.com/photo-1564336486322-ba84677b45e5?w=200,art|photography|nature,animal|eye,animal eye,Virginia Johnson
9PQ8RCIZX1F0,G00067,A White Wolf Standing On Top Of,https://dy-us-playground.onrender.com/,125.79,False,https://images.unsplash.com/photo-1646272970902-2c19601dd9d5?w=200,animals|wildlife|canines|wolves|winter,white|wolf|standing|top|snow|covered|ground,a white wolf standing on top of a snow covered ground,Yomex Owo
3Y3RWH4XTXL4,G00068,A Close Up Of A White Wolfs,https://dy-us-playground.onrender.com/,1875.1,True,https://plus.unsplash.com/premium_photo-1673483071083-f1975b9c59a4?w=200,animals|wildlife|canines|wolves|nature,close|up|white|wolf|s|eye,a close up of a white wolf's eye,Valeriia Miller
2H7A785HHK94,G00366,Two Owl Roaring,https://dy-us-playground.onrender.com/,821.6,False,https://images.unsplash.com/photo-1511530155862-18a92c0691d9?w=200,animals|wildlife|birds|nature,two|owl|roaring,two owl roaring,matan elihay
QJ3FX6O4Z2YJ,G00068,Black And Grey Wolf,https://dy-us-playground.onrender.com/,1520.03,False,https://images.unsplash.com/photo-1571869521750-b59ebade457d?w=200,animals|wildlife|canines|wolves|nature,black|grey|wolf,black and grey wolf,Lian Tomtit
QQPESGNTN7W9,G00068,White Wolf On Brown Wooden Log During,https://dy-us-playground.onrender.com/,1719.19,True,https://images.unsplash.com/photo-1603041713187-2edb463f2c0f?w=200,animals|wildlife|canines|wolves|nature,white|wolf|brown|wooden|log|during|daytime,white wolf on brown wooden log during daytime,John Thomas
ZPAGR6QZTO8N,G00112,A Red Fox In New Jersey,https://dy-us-playground.onrender.com/,1344.84,True,https://plus.unsplash.com/premium_photo-1661962322836-b148e8c0564c?w=200,art|photography|nature,red|fox|new|jersey,A red fox in New Jersey,Getty Images
VEJ9TXDD650C,G00012,A White Dog Sitting On A Rock,https://dy-us-playground.onrender.com/,45.05,True,https://images.unsplash.com/photo-1504208434309-cb69f4fe52b0?w=200,animals|pets|dogs|mountain,white|dog|sitting|rock|formation|near|large|mountain,A white dog sitting on a rock formation near a large mountain pond.,Jf Brou
SF02WT6836CM,G00112,Roaring Brown Bear,https://dy-us-playground.onrender.com/,519.66,False,https://images.unsplash.com/photo-1541560584704-f2767960951a?w=200,art|photography|nature,roaring|brown|bear,roaring brown bear,Andre Tan
QNKUNQCUMFLJ,G00112,Moon At Nighttime,https://dy-us-playground.onrender.com/,967.99,False,https://images.unsplash.com/photo-1537633897826-63d7be9136ad?w=200,art|photography|night,moon|at|nighttime,moon at nighttime,Prince Abid
P7T3SL96PY0L,G00068,Brown Wolf On Green Grass During Daytime,https://dy-us-playground.onrender.com/,225.11,True,https://images.unsplash.com/photo-1607206989326-e7048b2a379d?w=200,animals|wildlife|canines|wolves|nature,brown|wolf|green|grass|during|daytime,brown wolf on green grass during daytime,Margot Noyelle
WPHB7NRI4STX,G00112,Adult White And Gray Siberian Husky,https://dy-us-playground.onrender.com/,977.75,True,https://images.unsplash.com/photo-1571085101460-051e238e0b7e?w=200,art|photography|nature,adult|white|gray|siberian|husky,adult white and gray Siberian Husky,Ash
4ZNK1BC6T32W,G00012,A Close Up Of A Husky Dog,https://dy-us-playground.onrender.com/,1392.41,True,https://plus.unsplash.com/premium_photo-1668208366618-cb82e9c7d8d0?w=200,animals|pets|dogs|nature,close|up|husky|dog|blue|eyes,a close up of a husky dog with blue eyes,Matt Bango
YLKQXVM1BUHE,G00068,A Close Up Of A White Wolf,https://dy-us-playground.onrender.com/,1883.99,False,https://images.unsplash.com/photo-1689631281261-9b5db581168e?w=200,animals|wildlife|canines|wolves|nature,close|up|white|wolf|orange|eyes,a close up of a white wolf with orange eyes,Frida Lannerström
RVC8FN0DSHXA,G00068,A Wolf With A Collar,https://dy-us-playground.onrender.com/,997.55,False,https://images.unsplash.com/photo-1664573932165-fa526f6bb12e?w=200,animals|wildlife|canines|wolves|nature,wolf|collar,a wolf with a collar,Honza Reznik
QL6XMOOHXOTZ,G00012,Black Short Coat Medium Dog On Snow,https://dy-us-playground.onrender.com/,1260.25,True,https://images.unsplash.com/photo-1582691390502-d8eb27237b99?w=200,animals|pets|dogs|winter,black|short|coat|medium|dog|snow|covered|ground,black short coat medium dog on snow covered ground during daytime,99.films
CGEIVF5DZPXH,G00069,White Wolf Lying On Ground,https://dy-us-playground.onrender.com/,782.11,False,https://images.unsplash.com/photo-1607346444518-2abde24da0a0?w=200,animals|wildlife|canines|wolves|nature,white|wolf|lying|ground,white wolf lying on ground,Dušan veverkolog
GEUL99SHO7YS,G00069,White Wolf Walking On Forest During Daytime,https://dy-us-playground.onrender.com/,35.79,False,https://images.unsplash.com/photo-1590741276397-5cb81c3bf8de?w=200,animals|wildlife|canines|wolves|forest,white|wolf|walking|forest|during|daytime,white wolf walking on forest during daytime,Hans Veth
ULNHBIQV9B8V,G00112,A Coyote In Banff Canada,https://dy-us-playground.onrender.com/,994.14,True,https://plus.unsplash.com/premium_photo-1661920514140-2ed875c2612e?w=200,art|photography|nature,coyote|banff|canada,"A coyote in Banff, Canada.",Getty Images
2TZ94IRVAEUO,G00013,Black Long Coated Dog With Black Background,https://dy-us-playground.onrender.com/,216.1,True,https://images.unsplash.com/photo-1622507141724-8ead15590e3e?w=200,animals|pets|dogs|nature,black|long|coated|dog|background,black long coated dog with black background,Daniel Lincoln
EFHI5FNR8U5O,G00113,A Red Fox In New Jersey,https://dy-us-playground.onrender.com/,1033.18,False,https://plus.unsplash.com/premium_photo-1661962833975-28ab31929148?w=200,art|photography|nature,red|fox|new|jersey,A red fox in New Jersey,Getty Images
574BHXCO9UPM,G00013,A Dog Walking On Grass,https://dy-us-playground.onrender.com/,900.58,True,https://images.unsplash.com/photo-1664573929210-d8f6f8c40582?w=200,animals|pets|dogs|nature,dog|walking|grass,a dog walking on grass,Honza Reznik
NCGRANBG14MO,G00113,A Coyote In British Columbia Canada,https://dy-us-playground.onrender.com/,1196.81,True,https://plus.unsplash.com/premium_photo-1661963230622-bdeb49c7eace?w=200,art|photography|nature,coyote|british|columbia|canada,"A coyote in British Columbia, Canada.",Getty Images
I685D3DBPKCZ,G00069,A Wolf Laying On The Ground In,https://dy-us-playground.onrender.com/,1481.98,True,https://images.unsplash.com/photo-1671481374454-7d26c48f0d46?w=200,animals|wildlife|canines|wolves|nature,wolf|laying|ground|woods,a wolf laying on the ground in the woods,German Krupenin
7FEMJFCY6X4L,G00113,A Horse Standing In The Middle Of,https://dy-us-playground.onrender.com/,8.83,True,https://plus.unsplash.com/premium_photo-1668454128731-cfa6ed5ad168?w=200,art|photography|nature,horse|standing|middle|field|under|full|moon,a horse standing in the middle of a field under a full moon,Pramod Tiwari
QI4YPQCXB63S,G00069,White Wolf On Snow Covered Ground During,https://dy-us-playground.onrender.com/,482.22,True,https://images.unsplash.com/photo-1624449423341-8f348ff0e30f?w=200,animals|wildlife|canines|wolves|winter,white|wolf|snow|covered|ground|during|daytime,white wolf on snow covered ground during daytime,Roman Purtov
1PRGF36QT8EU,G00113,A Red Fox In New Jersey,https://dy-us-playground.onrender.com/,1792.17,True,https://plus.unsplash.com/premium_photo-1661917220389-6605aa71efd9?w=200,art|photography|nature,red|fox|new|jersey,A red fox in New Jersey,Getty Images
NFDG9R6OPUL9,G00305,Orange Cat On Brown Rock During Daytime,https://dy-us-playground.onrender.com/,1193.69,False,https://images.unsplash.com/photo-1619017236031-6f55d516f49a?w=200,animals|pets|cats|nature,orange|cat|brown|rock|during|daytime,orange cat on brown rock during daytime,Federico Di Dio photography
WXEB05H7HP6J,G00069,A Wolf Looking At The Camera,https://dy-us-playground.onrender.com/,1910.56,True,https://images.unsplash.com/photo-1664115531203-dc20ba42fdc3?w=200,animals|wildlife|canines|wolves|nature,wolf|looking|at|camera,a wolf looking at the camera,kenny goossen
GFK3RLU6W0D8,G00069,Grey Wolf On Snow Field,https://dy-us-playground.onrender.com/,1405.25,False,https://images.unsplash.com/photo-1496888057897-8a25eef593f6?w=200,animals|wildlife|canines|wolves|winter,grey|wolf|snow|field,grey wolf on snow field,Robson Hatsukami Morgan
LI1BPTKIHU6G,G00013,A Couple Of White Dogs Sitting On,https://dy-us-playground.onrender.com/,1279.8,True,https://images.unsplash.com/photo-1706530664711-ad4704cd27f1?w=200,animals|pets|dogs|winter,couple|white|dogs|sitting|top|snow|covered|ground,a couple of white dogs sitting on top of a snow covered ground,Barcs Tamás
V4ABXM5LIRAU,G00070,A Lone Wolf Standing In A Grassy,https://dy-us-playground.onrender.com/,342.57,False,https://plus.unsplash.com/premium_photo-1666364900374-782fc66c0f05?w=200,animals|wildlife|canines|wolves|nature,lone|wolf|standing|grassy|field,a lone wolf standing in a grassy field,Matt Bango
63L9P0USO0GW,G00113,Brown Fox On Green Grass During Daytime,https://dy-us-playground.onrender.com/,301.44,False,https://images.unsplash.com/photo-1602483914471-907994df5618?w=200,art|photography|nature,brown|fox|green|grass|during|daytime,brown fox on green grass during daytime,Daniil Silantev
P92GBN1XWI24,G00070,A Close Up Of A Wolf With,https://dy-us-playground.onrender.com/,510.43,False,https://images.unsplash.com/photo-1672274896062-7f6762c631bd?w=200,animals|wildlife|canines|wolves|nature,close|up|wolf|blurry|background,a close up of a wolf with a blurry background,Ethan Currier
XCHF8PZSMIZJ,G00113,A Red Fox In New Jersey,https://dy-us-playground.onrender.com/,638.72,False,https://plus.unsplash.com/premium_photo-1661962809021-5b818d1f0f74?w=200,art|photography|nature,red|fox|new|jersey,A red fox in New Jersey,Getty Images
B2RZ2WQF7ET2,G00070,A Wolf Looking At The Camera,https://dy-us-playground.onrender.com/,1709.67,False,https://images.unsplash.com/photo-1658779922306-0e15065b6061?w=200,animals|wildlife|canines|wolves|nature,wolf|looking|at|camera,a wolf looking at the camera,Taylor Wright
K9NCDWII15NC,G00070,Brown And Black Wolf On Forest During,https://dy-us-playground.onrender.com/,406.97,True,https://images.unsplash.com/photo-1621081856236-a24ec246818c?w=200,animals|wildlife|canines|wolves|forest,brown|black|wolf|forest|during|daytime,brown and black wolf on forest during daytime,Mario Losereit
JC6CKCL1MW9F,G00070,A Wolf Standing In The Snow,https://dy-us-playground.onrender.com/,158.06,True,https://images.unsplash.com/photo-1665238055532-65c94f1c805a?w=200,animals|wildlife|canines|wolves|winter,wolf|standing|snow,a wolf standing in the snow,Honza Reznik
WQKUAOSQJMAW,G00070,A Wolf With Yellow Eyes Sitting In,https://dy-us-playground.onrender.com/,928.85,True,https://images.unsplash.com/photo-1740146277206-d6aab8e0fcce?w=200,animals|wildlife|canines|wolves|nature,wolf|yellow|eyes|sitting|hay,A wolf with yellow eyes sitting in hay,Andres Aleman
ELCORUPX59N7,G00013,A Dog In The Snow,https://dy-us-playground.onrender.com/,86.3,False,https://images.unsplash.com/photo-1665238074200-8a66cbafeb65?w=200,animals|pets|dogs|winter,dog|snow,a dog in the snow,Honza Reznik
8Q2ULRJTB8BP,G00013,Brown Dog,https://dy-us-playground.onrender.com/,1864.91,False,https://images.unsplash.com/photo-1548246749-90723bda1261?w=200,animals|pets|dogs|nature,brown|dog,brown dog,Влада Петрова
1AZR38C83LH1,G00071,White And Black Wolf On Snow Covered,https://dy-us-playground.onrender.com/,409.61,True,https://images.unsplash.com/photo-1607350998307-464d0b082a0b?w=200,animals|wildlife|canines|wolves|winter,white|black|wolf|snow|covered|ground,white and black wolf on snow covered ground,Milo Weiler
IPWW3WG2YBFD,G00114,Closeup Photography Of Siberian Husky,https://dy-us-playground.onrender.com/,1389.8,False,https://images.unsplash.com/photo-1513046613396-007b3e44e2e3?w=200,art|photography|nature,close|up|photography|siberian|husky,close-up photography of Siberian husky,Madison Oren
OIONK5G230VN,G00114,A Coyote In Banff Canada,https://dy-us-playground.onrender.com/,1395.45,True,https://plus.unsplash.com/premium_photo-1661962448189-0207f6ec525c?w=200,art|photography|nature,coyote|banff|canada,"A coyote in Banff, Canada.",Getty Images
R14VGMBO0IOZ,G00071,Brown Wolf Walking On Green Grass During,https://dy-us-playground.onrender.com/,1766.83,True,https://images.unsplash.com/photo-1621081731692-a31dedeeeef4?w=200,animals|wildlife|canines|wolves|nature,brown|wolf|walking|green|grass|during|daytime,brown wolf walking on green grass during daytime,Mario Losereit
N9T4WIEFMWHF,G00114,Brown Fox On Green Grass During Daytime,https://dy-us-playground.onrender.com/,1206.22,False,https://images.unsplash.com/photo-1621383569754-5a8744581af3?w=200,art|photography|nature,brown|fox|green|grass|during|daytime,brown fox on green grass during daytime,Jeremy Hynes
LWG0EIEGVV3Q,G00071,A Wolf Is Laying Down In The,https://dy-us-playground.onrender.com/,1061.34,False,https://images.unsplash.com/photo-1699627692699-c92f31156bdc?w=200,animals|wildlife|canines|wolves|winter,wolf|is|laying|down|snow,a wolf is laying down in the snow,CHIA-HAO HSU
DBOZUBIBV0JD,G00071,Brown And Black Wolf On Green Grass,https://dy-us-playground.onrender.com/,1824.15,False,https://images.unsplash.com/photo-1607170357361-aff3a3d73f2c?w=200,animals|wildlife|canines|wolves|nature,brown|black|wolf|green|grass|during|daytime,brown and black wolf on green grass during daytime,Mario Losereit
WP1YZCP0AXXO,G00071,Two Wolfs Standing On A Rock In,https://dy-us-playground.onrender.com/,1729.92,False,https://images.unsplash.com/photo-1638885932318-6df04cfdf129?w=200,animals|wildlife|canines|wolves|nature,two|wolfs|standing|rock|woods,two wolfs standing on a rock in the woods,Fabrício Severo
2UNTP833SIP8,G00071,A Majestic White Wolf Stands In The,https://dy-us-playground.onrender.com/,731.05,True,https://images.unsplash.com/photo-1742736074880-46f8dae5572c?w=200,animals|wildlife|canines|wolves|forest,majestic|white|wolf|stands|forest,A majestic white wolf stands in the forest.,Sergey Koop
TY51YB59P47Y,G00072,Gray And Brown Wolf,https://dy-us-playground.onrender.com/,1027.81,True,https://images.unsplash.com/photo-1578768932149-6409d4ca3aea?w=200,animals|wildlife|canines|wolves|nature,gray|brown|wolf,gray and brown wolf,Robert Thiemann
HBYSMRM9C8A1,G00072,Brown And White Wolf On Green Grass,https://dy-us-playground.onrender.com/,658.24,False,https://images.unsplash.com/photo-1630479408181-7fd3d573235b?w=200,animals|wildlife|canines|wolves|nature,brown|white|wolf|green|grass|during|daytime,brown and white wolf on green grass during daytime,Marvin Langer
QZE0H2C8TDPF,G00072,A Wolf Laying In The Snow In,https://dy-us-playground.onrender.com/,930.12,False,https://images.unsplash.com/photo-1692708146923-b4cd50f1a8b6?w=200,animals|wildlife|canines|wolves|winter,wolf|laying|snow|front|tree,a wolf laying in the snow in front of a tree,CHIA-HAO HSU
VMQPC6P4L9M8,G00072,A Wolf Running In The Snow With,https://dy-us-playground.onrender.com/,151.49,True,https://plus.unsplash.com/premium_photo-1661888706346-d664475ba970?w=200,animals|wildlife|canines|wolves|winter,wolf|running|snow|its|mouth|open,a wolf running in the snow with its mouth open,Getty Images
SDM6RWRQUBD4,G00072,A Wolf With Its Mouth Open,https://dy-us-playground.onrender.com/,801.91,False,https://images.unsplash.com/photo-1664573933600-f29994fab7df?w=200,animals|wildlife|canines|wolves|nature,wolf|its|mouth|open,a wolf with its mouth open,Honza Reznik
RAJPCJBDCJLU,G00114,Shortcoated Gray Puppy Lying On Brown Surface,https://dy-us-playground.onrender.com/,239.45,False,https://images.unsplash.com/photo-1544795189-d929fbe4fa2f?w=200,art|photography|nature,short|coated|gray|puppy|lying|brown|surface,short-coated gray puppy lying on brown surface,Annie Spratt
BE1ZNIQCLL8E,G00013,Brown And White Dog In Closeup Photography,https://dy-us-playground.onrender.com/,776.6,False,https://images.unsplash.com/photo-1563889958751-bac9d543bdbf?w=200,animals|pets|dogs|nature,brown|white|dog|close|up|photography,brown and white dog in close-up photography,Ilya Shishikhin
0VG570JONPZ0,G00072,A Wolf Standing In A Field Of,https://dy-us-playground.onrender.com/,1169.46,False,https://images.unsplash.com/photo-1688224621612-27b83de9b493?w=200,animals|wildlife|canines|wolves|nature,wolf|standing|field|tall|grass,a wolf standing in a field of tall grass,Ronan Hello
IAZ9NYZG2O6O,G00014,Black Short Coat Medium Dog On Snow,https://dy-us-playground.onrender.com/,1838.34,False,https://images.unsplash.com/photo-1582691450530-6b3c555a0805?w=200,animals|pets|dogs|winter,black|short|coat|medium|dog|snow|covered|ground,black short coat medium dog on snow covered ground during daytime,99.films
L9P5T2QSPHV6,G00014,A Dog Holding A Cat In Its,https://dy-us-playground.onrender.com/,1734.59,False,https://images.unsplash.com/photo-1665238065114-374e3d31a8bd?w=200,animals|pets|dogs|winter,dog|holding|cat|its|mouth|snow,a dog holding a cat in its mouth in the snow,Honza Reznik
AY66Y7GLO2LB,G00073,A Wolf In The Woods,https://dy-us-playground.onrender.com/,1029.51,True,https://images.unsplash.com/photo-1664573933588-589118034ca2?w=200,animals|wildlife|canines|wolves|nature,wolf|woods,a wolf in the woods,Honza Reznik
HCVAA30NQT2N,G00014,Two White Dogs Lying On Soil,https://dy-us-playground.onrender.com/,222.48,True,https://images.unsplash.com/photo-1558369359-32c0fb3c83cc?w=200,animals|pets|dogs|nature,two|white|dogs|lying|soil,two white dogs lying on soil,Dušan veverkolog
KIERG7EAMSZ7,G00014,A Close Up Of A White Dogs,https://dy-us-playground.onrender.com/,877.43,True,https://plus.unsplash.com/premium_photo-1673483071010-2f0cb1bd4472?w=200,animals|pets|dogs|nature,close|up|white|dog|s|eye,a close up of a white dog's eye,Valeriia Miller
0QNWPW0TU02J,G00114,Man Holding Flashlight Standing On Rock,https://dy-us-playground.onrender.com/,45.25,True,https://images.unsplash.com/photo-1495344517868-8ebaf0a2044a?w=200,art|photography|nature,man|holding|flashlight|standing|rock,man holding flashlight standing on rock,Warren
OIYQPVO8WSJ6,G00073,White Wolf On Snow Covered Ground During,https://dy-us-playground.onrender.com/,323.47,False,https://images.unsplash.com/photo-1624450138053-ae223f275308?w=200,animals|wildlife|canines|wolves|winter,white|wolf|snow|covered|ground|during|daytime,white wolf on snow covered ground during daytime,Roman Purtov
W2JD2A58KIYB,G00073,A Wolf In The Woods,https://dy-us-playground.onrender.com/,560.21,False,https://images.unsplash.com/photo-1664115530316-533d64cd8b70?w=200,animals|wildlife|canines|wolves|nature,wolf|woods,a wolf in the woods,kenny goossen
MGMBF3B6B6DC,G00114,A Red Fox In New Jersey,https://dy-us-playground.onrender.com/,897.21,True,https://plus.unsplash.com/premium_photo-1664297545390-6a49b9d64a5f?w=200,art|photography|nature,red|fox|new|jersey,A red fox in New Jersey,Getty Images
785LFM2DZG4S,G00073,A Wolf Standing Next To A Tree,https://dy-us-playground.onrender.com/,544.89,True,https://images.unsplash.com/photo-1671391446959-a3fb68b8c2f1?w=200,animals|wildlife|canines|wolves|forest,wolf|standing|next|to|tree|forest,a wolf standing next to a tree in a forest,Daisy Schopman
0W48LQX4ARSA,G00115,A Red Fox In New Jersey,https://dy-us-playground.onrender.com/,1484.66,False,https://plus.unsplash.com/premium_photo-1664298393156-0613cb005d43?w=200,art|photography|nature,red|fox|new|jersey,A red fox in New Jersey,Getty Images
DW5KDFEKPGBE,G00073,A Close Up Of A Wolfs Face,https://dy-us-playground.onrender.com/,1783.44,False,https://images.unsplash.com/photo-1647519843973-8b816c710c61?w=200,animals|wildlife|canines|wolves|nature,close|up|wolf|s|face|blurry|background,a close up of a wolf's face with a blurry background,Katie Currier
GZ9KAA563ANO,G00115,A Red Fox In New Jersey,https://dy-us-playground.onrender.com/,729.6,False,https://plus.unsplash.com/premium_photo-1661963123064-70140161908f?w=200,art|photography|nature,red|fox|new|jersey,A red fox in New Jersey,Getty Images
09HT2G4BADWV,G00073,A Wolf Standing In The Woods,https://dy-us-playground.onrender.com/,1500.03,True,https://images.unsplash.com/photo-1655808675991-4c5e4af0f759?w=200,animals|wildlife|canines|wolves|nature,wolf|standing|woods,a wolf standing in the woods,Wild Spirit
DSJTSJ5U7PV0,G00014,A Close Up Of A Dog In,https://dy-us-playground.onrender.com/,967.63,False,https://images.unsplash.com/photo-1673615759377-d06654cb6b67?w=200,animals|pets|dogs|nature,close|up|dog|body|water,a close up of a dog in a body of water,Barcs Tamás
RU4ZZ91JVYT9,G00074,A Wolf Standing On A Rock In,https://dy-us-playground.onrender.com/,124.36,True,https://images.unsplash.com/photo-1638885932274-a47b639d71db?w=200,animals|wildlife|canines|wolves|forest,wolf|standing|rock|forest,a wolf standing on a rock in a forest,Fabrício Severo
U10JSESAQD4V,G00074,A White Wolf Walking Across A Rocky,https://dy-us-playground.onrender.com/,1517.73,True,https://plus.unsplash.com/premium_photo-1724619718095-60f10e1f7d32?w=200,animals|wildlife|canines|wolves|nature,white|wolf|walking|across|rocky|hillside,A white wolf walking across a rocky hillside,Alex Shuper
9HUH0HELI5VY,G00014,A Black And White Dog In The,https://dy-us-playground.onrender.com/,277.68,True,https://images.unsplash.com/photo-1656439136090-af4284b94d15?w=200,animals|pets|dogs|winter,black|white|dog|snow,a black and white dog in the snow,Till Daling
A2X9Q6PO6K0C,G00015,A Close Up Of A Dog With,https://dy-us-playground.onrender.com/,531.32,True,https://plus.unsplash.com/premium_photo-1668208366520-034a3152d2c3?w=200,animals|pets|dogs|nature,close|up|dog|blurry|background,a close up of a dog with a blurry background,Matt Bango
ZXQ2V33Q6Q0G,G00074,A Wolf In The Snow,https://dy-us-playground.onrender.com/,1203.04,True,https://images.unsplash.com/photo-1657817142181-49eb41baaacc?w=200,animals|wildlife|canines|wolves|winter,wolf|snow,a wolf in the snow,Madison Oren
PWE9JH3DTIPY,G00305,A Cat Walking Through A Snow Covered,https://dy-us-playground.onrender.com/,275.87,True,https://plus.unsplash.com/premium_photo-1724517493365-cd62d16e2eda?w=200,animals|pets|cats|winter,cat|walking|through|snow|covered|forest,A cat walking through a snow covered forest,Zdeněk Macháček
LIUUXUD763XF,G00015,A Dog Standing On Rocks,https://dy-us-playground.onrender.com/,82.06,True,https://images.unsplash.com/photo-1664573934289-096ce12a2854?w=200,animals|pets|dogs|nature,dog|standing|rocks,a dog standing on rocks,Honza Reznik
034CY299E23F,G00270,Forest Photography,https://dy-us-playground.onrender.com/,1498.5,True,https://images.unsplash.com/photo-1496526311033-8a80ae14a1f9?w=200,art|photography|forest,forest|photography,forest photography,Johannes Plenio
4DZOU0CK2PAM,G00074,Two Brown Wolves,https://dy-us-playground.onrender.com/,1802.5,False,https://images.unsplash.com/photo-1567163056522-a05057f4d719?w=200,art|photography|nature,two|brown|wolves,two brown wolves,Sander Mathlener
6JEX8AXEV4EO,G00115,A Couple Of Brown Bears With Their,https://dy-us-playground.onrender.com/,72.97,True,https://images.unsplash.com/photo-1655808682647-fa08d82c2d97?w=200,art|photography|nature,couple|brown|bears|their|mouths|open,a couple of brown bears with their mouths open,Wild Spirit
871E81KA552J,G00015,A White Dog Walking Through A Snow,https://dy-us-playground.onrender.com/,171.07,True,https://plus.unsplash.com/premium_photo-1666278379630-25e65f883172?w=200,animals|pets|dogs|winter,white|dog|walking|through|snow|covered|forest,a white dog walking through a snow covered forest,Alesia Kazantceva
3WVXVU89HFEG,G00115,A Man With A Beard And A,https://dy-us-playground.onrender.com/,1571.3,False,https://images.unsplash.com/photo-1634839678877-d39a0343a681?w=200,art|photography|nature,man|beard|hoodie,a man with a beard and a hoodie,shahin khalaji
B3S4DSI6IKME,G00074,White Wolf Running Near Green Plants And,https://dy-us-playground.onrender.com/,1054.51,False,https://images.unsplash.com/photo-1540852933724-e4c286cc113e?w=200,animals|wildlife|canines|wolves|nature,white|wolf|running|near|green|plants|trees,white wolf running near green plants and trees,Tadeusz Lakota
VG7EVQZ52IA7,G00015,A Husky Dog Sitting In Front Of,https://dy-us-playground.onrender.com/,887.64,False,https://plus.unsplash.com/premium_photo-1668208368562-b5df724b3c8b?w=200,animals|pets|dogs|nature,husky|dog|sitting|front|some|flowers,a husky dog sitting in front of some flowers,Matt Bango
M0YDVZ3ZZHKA,G00015,A Close Up Of A Dog,https://dy-us-playground.onrender.com/,1856.45,False,https://images.unsplash.com/photo-1655808675990-81a72dc97a6c?w=200,animals|pets|dogs|nature,close|up|dog,a close up of a dog,Wild Spirit
FTSQ15DDT0PC,G00015,A Dog Running Down A Dirt Road,https://dy-us-playground.onrender.com/,1238.52,True,https://plus.unsplash.com/premium_photo-1694453108318-2403e058e014?w=200,animals|pets|dogs|nature,dog|running|down|dirt|road|woods,a dog running down a dirt road in the woods,Djordje Vukojicic
KXV8HLWKI8M3,G00016,A Dog Walking On Grass,https://dy-us-playground.onrender.com/,703.59,True,https://images.unsplash.com/photo-1664573930258-a19aeade61c9?w=200,animals|pets|dogs|nature,dog|walking|grass,a dog walking on grass,Honza Reznik
QDD6EGEDRBQW,G00016,A Dog Sitting On A Brick Walkway,https://dy-us-playground.onrender.com/,1231.16,True,https://images.unsplash.com/photo-1664573931868-ed340a80b1cf?w=200,animals|pets|dogs|nature,dog|sitting|brick|walkway,a dog sitting on a brick walkway,Honza Reznik
3WO1KLPAD155,G00074,A Couple Of Wolves,https://dy-us-playground.onrender.com/,1457.69,True,https://images.unsplash.com/photo-1664052344809-ec06c71cb16b?w=200,art|photography|nature,couple|wolves,a couple of wolves,Honza Reznik
W20TXSJI1I82,G00075,A Close Up Of A Wolf With,https://dy-us-playground.onrender.com/,688.48,True,https://images.unsplash.com/photo-1644942889032-7c903dcbd6d0?w=200,animals|wildlife|canines|wolves|nature,close|up|wolf|blurry|background,a close up of a wolf with a blurry background,Daniel Dvorský
X9HYJGK5XM0Z,G00016,A Dog Sitting In The Sand Near,https://dy-us-playground.onrender.com/,1639.44,False,https://images.unsplash.com/photo-1648976287347-d86c9e90e591?w=200,animals|pets|dogs|nature,dog|sitting|sand|near|tree,a dog sitting in the sand near a tree,Aldo Houtkamp
PVDUWCCNUPEU,G00075,White Wolf Near Trees,https://dy-us-playground.onrender.com/,1043.97,False,https://images.unsplash.com/photo-1570950702215-0ae72e009025?w=200,animals|wildlife|canines|wolves|nature,white|wolf|near|trees,white wolf near trees,kristen munk
33HJRRJCGO6Z,G00075,A White Wolf Standing On Top Of,https://dy-us-playground.onrender.com/,1972.86,True,https://images.unsplash.com/photo-1646995607783-07f691fc3c04?w=200,animals|wildlife|canines|wolves|nature,white|wolf|standing|top|dirt|field,a white wolf standing on top of a dirt field,Elisa REYNE
7NAOB7ZO4OIU,G00075,A Wolf Standing On Top Of A,https://dy-us-playground.onrender.com/,1485.75,False,https://images.unsplash.com/photo-1648976287153-b30d94bb6a90?w=200,animals|wildlife|canines|wolves|nature,wolf|standing|top|lush|green|field|next|to,a wolf standing on top of a lush green field next to a lake,Aldo Houtkamp
0ZLD1AM8HM2L,G00075,A Wolf Walks In A Snowy Winter,https://dy-us-playground.onrender.com/,1885.13,False,https://plus.unsplash.com/premium_photo-1747902167847-d5f47f9fb376?w=200,animals|wildlife|canines|wolves|winter,wolf|walks|snowy|winter|landscape,"A wolf walks in a snowy, winter landscape.",Paris Bilal
ETKQ4297KXM6,G00016,A Dog Standing On A Rock,https://dy-us-playground.onrender.com/,457.61,False,https://images.unsplash.com/photo-1667470269855-4bf9b170879c?w=200,animals|pets|dogs|nature,dog|standing|rock,a dog standing on a rock,Aldo Houtkamp
Q77EUW82RZJD,G00115,Portrait Of An Adorable Rottweiler Puppy Looking,https://dy-us-playground.onrender.com/,1902.73,False,https://plus.unsplash.com/premium_photo-1664299515462-0b750e642e7d?w=200,art|photography|nature,portrait|adorable|rottweiler|puppy|looking|up|curiously|isolated,Portrait of an adorable Rottweiler puppy looking up curiously - isolated on black background.,Getty Images
SI4N6XERCIWJ,G00016,A Dog With A Stick In Its,https://dy-us-playground.onrender.com/,1155.44,True,https://images.unsplash.com/photo-1664573932533-0b30a0881b4e?w=200,animals|pets|dogs|nature,dog|stick|its|mouth,a dog with a stick in its mouth,Honza Reznik
MKUVU8Y6FQHW,G00075,White And Gray Wolf Lying On Ground,https://dy-us-playground.onrender.com/,1056.05,True,https://images.unsplash.com/photo-1623538401408-db398980f684?w=200,animals|wildlife|canines|wolves|nature,white|gray|wolf|lying|ground,white and gray wolf lying on ground,Timothy Brown
K7H990H53XEZ,G00016,A Dog Standing In A Wooded Area,https://dy-us-playground.onrender.com/,830.56,False,https://images.unsplash.com/photo-1664573935302-e1e30b5b8eb5?w=200,animals|pets|dogs|nature,dog|standing|wooded|area,a dog standing in a wooded area,Honza Reznik
9V2YZBZPLTHF,G00115,White Fox On Green Grass,https://dy-us-playground.onrender.com/,887.75,True,https://images.unsplash.com/photo-1537161774967-6ffacf76acab?w=200,art|photography|nature,white|fox|green|grass,white fox on green grass,Anukrati Omar
T6G5JW6SGVM7,G00076,A Wolf Is Walking Through The Woods,https://dy-us-playground.onrender.com/,1410.81,True,https://images.unsplash.com/photo-1648979010587-66b7fe8f94eb?w=200,animals|wildlife|canines|wolves|nature,wolf|is|walking|through|woods|stick|its|mouth,a wolf is walking through the woods with a stick in its mouth,Aldo Houtkamp
8P52PJDJ1Z7C,G00116,A Red Fox In New Jersey,https://dy-us-playground.onrender.com/,692.97,False,https://plus.unsplash.com/premium_photo-1661903424988-a18c14cb18cb?w=200,art|photography|nature,red|fox|new|jersey,A red fox in New Jersey,Getty Images
67UD6322R5JW,G00076,A Wolf Laying In The Middle Of,https://dy-us-playground.onrender.com/,1457.16,True,https://images.unsplash.com/photo-1631694564957-c930998d973f?w=200,animals|wildlife|canines|wolves|forest,wolf|laying|middle|forest,a wolf laying in the middle of a forest,Jennifer Ermler
8FIHWMDT3WEL,G00076,A Wolf In A Field,https://dy-us-playground.onrender.com/,1949.59,False,https://images.unsplash.com/photo-1664573934545-e5b0628a702b?w=200,animals|wildlife|canines|wolves|nature,wolf|field,a wolf in a field,Honza Reznik
39IRH2OAX8JN,G00076,A Wolf Sitting On A Log,https://dy-us-playground.onrender.com/,241.86,False,https://images.unsplash.com/photo-1656704967519-49713e4ff1f1?w=200,animals|wildlife|canines|wolves|nature,wolf|sitting|log,a wolf sitting on a log,Aldo Houtkamp
OGT7CKYXJ8Q6,G00076,A Wolf Lying In The Grass,https://dy-us-playground.onrender.com/,17.8,False,https://images.unsplash.com/photo-1664573932973-51c79c91e6dd?w=200,animals|wildlife|canines|wolves|nature,wolf|lying|grass,a wolf lying in the grass,Honza Reznik
VAS288YGHNCK,G00076,A Wolf Walking On A Path,https://dy-us-playground.onrender.com/,154.54,False,https://images.unsplash.com/photo-1664573933964-98eb4d2f0b87?w=200,animals|wildlife|canines|wolves|nature,wolf|walking|path,a wolf walking on a path,Honza Reznik
5K6CJUHE2XOZ,G00017,A Dog Lying In The Grass,https://dy-us-playground.onrender.com/,814.77,True,https://images.unsplash.com/photo-1664052520335-093bc462309c?w=200,animals|pets|dogs|nature,dog|lying|grass,a dog lying in the grass,Honza Reznik
L2K1A3SO2O9S,G00077,A White Wolf Walking Through A Lush,https://dy-us-playground.onrender.com/,1260.11,False,https://images.unsplash.com/photo-1724099320948-241051104c6e?w=200,animals|wildlife|canines|wolves|forest,white|wolf|walking|through|lush|green|forest,A white wolf walking through a lush green forest,JD-Photos
VYNIUFEECV5U,G00017,A Dog Standing On A Road,https://dy-us-playground.onrender.com/,1582.57,False,https://images.unsplash.com/photo-1664052381761-8d0b3cee9e1e?w=200,animals|pets|dogs|nature,dog|standing|road,a dog standing on a road,Honza Reznik
30LFIDME5R9E,G00017,A Dog Standing In A Field,https://dy-us-playground.onrender.com/,30.31,False,https://images.unsplash.com/photo-1664573936538-00b3622abbd3?w=200,animals|pets|dogs|nature,dog|standing|field,a dog standing in a field,Honza Reznik
IKRDSIPMXP0A,G00077,A White Wolf Stares Intensely At The,https://dy-us-playground.onrender.com/,1645.84,True,https://images.unsplash.com/photo-1751462001128-a84613dacff1?w=200,animals|wildlife|canines|wolves|nature,white|wolf|stares|intensely|at|viewer,A white wolf stares intensely at the viewer.,Tómas Rekstad
M8U968YBYWX6,G00017,A Dog Standing Next To A Tree,https://dy-us-playground.onrender.com/,434.2,True,https://images.unsplash.com/photo-1648979010866-429c5690c280?w=200,animals|pets|dogs|forest,dog|standing|next|to|tree|forest,a dog standing next to a tree in a forest,Aldo Houtkamp
TDO1DENJME3F,G00017,A Dog Lying In The Grass,https://dy-us-playground.onrender.com/,167.72,True,https://images.unsplash.com/photo-1664573933957-365178813db0?w=200,animals|pets|dogs|nature,dog|lying|grass,a dog lying in the grass,Honza Reznik
5D8P9Y3IMZOU,G00017,A Dog With Its Mouth Open,https://dy-us-playground.onrender.com/,978.28,True,https://images.unsplash.com/photo-1664573934090-a03561a0dae8?w=200,animals|pets|dogs|nature,dog|its|mouth|open,a dog with its mouth open,Honza Reznik
RQY6UOOK8SLM,G00018,A Dog Sitting In The Woods,https://dy-us-playground.onrender.com/,16.0,False,https://images.unsplash.com/photo-1664573934812-3a56b897a3a7?w=200,animals|pets|dogs|nature,dog|sitting|woods,a dog sitting in the woods,Honza Reznik
IDMEOB649KMH,G00077,Selective Focus Photography Of Brown Wolf,https://dy-us-playground.onrender.com/,43.21,False,https://images.unsplash.com/photo-1542430134-78b46c598793?w=200,animals|wildlife|canines|wolves|nature,selective|focus|photography|brown|wolf,selective focus photography of brown wolf,Ben Hershey
OH4TQLAR9R7Q,G00116,A Red Fox In New Jersey,https://dy-us-playground.onrender.com/,1698.76,True,https://plus.unsplash.com/premium_photo-1661944260326-a600295e2ab9?w=200,art|photography|nature,red|fox|new|jersey,A red fox in New Jersey,Getty Images
BUYV7PJKEJ1U,G00018,A Close Up Of A Dog With,https://dy-us-playground.onrender.com/,1640.63,False,https://images.unsplash.com/photo-1648979010585-77d800cf02cf?w=200,animals|pets|dogs|nature,close|up|dog|trees|background,a close up of a dog with trees in the background,Aldo Houtkamp
SRR2KS8JFZR1,G00116,A Red Fox In New Jersey,https://dy-us-playground.onrender.com/,187.73,False,https://plus.unsplash.com/premium_photo-1664299180176-197d578e38c5?w=200,art|photography|nature,red|fox|new|jersey,A red fox in New Jersey,Getty Images
RUU0YW3VQ512,G00077,White Wolf,https://dy-us-playground.onrender.com/,1056.81,False,https://images.unsplash.com/photo-1571869525508-d74606ac0d64?w=200,animals|wildlife|canines|wolves|nature,white|wolf,white wolf,Lian Tomtit
JDSB1I7PSLI9,G00116,A Red Fox In New Jersey,https://dy-us-playground.onrender.com/,1616.03,False,https://plus.unsplash.com/premium_photo-1661898199640-fdfa94f5591c?w=200,art|photography|nature,red|fox|new|jersey,A red fox in New Jersey,Getty Images
W30I6ON64OXT,G00018,Adult White Dog,https://dy-us-playground.onrender.com/,184.62,False,https://images.unsplash.com/photo-1574568521725-3050627bb298?w=200,animals|pets|dogs|nature,adult|white|dog,adult white dog,Patrick William
4DD99GFXLY11,G00077,A Wolf Licking A Rock,https://dy-us-playground.onrender.com/,453.79,False,https://images.unsplash.com/photo-1664052345044-d825208a3ce4?w=200,animals|wildlife|canines|wolves|nature,wolf|licking|rock,a wolf licking a rock,Honza Reznik
ZYG4T426ZHY1,G00305,A Cat Sitting In A Forest,https://dy-us-playground.onrender.com/,347.88,False,https://images.unsplash.com/photo-1664573934542-e6cea0d572e1?w=200,animals|pets|cats|forest,cat|sitting|forest,a cat sitting in a forest,Honza Reznik
ZSG2QPHKITWP,G00077,Macro Photography Of Gray Wolf On Gray,https://dy-us-playground.onrender.com/,1134.83,False,https://images.unsplash.com/photo-1554578452-2dda21e5d482?w=200,animals|wildlife|canines|wolves|nature,macro|photography|gray|wolf|surface,macro photography of gray wolf on gray surface,Waldemar Brandt
HTC4TOV4S2ZA,G00018,Two Dogs Standing On A Road,https://dy-us-playground.onrender.com/,1466.32,False,https://images.unsplash.com/photo-1664052344805-f41faaf8e983?w=200,animals|pets|dogs|nature,two|dogs|standing|road,two dogs standing on a road,Honza Reznik
4MK9EPNJU3JL,G00018,A Small Black And White Dog With,https://dy-us-playground.onrender.com/,140.93,False,https://plus.unsplash.com/premium_photo-1702555825751-9c92b2d10bcf?w=200,animals|pets|dogs|nature,small|black|white|dog|blue|eyes,a small black and white dog with blue eyes,Sandra Seitamaa
I7NPMKKPXU42,G00018,A Couple Of White Dogs Laying On,https://dy-us-playground.onrender.com/,1625.61,False,https://images.unsplash.com/photo-1690780506363-aa79f110ffe9?w=200,animals|pets|dogs|nature,couple|white|dogs|laying|top|dirt|field,a couple of white dogs laying on top of a dirt field,Alex Devera
ZKAVBN1R089M,G00019,A Dog In The Woods,https://dy-us-playground.onrender.com/,1446.84,True,https://images.unsplash.com/photo-1664052537897-df5ad41adc85?w=200,animals|pets|dogs|nature,dog|woods,a dog in the woods,Honza Reznik
VN7DL7EHKEYW,G00019,A Dog Standing On Grass,https://dy-us-playground.onrender.com/,1708.54,False,https://images.unsplash.com/photo-1664573933199-c5644784572e?w=200,animals|pets|dogs|nature,dog|standing|grass,a dog standing on grass,Honza Reznik
7J0ET9EVFQOG,G00116,A Red Fox In New Jersey,https://dy-us-playground.onrender.com/,1797.35,True,https://plus.unsplash.com/premium_photo-1661962831250-8e1f0495b3ef?w=200,art|photography|nature,red|fox|new|jersey,A red fox in New Jersey,Getty Images
3VU6B3CGX1N5,G00116,A Red Fox In New Jersey,https://dy-us-playground.onrender.com/,316.43,True,https://plus.unsplash.com/premium_photo-1664299499486-0855b1d9e22d?w=200,art|photography|nature,red|fox|new|jersey,A red fox in New Jersey,Getty Images
UAEBP2POIIAN,G00019,A Dog Standing In A Forest,https://dy-us-playground.onrender.com/,1373.4,False,https://images.unsplash.com/photo-1664573933706-8b00d2c0b120?w=200,animals|pets|dogs|forest,dog|standing|forest,a dog standing in a forest,Honza Reznik
O6ADA1YGU2Z9,G00270,A Reindeer Walking Through The Snow In,https://dy-us-playground.onrender.com/,816.94,False,https://plus.unsplash.com/premium_photo-1668877838838-2082ebbf2995?w=200,art|photography|winter,reindeer|walking|through|snow|forest,a reindeer walking through the snow in a forest,Unsplash+ Community
1INDV8LJCZIZ,G00019,A Group Of Dogs Standing In The,https://dy-us-playground.onrender.com/,794.19,True,https://images.unsplash.com/photo-1682285127135-33490f9b6cc4?w=200,animals|pets|dogs|nature,group|dogs|standing|woods,a group of dogs standing in the woods,Aldo Houtkamp
JBX4M2JZS0GW,G00019,Selective Focus Photography Of Gray Dog,https://dy-us-playground.onrender.com/,22.99,False,https://images.unsplash.com/photo-1542765570-2d49240a9a92?w=200,animals|pets|dogs|nature,selective|focus|photography|gray|dog,selective focus photography of gray dog,David Tostado
265WAP1R9KK8,G00078,A Wolf With Its Tongue Out,https://dy-us-playground.onrender.com/,393.77,False,https://images.unsplash.com/photo-1664573932381-a128263db07b?w=200,animals|wildlife|canines|wolves|nature,wolf|its|tongue|out,a wolf with its tongue out,Honza Reznik
PRD5X7K8KPK3,G00019,A Dog Lying On A Rock,https://dy-us-playground.onrender.com/,614.85,False,https://images.unsplash.com/photo-1664573934972-371861a3de1d?w=200,animals|pets|dogs|nature,dog|lying|rock,a dog lying on a rock,Honza Reznik
S3VLLXXVD1GP,G00020,A Group Of Dogs In A Wooded,https://dy-us-playground.onrender.com/,994.42,False,https://images.unsplash.com/photo-1666328171580-4423b899c260?w=200,animals|pets|dogs|nature,group|dogs|wooded|area,a group of dogs in a wooded area,JD-Photos
NTKRIAVX9UAH,G00020,A Dog Sitting In The Grass,https://dy-us-playground.onrender.com/,1312.16,False,https://images.unsplash.com/photo-1664573932881-085f7162c819?w=200,animals|pets|dogs|nature,dog|sitting|grass,a dog sitting in the grass,Honza Reznik
NE4JYF6X7WGQ,G00020,Brown And Black Short Coated Dog,https://dy-us-playground.onrender.com/,522.33,True,https://images.unsplash.com/photo-1615401752211-0e9fafa3b0ae?w=200,animals|pets|dogs|nature,brown|black|short|coated|dog,brown and black short coated dog,Valerio Emiliani
A02DME3SHP9P,G00117,A Close Up Of A Purple Flower,https://dy-us-playground.onrender.com/,406.15,True,https://plus.unsplash.com/premium_photo-1673120765126-066ad8fedc9d?w=200,art|photography|nature,close|up|purple|flower|blurry|background,a close up of a purple flower with blurry background,Jason Hawke 🇨🇦
LBRMS770HKX5,G00020,A Dog Looking At The Camera,https://dy-us-playground.onrender.com/,1284.08,True,https://images.unsplash.com/photo-1666379263375-5e04052c38b6?w=200,animals|pets|dogs|nature,dog|looking|at|camera,a dog looking at the camera,Aldo Houtkamp
0I0OPL9H8NJF,G00117,A Close Up Of A Red Fox,https://dy-us-playground.onrender.com/,955.67,True,https://plus.unsplash.com/premium_photo-1719850361796-43743b8c6ece?w=200,art|photography|nature,close|up|red|fox|blurry|background,A close up of a red fox with a blurry background,Dejan Zakic
C7RLRM4JZMN6,G00078,A Wolf Standing In The Woods,https://dy-us-playground.onrender.com/,680.84,True,https://images.unsplash.com/photo-1664185201324-6babae4c9382?w=200,animals|wildlife|canines|wolves|nature,wolf|standing|woods,a wolf standing in the woods,Sergey Koop
M54HRV9HOURG,G00117,A Full Moon Seen Through The Branches,https://dy-us-playground.onrender.com/,1778.78,True,https://plus.unsplash.com/premium_photo-1675778444548-783c76f43364?w=200,art|photography|nature,full|moon|seen|through|branches|tree,a full moon seen through the branches of a tree,Jason Hawke 🇨🇦
NMOU7ESECJM0,G00078,Brown And Black Wolf On Brown Tree,https://dy-us-playground.onrender.com/,1775.55,True,https://images.unsplash.com/photo-1631145327463-661cc503e1a8?w=200,animals|wildlife|canines|wolves|nature,brown|black|wolf|tree|branch,brown and black wolf on brown tree branch,Jessica Mandel
ZYKMDREWCDPZ,G00117,A Hand Pets A Beautiful Husky In,https://dy-us-playground.onrender.com/,840.03,False,https://plus.unsplash.com/premium_photo-1742893873335-9fbae238e9ce?w=200,art|photography|winter,hand|pets|beautiful|husky|snow,A hand pets a beautiful husky in the snow.,Ahmed
ZW2GO8SGW3GM,G00020,Brown And White Short Coated Dog On,https://dy-us-playground.onrender.com/,24.97,True,https://images.unsplash.com/photo-1630480081854-98dfe26c7c66?w=200,animals|pets|dogs|nature,brown|white|short|coated|dog|green|grass|field,brown and white short coated dog on green grass field during daytime,Marvin Langer
GMZ5ONWMINU3,G00078,White Wolf On Snow Covered Ground During,https://dy-us-playground.onrender.com/,1855.64,False,https://images.unsplash.com/photo-1619237550139-3bc2b02399ba?w=200,animals|wildlife|canines|wolves|winter,white|wolf|snow|covered|ground|during|daytime,white wolf on snow covered ground during daytime,Mohamed Elsayed
INQD3BGH3ZMW,G00020,A Dog On A Rock,https://dy-us-playground.onrender.com/,182.17,False,https://images.unsplash.com/photo-1664573931840-2bb86d705a93?w=200,animals|pets|dogs|nature,dog|rock,a dog on a rock,Honza Reznik
H6SSGOEBDRXH,G00366,A Black Bird Sitting On Top Of,https://dy-us-playground.onrender.com/,201.29,True,https://plus.unsplash.com/premium_photo-1673491310188-13caeef2c5cd?w=200,animals|wildlife|birds|nature,black|bird|sitting|top|tree|branch,a black bird sitting on top of a tree branch,Casey Horner
WYGXE49QG7AQ,G00078,A Wolf And A Wolf On A,https://dy-us-playground.onrender.com/,1345.74,True,https://images.unsplash.com/photo-1660675733158-7b6ab6db7c17?w=200,animals|wildlife|canines|wolves|forest,wolf|rock|forest,a wolf and a wolf on a rock in a forest,Sibeesh Venu
3L2JSEYO9B6Z,G00117,A Red Fox In New Jersey,https://dy-us-playground.onrender.com/,687.71,True,https://plus.unsplash.com/premium_photo-1661917131218-4a0e0c6f5bf2?w=200,art|photography|nature,red|fox|new|jersey,A red fox in New Jersey,Getty Images
0MPI516UL2N1,G00117,A Fox Standing In A Pond,https://dy-us-playground.onrender.com/,269.76,False,https://images.unsplash.com/photo-1652249765104-db35c675cfa4?w=200,art|photography|nature,fox|standing|pond,a fox standing in a pond,Sergey Koop
BJ4ZVBQEKXN5,G00021,A Dog That Is Standing On Some,https://dy-us-playground.onrender.com/,88.73,False,https://images.unsplash.com/photo-1709050118716-8655441e0deb?w=200,animals|pets|dogs|nature,dog|is|standing|some|rocks,a dog that is standing on some rocks,Stepan Konev
KBLWCF88PHZH,G00118,Brown Fox On Snow Covered Ground During,https://dy-us-playground.onrender.com/,1961.13,True,https://images.unsplash.com/photo-1615862408519-8257874e71da?w=200,art|photography|winter,brown|fox|snow|covered|ground|during|daytime,brown fox on snow covered ground during daytime,Jay Nlper
23U0T5DHV5GS,G00078,Two Gray Wolfs Are Walking Together In,https://dy-us-playground.onrender.com/,1363.69,False,https://images.unsplash.com/photo-1637931834706-aa30c4398514?w=200,animals|wildlife|canines|wolves|nature,two|gray|wolfs|are|walking|together|wild,two gray wolfs are walking together in the wild,MARIOLA GROBELSKA
6YQCAVUVA8TA,G00079,A Wolf Walking Across A Dirt Field,https://dy-us-playground.onrender.com/,1763.47,False,https://images.unsplash.com/photo-1735924379600-15d067b8c62f?w=200,animals|wildlife|canines|wolves|forest,wolf|walking|across|dirt|field|next|to|forest,A wolf walking across a dirt field next to a forest,ANOOF C
K391R9XXW11B,G00021,A Dog On A Rock,https://dy-us-playground.onrender.com/,732.49,True,https://images.unsplash.com/photo-1664573932041-0545f6707774?w=200,animals|pets|dogs|nature,dog|rock,a dog on a rock,Honza Reznik
DFU1GVS4XJ31,G00079,A Wolf With A Red Collar,https://dy-us-playground.onrender.com/,1241.02,True,https://images.unsplash.com/photo-1656704968471-40a6f86b5193?w=200,animals|wildlife|canines|wolves|nature,wolf|red|collar,a wolf with a red collar,Aldo Houtkamp
KRRK9BXNS9T6,G00118,A Lone Horse Standing In A Foggy,https://dy-us-playground.onrender.com/,278.22,False,https://plus.unsplash.com/premium_photo-1729600375918-e7b8cca6adeb?w=200,art|photography|nature,lone|horse|standing|foggy|field,A lone horse standing in a foggy field,Annie Spratt
JPGWYGA962ZS,G00021,A Couple Of Dogs That Are Standing,https://dy-us-playground.onrender.com/,887.12,False,https://images.unsplash.com/photo-1682285126907-e3d0a6a51eac?w=200,animals|pets|dogs|nature,couple|dogs|are|standing|grass,a couple of dogs that are standing in the grass,Aldo Houtkamp
W5GR7PCYZEIP,G00271,A View Of A Mountain Range With,https://dy-us-playground.onrender.com/,1274.97,True,https://plus.unsplash.com/premium_photo-1675348351326-4241ecc6fb2f?w=200,art|photography|mountain,view|mountain|range|lake|foreground,a view of a mountain range with a lake in the foreground,Michiel Annaert
WPXU29HF7L36,G00021,Shortcoat White Dog On Grey Rock During,https://dy-us-playground.onrender.com/,1551.58,False,https://images.unsplash.com/photo-1569782727768-f522fd9a934b?w=200,animals|pets|dogs|nature,short|coat|white|dog|grey|rock|during|daytime,short-coat white dog on grey rock during daytime,Sam 🐷
YEYTE91VJV6O,G00079,A Lone Wolf Standing In A Wooded,https://dy-us-playground.onrender.com/,1389.82,False,https://images.unsplash.com/photo-1644942888834-97e142f5f9ee?w=200,animals|wildlife|canines|wolves|nature,lone|wolf|standing|wooded|area,a lone wolf standing in a wooded area,Daniel Dvorský
0OID2Y37VP8M,G00079,A Lone Wolf Standing In A Wooded,https://dy-us-playground.onrender.com/,1752.7,False,https://images.unsplash.com/photo-1644942888966-d0c0be8b8d57?w=200,animals|wildlife|canines|wolves|nature,lone|wolf|standing|wooded|area,a lone wolf standing in a wooded area,Daniel Dvorský
ADMXB9HY58T6,G00021,A Dog That Is Standing In The,https://dy-us-playground.onrender.com/,1515.56,True,https://plus.unsplash.com/premium_photo-1667443188826-44d48cb85159?w=200,animals|pets|dogs|nature,dog|is|standing|grass,a dog that is standing in the grass,Matt Bango
2OEMST39CSFQ,G00021,A Couple Of Dogs Playing With Each,https://dy-us-playground.onrender.com/,184.74,True,https://images.unsplash.com/photo-1682285127029-b4ee949e3671?w=200,animals|pets|dogs|nature,couple|dogs|playing|each|other|woods,a couple of dogs playing with each other in the woods,Aldo Houtkamp
ON9UM7B5MH2R,G00022,Shortcoated Tan Dog,https://dy-us-playground.onrender.com/,285.88,True,https://images.unsplash.com/photo-1562522845-b2d5197e3b23?w=200,animals|pets|dogs|nature,short|coated|tan|dog,short-coated tan dog,Joshua J. Cotten
0JQ5A4XURC9V,G00022,A Dog Standing In A Forest,https://dy-us-playground.onrender.com/,323.24,True,https://images.unsplash.com/photo-1666379263333-61048c94f35f?w=200,animals|pets|dogs|forest,dog|standing|forest,a dog standing in a forest,Aldo Houtkamp
6NBO8Z695IQ9,G00022,A Dog Gazes At The Viewer With,https://dy-us-playground.onrender.com/,597.81,True,https://images.unsplash.com/photo-1743499422542-106ef01f2b1a?w=200,animals|pets|dogs|nature,dog|gazes|at|viewer|gentle|eye,A dog gazes at the viewer with a gentle eye.,SMA Fatemi
0LPBCTJT0I1Z,G00118,A Red Fox In New Jersey,https://dy-us-playground.onrender.com/,1997.73,False,https://plus.unsplash.com/premium_photo-1664299195833-da39fd653a00?w=200,art|photography|nature,red|fox|new|jersey,A red fox in New Jersey,Getty Images
GRUUMYI2DREO,G00022,A Dog Sitting On A Rock,https://dy-us-playground.onrender.com/,1855.33,False,https://images.unsplash.com/photo-1664193803282-5268e8d0d65f?w=200,animals|pets|dogs|nature,dog|sitting|rock,a dog sitting on a rock,Honza Reznik
Z69L62OQC6JV,G00271,The Moon Is Setting Over The Mountains,https://dy-us-playground.onrender.com/,514.82,True,https://plus.unsplash.com/premium_photo-1668369166463-3c6b54b5443e?w=200,art|photography|mountain,moon|is|setting|over|mountains|distance,the moon is setting over the mountains in the distance,Ales Krivec
02MPRYXZ0LEX,G00079,A White Wolf Standing Next To A,https://dy-us-playground.onrender.com/,1269.91,True,https://images.unsplash.com/photo-1735221965414-47f12058a0b8?w=200,animals|wildlife|canines|wolves|nature,white|wolf|standing|next|to|black,A white wolf standing next to a black wolf,Matthieu Rochette
5Z1V4NX9AD2P,G00022,A Person Standing Next To A Dog,https://dy-us-playground.onrender.com/,1194.67,True,https://plus.unsplash.com/premium_photo-1739162896060-8a5684a98248?w=200,animals|pets|dogs|nature,person|standing|next|to|dog|leash,A person standing next to a dog on a leash,Valeriia Miller
JDFMZM3HZARN,G00022,A Dog In A Forest,https://dy-us-playground.onrender.com/,23.16,False,https://images.unsplash.com/photo-1664573932488-1d2c51a56289?w=200,animals|pets|dogs|forest,dog|forest,a dog in a forest,Honza Reznik
CCEQDE7JU4LZ,G00079,A Statue Of A White Wolf With,https://dy-us-playground.onrender.com/,303.91,False,https://plus.unsplash.com/premium_photo-1724619718292-6b530e7f05aa?w=200,animals|wildlife|canines|wolves|nature,statue|white|wolf|orange|eyes,A statue of a white wolf with orange eyes,Alex Shuper
1GNZNMVOLZWM,G00023,A Dog In A Forest,https://dy-us-playground.onrender.com/,704.87,False,https://images.unsplash.com/photo-1664573932378-53938911d59d?w=200,animals|pets|dogs|forest,dog|forest,a dog in a forest,Honza Reznik
HTQCJCZUCMHW,G00080,A Wolf Standing In Front Of A,https://dy-us-playground.onrender.com/,1126.9,True,https://images.unsplash.com/photo-1687118674764-fd0e1450b171?w=200,animals|wildlife|canines|wolves|nature,wolf|standing|front|metal|fence,a wolf standing in front of a metal fence,David Valentine
CEFYOUHO4OBD,G00271,The Moon Is Setting Over A Mountain,https://dy-us-playground.onrender.com/,1727.9,True,https://plus.unsplash.com/premium_photo-1670596563059-26e43dbae29f?w=200,art|photography|mountain,moon|is|setting|over|mountain|range,the moon is setting over a mountain range,Ales Krivec
74FBI6D4QUQ1,G00023,A Dog Sitting On Grass,https://dy-us-playground.onrender.com/,1553.14,True,https://images.unsplash.com/photo-1664193900568-52b4c782f2d8?w=200,animals|pets|dogs|nature,dog|sitting|grass,a dog sitting on grass,Honza Reznik
IL0VPIJXMHZG,G00023,A Dog Standing In The Grass Next,https://dy-us-playground.onrender.com/,1122.59,True,https://images.unsplash.com/photo-1693214604880-fccc147e7b3d?w=200,animals|pets|dogs|nature,dog|standing|grass|next|to|tree,a dog standing in the grass next to a tree,Sergey Koop
5OW2W5S0UFQM,G00023,A Group Of Dogs Playing In The,https://dy-us-playground.onrender.com/,1479.13,True,https://images.unsplash.com/photo-1682285126827-1aed8b614995?w=200,animals|pets|dogs|nature,group|dogs|playing|water,a group of dogs playing in the water,Aldo Houtkamp
88V3MIDMDBZD,G00080,Close Up Of A Wolfs Head In,https://dy-us-playground.onrender.com/,1766.49,False,https://images.unsplash.com/photo-1768207102935-781988e1ba08?w=200,animals|wildlife|canines|wolves|winter,close|up|wolf|s|head|snowy|environment,Close up of a wolf's head in a snowy environment.,Ma Ti
IJAXF6GUFE3O,G00080,A Wolf Standing On A Log In,https://dy-us-playground.onrender.com/,919.48,True,https://images.unsplash.com/photo-1697977968704-1b57264203ae?w=200,animals|wildlife|canines|wolves|nature,wolf|standing|log|woods,a wolf standing on a log in the woods,Olle August
7JVOHQ3H42YA,G00080,White And Gray Wolf On Green Grass,https://dy-us-playground.onrender.com/,1360.2,True,https://images.unsplash.com/photo-1594124564898-d0789c9c2d7f?w=200,animals|wildlife|canines|wolves|nature,white|gray|wolf|green|grass|field|during|daytime,white and gray wolf on green grass field during daytime,Arnaud STECKLE
1ZUMCEAFFOK5,G00080,A Wolf With Its Mouth Open Standing,https://dy-us-playground.onrender.com/,214.81,True,https://images.unsplash.com/photo-1638137572281-234a1cbd0eb5?w=200,animals|wildlife|canines|wolves|nature,wolf|its|mouth|open|standing|rock,a wolf with its mouth open standing on a rock,MARIOLA GROBELSKA
7X41482XUC8K,G00271,A Plane Flying Over A Forest Filled,https://dy-us-playground.onrender.com/,1713.68,False,https://plus.unsplash.com/premium_photo-1674770150580-57dd8d101875?w=200,art|photography|forest,plane|flying|over|forest|filled|trees,a plane flying over a forest filled with trees,Alexandros Giannakakis
NZJPHLJZMDBU,G00023,A Dog Sniffing A Statue In The,https://dy-us-playground.onrender.com/,921.46,False,https://images.unsplash.com/photo-1682285127067-6e19b1bf6bf6?w=200,animals|pets|dogs|nature,dog|sniffing|statue|woods,a dog sniffing a statue in the woods,Aldo Houtkamp
D5WQIHTCB59A,G00271,A Very Tall Mountain Covered In Snow,https://dy-us-playground.onrender.com/,1222.07,False,https://plus.unsplash.com/premium_photo-1701105791595-8a51bd9b05db?w=200,art|photography|winter,very|tall|mountain|covered|snow|under|cloudy|sky,a very tall mountain covered in snow under a cloudy sky,Ales Krivec
77FQKWX4X35N,G00080,A Wolf Standing On Top Of A,https://dy-us-playground.onrender.com/,703.29,True,https://images.unsplash.com/photo-1699504294030-30ead3bac362?w=200,animals|wildlife|canines|wolves|nature,wolf|standing|top|lush|green|field,a wolf standing on top of a lush green field,Xie Jian
G0UBT55K8ZA7,G00118,A Red Fox In New Jersey,https://dy-us-playground.onrender.com/,1875.06,False,https://plus.unsplash.com/premium_photo-1661962350723-ca2c6b8b64d1?w=200,art|photography|nature,red|fox|new|jersey,A red fox in New Jersey,Getty Images
21E628RQ1HGU,G00081,A Wolf Rests In The Shadows Of,https://dy-us-playground.onrender.com/,1935.29,True,https://images.unsplash.com/photo-1742736074769-04f5c6c0d513?w=200,animals|wildlife|canines|wolves|forest,wolf|rests|shadows|forest,A wolf rests in the shadows of the forest.,Sergey Koop
A692L4BQZZM8,G00081,A Lone Wolf Standing On A Path,https://dy-us-playground.onrender.com/,950.55,True,https://images.unsplash.com/photo-1653906755615-bbaf5d9ed71d?w=200,animals|wildlife|canines|wolves|nature,lone|wolf|standing|path|woods,a lone wolf standing on a path in the woods,Wild Spirit
3GL0GZFVDJWU,G00271,A Polar Bear In A Snowy Landscape,https://dy-us-playground.onrender.com/,1833.08,False,https://plus.unsplash.com/premium_photo-1664012343311-545bb04534ba?w=200,art|photography|winter,polar|bear|snowy|landscape|mountains|background,a polar bear in a snowy landscape with mountains in the background,Annie Spratt
M7PL4X9SL6SY,G00023,A Dog Standing On Top Of A,https://dy-us-playground.onrender.com/,40.91,False,https://images.unsplash.com/photo-1709050118720-7e2171ec37dc?w=200,animals|pets|dogs|nature,dog|standing|top|wooden|log|trailer,a dog standing on top of a wooden log in a trailer,Stepan Konev
NA6SOTSMNZMZ,G00024,A Gray And White Dog Standing On,https://dy-us-playground.onrender.com/,986.92,False,https://images.unsplash.com/photo-1648979015820-6476156a0a4d?w=200,animals|pets|dogs|nature,gray|white|dog|standing|top|lush|green|field,a gray and white dog standing on top of a lush green field,Aldo Houtkamp
Q7NIEZCUUT5P,G00081,A Wolf Looking At The Camera,https://dy-us-playground.onrender.com/,1857.05,True,https://images.unsplash.com/photo-1664193820861-369360489519?w=200,animals|wildlife|canines|wolves|nature,wolf|looking|at|camera,a wolf looking at the camera,Honza Reznik
G927BN5BEX96,G00081,Grayscale Photography Of Wolf In Snow Field,https://dy-us-playground.onrender.com/,1801.04,False,https://images.unsplash.com/photo-1516968612763-c1010f9f7e32?w=200,animals|wildlife|canines|wolves|winter,grayscale|photography|wolf|snow|field,grayscale photography of wolf in snow field,Einar Storsul
0QE16Q8S05GL,G00081,Grey Wolf On Green Grass During Daytime,https://dy-us-playground.onrender.com/,790.83,False,https://images.unsplash.com/photo-1628057808893-8e029fa5373a?w=200,animals|wildlife|canines|wolves|nature,grey|wolf|green|grass|during|daytime,grey wolf on green grass during daytime,Christian Nielsen
065MG8PS2TAQ,G00024,A Brown And White Dog Sitting On,https://dy-us-playground.onrender.com/,1305.94,True,https://plus.unsplash.com/premium_photo-1718652384525-20786d778046?w=200,animals|pets|dogs|nature,brown|white|dog|sitting|top|bed,A brown and white dog sitting on top of a bed,Virginia Marinova
N44DEFM7L2OY,G00024,A Dog Standing In A Grassy Area,https://dy-us-playground.onrender.com/,308.72,False,https://images.unsplash.com/photo-1665451608431-8dceab08165d?w=200,animals|pets|dogs|nature,dog|standing|grassy|area,a dog standing in a grassy area,Bryan Hanson
R9FYTRV579UE,G00081,Closeup Profile Of A Maned Wolfs Head,https://dy-us-playground.onrender.com/,218.16,True,https://plus.unsplash.com/premium_photo-1767654522887-65b1687bbaf8?w=200,animals|wildlife|canines|wolves|nature,close|up|profile|maned|wolf|s|head,Close-up profile of a maned wolf's head,Allec Gomes
5XVZVLA16O4Z,G00082,A Wolf Laying On The Ground In,https://dy-us-playground.onrender.com/,1626.22,True,https://images.unsplash.com/photo-1640094760961-b2a485742699?w=200,animals|wildlife|canines|wolves|nature,wolf|laying|ground|woods,a wolf laying on the ground in the woods,Robin Strahl
XHE7TINJ58DH,G00082,Ethiopian Wolf Hunting At The Sannetti Plateau,https://dy-us-playground.onrender.com/,472.62,False,https://plus.unsplash.com/premium_photo-1661814331838-fda059da2e8b?w=200,animals|wildlife|canines|wolves|nature,ethiopian|wolf|hunting|at|sannetti|plateau|ethiopia,Ethiopian wolf hunting at the Sannetti Plateau in Ethiopia,Getty Images
JU6IU7SO8H8P,G00082,Brown Wolf On Gray Rock,https://dy-us-playground.onrender.com/,1868.52,True,https://images.unsplash.com/photo-1611409543878-de8d719ca9c1?w=200,animals|wildlife|canines|wolves|nature,brown|wolf|gray|rock,brown wolf on gray rock,Janis Wolf
Q3CXXYVRLHE6,G00024,A Dog Standing On A Dirt Road,https://dy-us-playground.onrender.com/,1778.88,False,https://images.unsplash.com/photo-1650063784495-9a0733e7ec0e?w=200,animals|pets|dogs|nature,dog|standing|dirt|road|next|to|grass,a dog standing on a dirt road next to grass,Maxwell Andrews
G3ITRBAXIH7U,G00024,A Dog Sitting In The Grass Looking,https://dy-us-playground.onrender.com/,1281.95,False,https://images.unsplash.com/photo-1722291444902-0a7a30302ab6?w=200,animals|pets|dogs|nature,dog|sitting|grass|looking|at|water,A dog sitting in the grass looking at the water,Céline Druguet
ADECNTETPKMV,G00082,A Wolf Stands In A Snowy Forest,https://dy-us-playground.onrender.com/,1334.34,False,https://images.unsplash.com/photo-1768207102804-5f6aff23633a?w=200,animals|wildlife|canines|wolves|winter,wolf|stands|snowy|forest,A wolf stands in a snowy forest.,Ma Ti
TNLQ0XMNBGC4,G00118,Houses Near Lake,https://dy-us-playground.onrender.com/,288.75,True,https://images.unsplash.com/photo-1563387852576-964bc31b73af?w=200,art|photography|nature,houses|near|lake,houses near lake,Sheng L
O3FWMOZMR38D,G00272,Photo Of Mountain,https://dy-us-playground.onrender.com/,800.47,True,https://images.unsplash.com/photo-1511300636408-a63a89df3482?w=200,art|photography|mountain,photo|mountain,photo of mountain,Luca Micheli
A3GD45HQRV09,G00118,Brown Rock Formation Under Blue Sky,https://dy-us-playground.onrender.com/,1428.16,False,https://images.unsplash.com/photo-1508739773434-c26b3d09e071?w=200,art|photography|nature,brown|rock|formation|under|blue|sky,brown rock formation under blue sky,Cristina Gottardi
ZK42RJJILHAC,G00272,Green Mountain Across Body Of Water,https://dy-us-playground.onrender.com/,1693.4,False,https://images.unsplash.com/photo-1464822759023-fed622ff2c3b?w=200,art|photography|mountain,green|mountain|across|body|water,green mountain across body of water,Kalen Emsley
EJ7BLBSRX82H,G00272,Snow Mountain Under Stars,https://dy-us-playground.onrender.com/,1298.33,True,https://images.unsplash.com/photo-1519681393784-d120267933ba?w=200,art|photography|winter,snow|mountain|under|stars,snow mountain under stars,Benjamin Voros
BFE02NI61SNS,G00272,A Mountain Range Covered In Fog And,https://dy-us-playground.onrender.com/,1718.77,True,https://plus.unsplash.com/premium_photo-1686729237226-0f2edb1e8970?w=200,art|photography|mountain,mountain|range|covered|fog|clouds,a mountain range covered in fog and clouds,Ales Krivec
9M3YOFUKF5I3,G00119,Northern Lights,https://dy-us-playground.onrender.com/,1814.27,True,https://images.unsplash.com/photo-1491466424936-e304919aada7?w=200,art|photography|nature,northern|lights,northern lights,Jonatan Pie
0IRGV64IGXXU,G00119,Empty Concrete Road Covered Surrounded By Tall,https://dy-us-playground.onrender.com/,1674.24,True,https://images.unsplash.com/photo-1470115636492-6d2b56f9146d?w=200,art|photography|nature,empty|concrete|road|covered|surrounded|by|tall|tress,empty concrete road covered surrounded by tall tress with sun rays,JOHN TOWNER
AYDMRWR6718Q,G00119,Aerial Photo Of Brown Moutains,https://dy-us-playground.onrender.com/,354.16,False,https://images.unsplash.com/photo-1477346611705-65d1883cee1e?w=200,art|photography|nature,aerial|photo|brown|moutains,aerial photo of brown moutains,JOHN TOWNER
L1GDTVGEAM3S,G00119,Blue Orange And Yellow Wallpaper,https://dy-us-playground.onrender.com/,887.37,True,https://images.unsplash.com/photo-1618005182384-a83a8bd57fbe?w=200,art|photography|nature,blue|orange|yellow|wallpaper,blue orange and yellow wallpaper,Milad Fakurian
IBXIJ8SPLT7A,G00119,A City Street Filled With Lots Of,https://dy-us-playground.onrender.com/,1714.33,True,https://plus.unsplash.com/premium_photo-1723983556172-ee1932896694?w=200,art|photography|nature,city|street|filled|lots|tall|buildings,A city street filled with lots of tall buildings,Dario Brönnimann
CZ6LPREMHY8K,G00119,Gray Concrete Building Near Body Of Water,https://dy-us-playground.onrender.com/,1616.18,False,https://images.unsplash.com/photo-1507090960745-b32f65d3113a?w=200,art|photography|nature,gray|concrete|building|near|body|water|under,gray concrete building near body of water under gray and white sky,Matteo Catanese
1C1668RFYH9L,G00120,A Black And White Photo Of A,https://dy-us-playground.onrender.com/,1334.34,False,https://plus.unsplash.com/premium_photo-1685916643856-393b0119eac6?w=200,art|photography|nature,black|white|photo|wavy|fabric,a black and white photo of a wavy fabric,Alex Shuper
KA5NMMCS1IVO,G00120,Person Sitting Inside Restaurant,https://dy-us-playground.onrender.com/,678.62,False,https://images.unsplash.com/photo-1481833761820-0509d3217039?w=200,art|photography|nature,person|sitting|inside|restaurant,person sitting inside restaurant,Clem Onojeghuo
AWTAMFMLWMOH,G00120,A White Background With A Wavy Design,https://dy-us-playground.onrender.com/,558.38,True,https://plus.unsplash.com/premium_photo-1667587245819-2bea7a93e7a1?w=200,art|photography|nature,white|background|wavy|design,a white background with a wavy design,Pawel Czerwinski
J5BUZ36Q4N7G,G00272,A Mountain Range With A Lake In,https://dy-us-playground.onrender.com/,1171.58,True,https://images.unsplash.com/photo-1580137189272-c9379f8864fd?w=200,art|photography|mountain,mountain|range|lake|foreground,a mountain range with a lake in the foreground,Willian Justen de Vasconcellos
8FYTM87LM5M2,G00272,A Lush Green Field With Mountains In,https://dy-us-playground.onrender.com/,7.95,False,https://plus.unsplash.com/premium_photo-1721311166723-5c408da54364?w=200,art|photography|mountain,lush|green|field|mountains|background,A lush green field with mountains in the background,Polina Kuzovkova
X7QG968SN6LA,G00273,Aerial View Of Village On Mountain Cliff,https://dy-us-playground.onrender.com/,174.78,False,https://images.unsplash.com/photo-1499678329028-101435549a4e?w=200,art|photography|mountain,aerial|view|village|mountain|cliff|during|orange|sunset,aerial view of village on mountain cliff during orange sunset,Anders Jildén
PVS1D72YPPJ7,G00120,A Bunch Of Flowers That Are In,https://dy-us-playground.onrender.com/,1059.32,False,https://plus.unsplash.com/premium_photo-1676478746990-4ef5c8ef234a?w=200,art|photography|nature,bunch|flowers|are|vase,a bunch of flowers that are in a vase,Karolina Grabowska
BU3KPT7PX9Z1,G00120,Aerial Photography Of City Skyline During Night,https://dy-us-playground.onrender.com/,1011.43,True,https://images.unsplash.com/photo-1493514789931-586cb221d7a7?w=200,art|photography|night,aerial|photography|city|skyline|during|night|time,aerial photography of city skyline during night time,Andre Benz
3JLWXR5IA0N1,G00120,A Full Moon Is Seen In The,https://dy-us-playground.onrender.com/,1356.96,True,https://plus.unsplash.com/premium_photo-1701091956254-8f24ea99a53b?w=200,art|photography|night,full|moon|is|seen|dark|sky,a full moon is seen in the dark sky,Daniel Mirlea
POBDBKT5EX3S,G00366,Birds Eye View Of Seashore,https://dy-us-playground.onrender.com/,1445.77,False,https://images.unsplash.com/photo-1501696461415-6bd6660c6742?w=200,animals|wildlife|birds|nature,bird|s|eye|view|seashore,bird's eye view of seashore,Nattu Adnan
Z4HSW1R1Y412,G00121,A Man In A Space Suit Walking,https://dy-us-playground.onrender.com/,1721.64,False,https://plus.unsplash.com/premium_photo-1722018576626-dc10f32a86f4?w=200,art|photography|nature,man|space|suit|walking|through|field,A man in a space suit walking through a field,Alex Shuper
AQ7TL39W2QZ4,G00121,Brown House Near Body Of Water,https://dy-us-playground.onrender.com/,173.78,True,https://images.unsplash.com/photo-1470770841072-f978cf4d019e?w=200,art|photography|nature,brown|house|near|body|water,brown house near body of water,Luca Bravo
J8M20810ZK3J,G00273,Silhouette Of Mountain,https://dy-us-playground.onrender.com/,894.42,False,https://images.unsplash.com/photo-1439792675105-701e6a4ab6f0?w=200,art|photography|mountain,silhouette|mountain,silhouette of mountain,Elliott Engelmann
ZHICX7A17GYL,G00121,A Vase With A Plant In It,https://dy-us-playground.onrender.com/,296.03,True,https://plus.unsplash.com/premium_photo-1676654935937-109c7936b8ff?w=200,art|photography|nature,vase|plant|it|table,a vase with a plant in it on a table,Karolina Grabowska
6M3TOVV7W6HV,G00273,River Overflow In Between Rock Formation,https://dy-us-playground.onrender.com/,1719.72,False,https://images.unsplash.com/photo-1461301214746-1e109215d6d3?w=200,art|photography|nature,river|overflow|between|rock|formation,river overflow in between rock formation,Kace  Rodriguez
2QBQ7WI16OGX,G00121,A Vase Filled With Pink Flowers On,https://dy-us-playground.onrender.com/,179.34,False,https://plus.unsplash.com/premium_photo-1676478746561-8feeaa7a307a?w=200,art|photography|nature,vase|filled|pink|flowers|top|table,a vase filled with pink flowers on top of a table,Karolina Grabowska
SFZQNUD8U3UF,G00273,A View Of A City With Mountains,https://dy-us-playground.onrender.com/,949.68,False,https://plus.unsplash.com/premium_photo-1700131054317-f7fcbc4a18fa?w=200,art|photography|mountain,view|city|mountains|background,a view of a city with mountains in the background,Georgi Kalaydzhiev
9ESBYRIWRYEY,G00121,Ocean Wave In Shallow Focus Lens,https://dy-us-playground.onrender.com/,1311.42,True,https://images.unsplash.com/photo-1518156677180-95a2893f3e9f?w=200,art|photography|nature,ocean|wave|shallow|focus|lens,ocean wave in shallow focus lens,Nathan Dumlao
LI7LR3I351L1,G00273,Scenery Of Mountain Canyon,https://dy-us-playground.onrender.com/,51.88,True,https://images.unsplash.com/photo-1479030160180-b1860951d696?w=200,art|photography|mountain,scenery|mountain|canyon,scenery of mountain canyon,Ashim D’Silva
GSIK5ZOTKF5G,G00121,Golden Gate Bridge California,https://dy-us-playground.onrender.com/,410.1,True,https://images.unsplash.com/photo-1521464302861-ce943915d1c3?w=200,art|photography|nature,golden|gate|bridge|california,"Golden Gate Bridge, California",Tim Foster
0YKJKSONFZXF,G00122,Silhouette Of Offroad Car,https://dy-us-playground.onrender.com/,706.29,False,https://images.unsplash.com/photo-1484950763426-56b5bf172dbb?w=200,art|photography|nature,silhouette|off|road|car,silhouette of off-road car,Jonatan Pie
4OZDUOKP5ZTK,G00122,A Pink And Blue Sky With A,https://dy-us-playground.onrender.com/,830.88,False,https://images.unsplash.com/photo-1554034483-04fda0d3507b?w=200,art|photography|nature,pink|blue|sky|few|clouds,a pink and blue sky with a few clouds,Adrian Infernus
K2CDY9XNJX89,G00122,A City Street At Night With A,https://dy-us-playground.onrender.com/,1586.37,True,https://plus.unsplash.com/premium_photo-1723983556109-7415d601c377?w=200,art|photography|night,city|street|at|night|lot|traffic,A city street at night with a lot of traffic,Dario Brönnimann
M5GBA3B7NC6E,G00122,Red And Blue Wallpaper,https://dy-us-playground.onrender.com/,170.29,False,https://images.unsplash.com/photo-1567095761054-7a02e69e5c43?w=200,art|photography|nature,red|blue|wallpaper,red and blue wallpaper,Pawel Czerwinski
UG0S5OTPOM6Q,G00305,Brown Tabby Cat On Concrete Roof During,https://dy-us-playground.onrender.com/,650.38,False,https://images.unsplash.com/photo-1572039863446-dd69ee840291?w=200,animals|pets|cats|nature,brown|tabby|cat|concrete|roof|during|daytime,brown tabby cat on concrete roof during daytime,Amine Mayoufi
9686B2XSFFAX,G00122,A Vase Of Flowers Sitting On Top,https://dy-us-playground.onrender.com/,1952.56,True,https://plus.unsplash.com/premium_photo-1676009551532-c73be6605e3a?w=200,art|photography|nature,vase|flowers|sitting|top|white|table,a vase of flowers sitting on top of a white table,Anita Austvika
YL18E8V3TRND,G00122,A Solar Eclipse In The Sky With,https://dy-us-playground.onrender.com/,1546.72,True,https://plus.unsplash.com/premium_photo-1720660750856-8f7dc0643a8f?w=200,art|photography|nature,solar|eclipse|sky|stars,A solar eclipse in the sky with stars,Planet Volumes
28L9NRYLFQSF,G00123,Body Of Water Surrounded By Trees,https://dy-us-playground.onrender.com/,1480.42,True,https://images.unsplash.com/photo-1506744038136-46273834b3fb?w=200,art|photography|nature,body|water|surrounded|by|trees,body of water surrounded by trees,Bailey Zindel
T339ACPPG4XA,G00273,A Night Sky With Stars And A,https://dy-us-playground.onrender.com/,465.02,True,https://plus.unsplash.com/premium_photo-1686157758105-b100bd44945c?w=200,art|photography|mountain,night|sky|stars|mountain|range|background,a night sky with stars and a mountain range in the background,Ales Krivec
XQVY91MZ9CZ7,G00123,Worms Eyeview Photography Of Coconut Trees,https://dy-us-playground.onrender.com/,1579.83,True,https://images.unsplash.com/photo-1454391304352-2bf4678b1a7a?w=200,art|photography|nature,worms|eyeview|photography|coconut|trees,worms eyeview photography of coconut trees,Wil Stewart
FDGFD3HT9WZ6,G00123,Orange Petaled Flowers,https://dy-us-playground.onrender.com/,374.2,False,https://images.unsplash.com/photo-1490750967868-88aa4486c946?w=200,art|photography|nature,orange|petaled|flowers,orange petaled flowers,Sergey Shmidt
ZXDL4P34LQZG,G00123,Desert At Night,https://dy-us-playground.onrender.com/,1921.63,True,https://images.unsplash.com/photo-1554110397-9bac083977c6?w=200,art|photography|night,desert|at|night,desert at night,Mike Yukhtenko
IDCY0T47OMPG,G00123,A Bunch Of Flowers That Are In,https://dy-us-playground.onrender.com/,41.51,True,https://plus.unsplash.com/premium_photo-1676478746755-e4a3b46edfbf?w=200,art|photography|nature,bunch|flowers|are|vase,a bunch of flowers that are in a vase,Karolina Grabowska
DK61AES375UR,G00123,Flat Lay Photography Of Purple And Red,https://dy-us-playground.onrender.com/,1034.47,True,https://images.unsplash.com/photo-1459478309853-2c33a60058e7?w=200,art|photography|nature,flat|lay|photography|purple|red|leaves,flat lay photography of purple and red leaves,Jeremy Thomas
8QN99OWWPZ5L,G00124,A Group Of Palm Trees With A,https://dy-us-playground.onrender.com/,1003.62,False,https://plus.unsplash.com/premium_photo-1680883742267-7a1eec2ea140?w=200,art|photography|nature,group|palm|trees|blue|sky|background,a group of palm trees with a blue sky in the background,Hans
DIUSA13HMZK5,G00366,Birds Eye View Photography Of Trees And,https://dy-us-playground.onrender.com/,918.62,True,https://images.unsplash.com/photo-1497436072909-60f360e1d4b1?w=200,animals|wildlife|birds|nature,bird|s|eye|view|photography|trees|body|water,bird's eye view photography of trees and body of water,Andreas Gücklhorn
AW1KM7DW009Q,G00124,Paper Lantern Flying Above Sky,https://dy-us-playground.onrender.com/,868.74,True,https://images.unsplash.com/photo-1500754088824-ce0582cfe45f?w=200,art|photography|nature,paper|lantern|flying|above|sky,paper lantern flying above sky,Melanie Magdalena
YDSYEKWNX6TK,G00124,Aerial Photography Of Seashore,https://dy-us-playground.onrender.com/,705.23,True,https://images.unsplash.com/photo-1510279770292-4b34de9f5c23?w=200,art|photography|nature,aerial|photography|seashore,aerial photography of seashore,Iswanto Arif
159FDCMZ7JNR,G00124,Photo Of Giraffe,https://dy-us-playground.onrender.com/,1575.47,True,https://images.unsplash.com/photo-1494200483035-db7bc6aa5739?w=200,art|photography|nature,photo|giraffe,photo of giraffe,Katie Treadway
95IZ0FGNKD0L,G00124,A Body Of Water With Waves Coming,https://dy-us-playground.onrender.com/,890.2,True,https://plus.unsplash.com/premium_photo-1668359490260-0454b6ca54cc?w=200,art|photography|nature,body|water|waves|coming|to|shore,a body of water with waves coming in to shore,Ricardo Resende
HDNJS18LZUQX,G00124,White And Brown Boat In Body Of,https://dy-us-playground.onrender.com/,677.15,True,https://images.unsplash.com/photo-1563187867-2cd158d07999?w=200,art|photography|nature,white|brown|boat|body|water,white and brown boat in body of water,Marcelo Cidrack
ADO0PWS3285H,G00125,Man Sitting On Building,https://dy-us-playground.onrender.com/,861.54,True,https://images.unsplash.com/photo-1539035104074-dee66086b5e3?w=200,art|photography|nature,man|sitting|building,man sitting on building,Andre Benz
IZNY6RWJLL69,G00274,Snowy Mountain,https://dy-us-playground.onrender.com/,1665.41,True,https://images.unsplash.com/photo-1483728642387-6c3bdd6c93e5?w=200,art|photography|winter,snowy|mountain,snowy mountain,Daniel Leone
40HRY1PB88YN,G00125,A Field With A House In The,https://dy-us-playground.onrender.com/,1551.34,False,https://plus.unsplash.com/premium_photo-1721487064031-a394c7267785?w=200,art|photography|nature,field|house|middle|it,A field with a house in the middle of it,Polina Kuzovkova
2CKF8H3SANS8,G00125,Silhouette Of Coconut Palm Trees During Golden,https://dy-us-playground.onrender.com/,147.09,True,https://images.unsplash.com/photo-1502759683299-cdcd6974244f?w=200,art|photography|nature,silhouette|coconut|palm|trees|during|golden|hour,silhouette of coconut palm trees during golden hour,Prometey Sánchez Noskov
4418LYVT5633,G00125,A Man In A Space Suit With,https://dy-us-playground.onrender.com/,310.95,False,https://plus.unsplash.com/premium_photo-1722018576685-45a415a4ff67?w=200,art|photography|nature,man|space|suit|sky|background,A man in a space suit with a sky background,Alex Shuper
PWX4Q9553RHJ,G00274,Brown Road In Forest During Daytime,https://dy-us-playground.onrender.com/,1576.38,True,https://images.unsplash.com/photo-1507936580189-3816b4abf640?w=200,art|photography|forest,brown|road|forest|during|daytime,brown road in forest during daytime,Derrick Cooper
25D4FSH872GM,G00274,A Lake Surrounded By Trees With Mountains,https://dy-us-playground.onrender.com/,1857.66,True,https://plus.unsplash.com/premium_photo-1673240367277-e1d394465b56?w=200,art|photography|mountain,lake|surrounded|by|trees|mountains|background,a lake surrounded by trees with mountains in the background,Davey Gravy
45JMTCNIQN7Y,G00274,Landmark Photography Of Trees Near Rocky Mountain,https://dy-us-playground.onrender.com/,464.91,False,https://images.unsplash.com/photo-1426604966848-d7adac402bff?w=200,art|photography|mountain,landmark|photography|trees|near|rocky|mountain|under|blue,landmark photography of trees near rocky mountain under blue skies daytime,Adam Kool
KO2IP5BT056Y,G00125,A Hand Reaching For Something In The,https://dy-us-playground.onrender.com/,153.66,False,https://plus.unsplash.com/premium_photo-1722085060798-a58ffee1e165?w=200,art|photography|nature,hand|reaching|for|something|water,A hand reaching for something in the water,Alex Shuper
12R30PWE96U6,G00125,Gray Concrete Bricks Painted In Blue,https://dy-us-playground.onrender.com/,395.66,True,https://images.unsplash.com/photo-1487088678257-3a541e6e3922?w=200,art|photography|nature,gray|concrete|bricks|painted|blue,gray concrete bricks painted in blue,Patrick Tomasso
RGOR0DA79WLF,G00126,A Car Parked In The Dark With,https://dy-us-playground.onrender.com/,747.49,False,https://plus.unsplash.com/premium_photo-1686730540270-93f2c33351b6?w=200,art|photography|night,car|parked|dark|its|lights,a car parked in the dark with its lights on,Cash Macanaya
39K2TDP8YW9T,G00274,Road Between Green Grass Field Near Mountains,https://dy-us-playground.onrender.com/,1563.99,False,https://images.unsplash.com/photo-1518098268026-4e89f1a2cd8e?w=200,art|photography|mountain,road|between|green|grass|field|near|mountains|under,road between green grass field near mountains under blue and brown sky at golden hour,Luca Micheli
9A1SSF0Z41G5,G00126,A Pink And White Marble Background,https://dy-us-playground.onrender.com/,1962.22,True,https://plus.unsplash.com/premium_photo-1692816142998-4677191a439a?w=200,art|photography|nature,pink|white|marble|background,a pink and white marble background,Susan Wilkinson
7CPWLQXV6QNM,G00126,An Aerial View Of A Desert At,https://dy-us-playground.onrender.com/,1218.55,True,https://images.unsplash.com/photo-1682686580036-b5e25932ce9a?w=200,art|photography|nature,aerial|view|desert|at|sunset,an aerial view of a desert at sunset,NEOM
GV864PE57IFL,G00126,A Bunch Of Flowers That Are Sitting,https://dy-us-playground.onrender.com/,979.62,False,https://plus.unsplash.com/premium_photo-1676478746739-36954ee805ec?w=200,art|photography|nature,bunch|flowers|are|sitting|table,a bunch of flowers that are sitting on a table,Karolina Grabowska
CTAG3RYDK2Q8,G00274,The Sun Is Setting Over The Mountains,https://dy-us-playground.onrender.com/,1678.08,True,https://images.unsplash.com/photo-1682685797365-41f45b562c0a?w=200,art|photography|mountain,sun|is|setting|over|mountains|desert,the sun is setting over the mountains in the desert,NEOM
NMNSKJ9MY5X7,G00126,A View Of A City At Night,https://dy-us-playground.onrender.com/,331.07,True,https://plus.unsplash.com/premium_photo-1723983556128-7f138a28ad16?w=200,art|photography|night,view|city|at|night|eiffel|tower|lit|up,A view of a city at night with the eiffel tower lit up,Dario Brönnimann
803FMSL7SELW,G00126,Orange Flowers,https://dy-us-playground.onrender.com/,182.51,False,https://images.unsplash.com/photo-1465146344425-f00d5f5c8f07?w=200,art|photography|nature,orange|flowers,orange flowers,enrico bet
GC34D46QKO3C,G00127,A Close Up Of A Red And,https://dy-us-playground.onrender.com/,599.72,True,https://plus.unsplash.com/premium_photo-1667428818562-fc8379f23bfe?w=200,art|photography|nature,close|up|red|white|object|black|background,a close up of a red and white object on a black background,George C
0MLHPUWAK630,G00127,The Sun Is Setting Over The Ocean,https://dy-us-playground.onrender.com/,1562.94,False,https://plus.unsplash.com/premium_photo-1726994886373-58ad9005f434?w=200,art|photography|nature,sun|is|setting|over|ocean|rocks,The sun is setting over the ocean and rocks,Daniel Mirlea
RYMYI707FT4E,G00127,Cluster Of Star Illustration,https://dy-us-playground.onrender.com/,47.17,False,https://images.unsplash.com/photo-1504333638930-c8787321eee0?w=200,art|photography|nature,cluster|star|illustration,cluster of star illustration,Bryan Goff
SCD1SRFIHITF,G00127,Areal Photography Of City Buildings,https://dy-us-playground.onrender.com/,1691.13,False,https://images.unsplash.com/photo-1544077960-604201fe74bc?w=200,art|photography|nature,areal|photography|city|buildings,areal photography of city buildings,Andre Benz
CVJMNUQVTFFD,G00275,Landscape Photography Of Mountain Hit By Sun,https://dy-us-playground.onrender.com/,269.17,True,https://images.unsplash.com/photo-1469474968028-56623f02e42e?w=200,art|photography|mountain,landscape|photography|mountain|hit|by|sun|rays,landscape photography of mountain hit by sun rays,Urban Vintage
383Y109Y7FLX,G00127,A Computer Generated Image Of A Blue,https://dy-us-playground.onrender.com/,1730.31,False,https://images.unsplash.com/photo-1653299832314-5d3dc1e5a83c?w=200,art|photography|nature,computer|generated|image|blue|object,a computer generated image of a blue object,Tiago Wolf
KF0BZ7262JGV,G00275,Aerial Photography Of Green Mountain Beside Body,https://dy-us-playground.onrender.com/,996.22,True,https://images.unsplash.com/photo-1505852679233-d9fd70aff56d?w=200,art|photography|mountain,aerial|photography|green|mountain|beside|body|water|under,aerial photography of green mountain beside body of water under white sky,Braden Jarvis
BA0B7HWPRIMP,G00127,A Black And Blue Abstract Background With,https://dy-us-playground.onrender.com/,331.14,True,https://plus.unsplash.com/premium_photo-1673795754005-214e3e1fccba?w=200,art|photography|nature,black|blue|abstract|background|wavy|shapes,a black and blue abstract background with wavy shapes,Pawel Czerwinski
CQR8SDL5Q39R,G00128,Black And Gray Abstract Illustration,https://dy-us-playground.onrender.com/,464.22,False,https://images.unsplash.com/photo-1501975558162-0be7b8ca95ea?w=200,art|photography|nature,black|gray|abstract|illustration,black and gray abstract illustration,Jeremy Bishop
VAIIBFTR90YZ,G00128,A Bunch Of Flowers That Are In,https://dy-us-playground.onrender.com/,1669.01,True,https://plus.unsplash.com/premium_photo-1690031000842-1ac0508f18b7?w=200,art|photography|nature,bunch|flowers|are|grass,a bunch of flowers that are in the grass,Elisabeth Jurenka
JOYQD1NTED0F,G00128,Canyon Beneath The Stars,https://dy-us-playground.onrender.com/,1081.18,False,https://images.unsplash.com/photo-1537819191377-d3305ffddce4?w=200,art|photography|nature,canyon|beneath|stars,canyon beneath the stars,John Fowler
PXCGRMOPWWY1,G00275,Calm Body Of Water Near Alp Mountains,https://dy-us-playground.onrender.com/,1178.36,False,https://images.unsplash.com/photo-1436891620584-47fd0e565afb?w=200,art|photography|mountain,calm|body|water|near|alp|mountains|during|nighttime,calm body of water near alp mountains during nighttime,kazuend
CFQWCB1UAM8Z,G00128,A Large Waterfall With Lots Of Water,https://dy-us-playground.onrender.com/,1416.38,False,https://plus.unsplash.com/premium_photo-1675448891094-0f3acc556fdb?w=200,art|photography|nature,large|waterfall|lots|water|cascading,a large waterfall with lots of water cascading,Hans
B70Q54SGVPKF,G00128,Pagoda Temple Surrounded By Trees,https://dy-us-playground.onrender.com/,29.65,True,https://images.unsplash.com/photo-1542640244-7e672d6cef4e?w=200,art|photography|nature,pagoda|temple|surrounded|by|trees,pagoda temple surrounded by trees,Tianshu Liu
MGPTDLD3PQUP,G00128,A Man Standing In A Field Under,https://dy-us-playground.onrender.com/,1980.78,True,https://plus.unsplash.com/premium_photo-1722111091429-dd3dc55979d3?w=200,art|photography|nature,man|standing|field|under|flying|saucer,A man standing in a field under a flying saucer,Alex Shuper
GR7EYLSE35V0,G00129,Waterfalls Near Cave At Daytime,https://dy-us-playground.onrender.com/,732.29,True,https://images.unsplash.com/photo-1501908734255-16579c18c25f?w=200,art|photography|nature,waterfalls|near|cave|at|daytime,waterfalls near cave at daytime,Joshua Sortino
X1Q415HQ0QMT,G00129,Ocean Wave At Beach,https://dy-us-playground.onrender.com/,1894.29,True,https://images.unsplash.com/photo-1500375592092-40eb2168fd21?w=200,art|photography|nature,ocean|wave|at|beach,ocean wave at beach,Mourad Saadi
U698T1D5E7TB,G00129,Calm Body Of Water Surrounded By Trees,https://dy-us-playground.onrender.com/,1397.32,False,https://images.unsplash.com/photo-1454982523318-4b6396f39d3a?w=200,art|photography|nature,calm|body|water|surrounded|by|trees|near|cliff,calm body of water surrounded by trees near cliff,Christian Joudrey
AT7AW6U4S18T,G00275,Landscape Photography Of Body Of Water Overlooking,https://dy-us-playground.onrender.com/,1437.45,True,https://images.unsplash.com/photo-1531512073830-ba890ca4eba2?w=200,art|photography|mountain,landscape|photography|body|water|overlooking|mountain|range,landscape photography of body of water overlooking mountain range,Tom Gainor
GML73ZHWV22Y,G00129,Yellow And White Balloons On Orange Surface,https://dy-us-playground.onrender.com/,1980.28,True,https://images.unsplash.com/photo-1618005198919-d3d4b5a92ead?w=200,art|photography|nature,yellow|white|balloons|orange|surface,yellow and white balloons on orange surface,Milad Fakurian
LF2J9FE5VXHI,G00129,A Black And White Photo Of An,https://dy-us-playground.onrender.com/,1213.22,True,https://images.unsplash.com/photo-1632059368252-be6d65abc4e2?w=200,art|photography|nature,black|white|photo|abstract|object,a black and white photo of an abstract object,Milad Fakurian
XSC5HFCM10AG,G00129,Brown Wooden Boat Floating On Body Of,https://dy-us-playground.onrender.com/,806.65,True,https://images.unsplash.com/photo-1505159940484-eb2b9f2588e2?w=200,art|photography|nature,brown|wooden|boat|floating|body|water,brown wooden boat floating on body of water,Artem Sapegin
LFYVS7BAMON9,G00130,A Group Of Animals Walking Across A,https://dy-us-playground.onrender.com/,1336.4,False,https://images.unsplash.com/photo-1682687982204-f1a77dcc3067?w=200,art|photography|nature,group|animals|walking|across|grass|covered|field,a group of animals walking across a grass covered field,NEOM
Z9GQYR2NMGXZ,G00130,Aerial View Of Seashore With Stones,https://dy-us-playground.onrender.com/,47.96,True,https://images.unsplash.com/photo-1494879540385-bc170b0878a7?w=200,art|photography|nature,aerial|view|seashore|stones,aerial view of seashore with stones,samsommer
3WORX0L0Z91X,G00130,A White Shelf Topped With A Vase,https://dy-us-playground.onrender.com/,1496.91,False,https://plus.unsplash.com/premium_photo-1680784028503-8f08d56894fa?w=200,art|photography|nature,white|shelf|topped|vase|filled|flowers,a white shelf topped with a vase filled with flowers,Allison Saeng
ZQ4E8HH8586A,G00130,A Close Up Of A Black And,https://dy-us-playground.onrender.com/,130.49,False,https://images.unsplash.com/photo-1556139930-c23fa4a4f934?w=200,art|photography|nature,close|up|black|brown|abstract|painting,a close up of a black and brown abstract painting,Pawel Czerwinski
ZLMW2MHZQJRF,G00275,Foggy Mountain Summit,https://dy-us-playground.onrender.com/,1747.38,True,https://images.unsplash.com/photo-1470071459604-3b5ec3a7fe05?w=200,art|photography|mountain,foggy|mountain|summit,foggy mountain summit,v2osk
ST14DZYMS3YW,G00275,Glacier Mountains During Day,https://dy-us-playground.onrender.com/,388.58,False,https://images.unsplash.com/photo-1544198365-f5d60b6d8190?w=200,art|photography|mountain,glacier|mountains|during|day,glacier mountains during day,Kurt Cotoaga
DBKBW2US41PX,G00130,Mt Fuji Japan,https://dy-us-playground.onrender.com/,1382.32,False,https://images.unsplash.com/photo-1490806843957-31f4c9a91c65?w=200,art|photography|nature,mt|fuji|japan,"Mt. Fuji, Japan",JJ Ying
TL3A1L5OM7X9,G00276,A Desert Landscape With A Mountain Range,https://dy-us-playground.onrender.com/,1113.53,True,https://images.unsplash.com/photo-1682686581427-7c80ab60e3f3?w=200,art|photography|mountain,desert|landscape|mountain|range|background,a desert landscape with a mountain range in the background,NEOM
1HIG02F8A5ZZ,G00130,Yellow Volkswagen Van On Road,https://dy-us-playground.onrender.com/,1827.97,False,https://images.unsplash.com/photo-1469854523086-cc02fe5d8800?w=200,art|photography|nature,yellow|volkswagen|van|road,yellow Volkswagen van on road,Dino Reichmuth
QD4945RE4I9Q,G00131,An Abstract Painting With Black Pink And,https://dy-us-playground.onrender.com/,587.35,False,https://plus.unsplash.com/premium_photo-1692816142871-e3894a3dc48e?w=200,art|photography|nature,abstract|painting|black|pink|blue|colors,"an abstract painting with black, pink, and blue colors",Susan Wilkinson
VQ6ZEKWIHX7Z,G00131,A Large Rock Formation With A Small,https://dy-us-playground.onrender.com/,127.3,True,https://images.unsplash.com/photo-1682685797736-dabb341dc7de?w=200,art|photography|nature,large|rock|formation|small|hole|middle|it,a large rock formation with a small hole in the middle of it,NEOM
AD6J1PSU8PX6,G00276,White Buildings Beside Seashore Behind Mountain Under,https://dy-us-playground.onrender.com/,1929.28,True,https://images.unsplash.com/photo-1535320404287-416e2c6d2b41?w=200,art|photography|mountain,white|buildings|beside|seashore|behind|mountain|under|thick,white buildings beside seashore behind mountain under thick clouds,Jason Ortego
192ICXA4D4WK,G00131,Blue Skies Filled Of Stars,https://dy-us-playground.onrender.com/,1904.03,False,https://images.unsplash.com/photo-1496715976403-7e36dc43f17b?w=200,art|photography|nature,blue|skies|filled|stars,blue skies filled of stars,Billy Huynh
IGWAOBM11S67,G00131,Gray Concrete Road Between Brown And Green,https://dy-us-playground.onrender.com/,794.18,True,https://images.unsplash.com/photo-1476820865390-c52aeebb9891?w=200,art|photography|nature,gray|concrete|road|between|brown|green|leaf|trees,gray concrete road between brown and green leaf trees at daytime,Patrick Tomasso
SQTJSAGNC70K,G00131,A Group Of White And Gold Tiles,https://dy-us-playground.onrender.com/,1854.15,True,https://plus.unsplash.com/premium_photo-1673480195911-3075a87738b0?w=200,art|photography|nature,group|white|gold|tiles|surface,a group of white and gold tiles on a white surface,Rodion Kutsaiev
ORNZSXCOYL8M,G00276,Photo Of Mountains And Trees,https://dy-us-playground.onrender.com/,1351.61,False,https://images.unsplash.com/photo-1482784160316-6eb046863ece?w=200,art|photography|mountain,photo|mountains|trees,photo of mountains and trees,jms
Z27JUS3XDVFI,G00276,A Snowy Path Leading To A Mountain,https://dy-us-playground.onrender.com/,1313.43,True,https://plus.unsplash.com/premium_photo-1685977494926-d1f8efd44c3c?w=200,art|photography|winter,snowy|path|leading|to|mountain|at|night,a snowy path leading to a mountain at night,Ales Krivec
NT5SE6WYK71Y,G00131,Aerial Photography Of Body Of Water During,https://dy-us-playground.onrender.com/,975.65,False,https://images.unsplash.com/photo-1560759226-14da22a643ef?w=200,art|photography|nature,aerial|photography|body|water|during|daytime,aerial photography of body of water during daytime,Patrick Langwallner
XBNE8NVG2SWL,G00132,A View Of The Ocean From A,https://dy-us-playground.onrender.com/,1062.21,True,https://plus.unsplash.com/premium_photo-1680883415316-1a0d97b96478?w=200,art|photography|nature,view|ocean|sandy|beach,a view of the ocean from a sandy beach,Hans
FQDHQB47MNZ4,G00132,A Group Of People Walking Down A,https://dy-us-playground.onrender.com/,1534.02,True,https://plus.unsplash.com/premium_photo-1674718013659-6930c469e641?w=200,art|photography|night,group|people|walking|down|street|at|night,a group of people walking down a street at night,Raphael Lopes
2YF97HPSYWNF,G00132,Timelapse Photography Of Vehicles And Buildings,https://dy-us-playground.onrender.com/,588.61,True,https://images.unsplash.com/photo-1498036882173-b41c28a8ba34?w=200,art|photography|nature,timelapse|photography|vehicles|buildings,timelapse photography of vehicles and buildings,Pawel Nolbert
KG7YJQ6K8R7K,G00276,Snow Covered Mountain Under Blue Sky During,https://dy-us-playground.onrender.com/,547.62,True,https://images.unsplash.com/photo-1607024301817-3bbc081205cd?w=200,art|photography|winter,snow|covered|mountain|under|blue|sky|during|daytime,snow covered mountain under blue sky during daytime,Marek Piwnicki
423ATBA8S5JI,G00132,A Black Background With A Pink And,https://dy-us-playground.onrender.com/,1944.81,True,https://images.unsplash.com/photo-1654198340681-a2e0fc449f1b?w=200,art|photography|nature,black|background|pink|blue|swirl,a black background with a pink and blue swirl,Pawel Czerwinski
0O19PPNADH5N,G00276,A Snow Covered Mountain With Trees And,https://dy-us-playground.onrender.com/,1048.77,True,https://plus.unsplash.com/premium_photo-1675714692779-0c451bbd796a?w=200,art|photography|winter,snow|covered|mountain|trees|clouds|background,a snow covered mountain with trees and clouds in the background,Daniel Mirlea
W90AE26PZAWK,G00132,A Collage Of Pictures And Words On,https://dy-us-playground.onrender.com/,587.06,True,https://images.unsplash.com/photo-1541359927273-d76820fc43f9?w=200,art|photography|nature,collage|pictures|words|white|wall,a collage of pictures and words on a white wall,Andy Vult
Z61WJI2TF3TY,G00132,White Desk Lamp Beside Green Plant,https://dy-us-playground.onrender.com/,495.59,True,https://images.unsplash.com/photo-1533090161767-e6ffed986c88?w=200,art|photography|nature,white|desk|lamp|beside|green|plant,white desk lamp beside green plant,Samantha Gades
EDOPW7X43106,G00133,Low Light Photography Of Vehicle Crossing Road,https://dy-us-playground.onrender.com/,1159.72,False,https://images.unsplash.com/photo-1512850183-6d7990f42385?w=200,art|photography|nature,low|light|photography|vehicle|crossing|road|between|high,low light photography of vehicle crossing road between high-rise buildings,Malte Schmidt
ON1UB2KA3FVO,G00277,Silhouette Of Mountains During Nigh Time Photography,https://dy-us-playground.onrender.com/,548.4,True,https://images.unsplash.com/photo-1485470733090-0aae1788d5af?w=200,art|photography|mountain,silhouette|mountains|during|nigh|time|photography,silhouette of mountains during nigh time photography,Daniel Leone
79UKN1RJI9LV,G00133,A Vase Filled With Flowers On Top,https://dy-us-playground.onrender.com/,1796.15,True,https://plus.unsplash.com/premium_photo-1676478746576-a3e1a9496c23?w=200,art|photography|nature,vase|filled|flowers|top|table,a vase filled with flowers on top of a table,Karolina Grabowska
K6JRXC1UQDT6,G00133,Grey Sand Wave,https://dy-us-playground.onrender.com/,1268.08,False,https://images.unsplash.com/photo-1533134486753-c833f0ed4866?w=200,art|photography|nature,grey|sand|wave,grey sand wave,Adrien Olichon
4ODABJH021QI,G00133,Yellow And White Abstract Painting,https://dy-us-playground.onrender.com/,232.76,False,https://images.unsplash.com/photo-1620121692029-d088224ddc74?w=200,art|photography|nature,yellow|white|abstract|painting,yellow and white abstract painting,Richard Horvath
VX1MSCGCLUHT,G00277,Brown Mountains Under Blue Sky,https://dy-us-playground.onrender.com/,69.0,True,https://images.unsplash.com/photo-1502790671504-542ad42d5189?w=200,art|photography|mountain,brown|mountains|under|blue|sky,brown mountains under blue sky,Mohammad Alizade
DHA147S1HS9C,G00133,Grey And Black Bridge,https://dy-us-playground.onrender.com/,1427.29,False,https://images.unsplash.com/photo-1576225410873-a28b2a79fd93?w=200,art|photography|nature,grey|black|bridge,grey and black bridge,Cedric Letsch
W8U8JUOIX4NR,G00133,A Watercolor Painting Of A Sky And,https://dy-us-playground.onrender.com/,1080.85,True,https://plus.unsplash.com/premium_photo-1667502842264-9cdcdac36086?w=200,art|photography|nature,watercolor|painting|sky|clouds,a watercolor painting of a sky and clouds,Kseniya Lapteva
MUFRNAMMH7AY,G00277,Landscape Photography Of Mountains,https://dy-us-playground.onrender.com/,1614.38,True,https://images.unsplash.com/photo-1500964757637-c85e8a162699?w=200,art|photography|mountain,landscape|photography|mountains,landscape photography of mountains,simon
PC72MM7UCZRT,G00134,Photo Of Valley,https://dy-us-playground.onrender.com/,952.51,True,https://images.unsplash.com/photo-1498429089284-41f8cf3ffd39?w=200,art|photography|nature,photo|valley,photo of valley,Aniket Deole
RZ72THKADCUS,G00134,Train On Bridge Surrounded With Trees At,https://dy-us-playground.onrender.com/,1409.75,True,https://images.unsplash.com/photo-1505832018823-50331d70d237?w=200,art|photography|nature,train|bridge|surrounded|trees|at|daytime,train on bridge surrounded with trees at daytime,Jack Anstey
OKE0WH8Q8ITK,G00134,Blue And White Heart Illustration,https://dy-us-playground.onrender.com/,582.99,True,https://images.unsplash.com/photo-1620121478247-ec786b9be2fa?w=200,art|photography|nature,blue|white|heart|illustration,blue and white heart illustration,Richard Horvath
210E8QRGNPLR,G00134,White Sand,https://dy-us-playground.onrender.com/,661.52,True,https://images.unsplash.com/photo-1554147090-e1221a04a025?w=200,art|photography|nature,white|sand,white sand,John Fowler
V29D2H8XOEJ9,G00134,Silhouette Of Trees Covered By Fog,https://dy-us-playground.onrender.com/,1108.25,True,https://images.unsplash.com/photo-1487621167305-5d248087c724?w=200,art|photography|nature,silhouette|trees|covered|by|fog,silhouette of trees covered by fog,Paul Pastourmatzis
GHL9QUCRWMHS,G00134,Jetski On Body Of Water,https://dy-us-playground.onrender.com/,1406.79,False,https://images.unsplash.com/photo-1503327431567-3ab5e6e79140?w=200,art|photography|nature,jetski|body|water,jetski on body of water,Mado El Khouly
UI0MBTHNIGYB,G00135,Seashore During Golden Hour,https://dy-us-playground.onrender.com/,1975.2,False,https://images.unsplash.com/photo-1507525428034-b723cf961d3e?w=200,art|photography|nature,seashore|during|golden|hour,seashore during golden hour,Sean Oulashin
0XYYVGRB33XT,G00277,Photo Of Mountain,https://dy-us-playground.onrender.com/,104.13,False,https://images.unsplash.com/photo-1509023464722-18d996393ca8?w=200,art|photography|mountain,photo|mountain,photo of mountain,Clay Banks
KLP1V4EFNK4Z,G00135,Green Leaf Tree Under Blue Sky,https://dy-us-playground.onrender.com/,1758.82,True,https://images.unsplash.com/photo-1502082553048-f009c37129b9?w=200,art|photography|nature,green|leaf|tree|under|blue|sky,green leaf tree under blue sky,niko photos
NLTXR75BTXXV,G00135,Blue And Orange Smoke,https://dy-us-playground.onrender.com/,1515.21,False,https://images.unsplash.com/photo-1541701494587-cb58502866ab?w=200,art|photography|nature,blue|orange|smoke,blue and orange smoke,Lucas K
IRZRRR75IBTJ,G00135,Photo Of Two Black White And Orange,https://dy-us-playground.onrender.com/,1776.48,False,https://images.unsplash.com/photo-1466354424719-343280fe118b?w=200,art|photography|nature,photo|two|black|white|orange|koi|fish,"photo of two black, white, and orange koi fish",Sora Sagano
ARUMGERISNVK,G00135,Blue Starry Night,https://dy-us-playground.onrender.com/,1303.06,True,https://images.unsplash.com/photo-1470813740244-df37b8c1edcb?w=200,art|photography|night,blue|starry|night,blue starry night,Mark Basarab
L0IKGOMF1OPJ,G00135,City Lights Reflection On Water,https://dy-us-playground.onrender.com/,572.98,False,https://images.unsplash.com/photo-1502754388-a9bce5374fb8?w=200,art|photography|nature,city|lights|reflection|water,city lights reflection on water,javen yang
VJIZ14IOZZCS,G00136,White And Blue Smoke Illustration,https://dy-us-playground.onrender.com/,928.81,True,https://images.unsplash.com/photo-1620503374956-c942862f0372?w=200,art|photography|nature,white|blue|smoke|illustration,white and blue smoke illustration,Pawel Czerwinski
5SLJZ0KTOD5X,G00136,Brown Cardboard Box With Yellow Light,https://dy-us-playground.onrender.com/,138.63,True,https://images.unsplash.com/photo-1622737133809-d95047b9e673?w=200,art|photography|nature,brown|cardboard|box|yellow|light,brown cardboard box with yellow light,Sebastian Svenson
OGNYX6XP15V7,G00277,Black And White Mountains Under White Sky,https://dy-us-playground.onrender.com/,1055.44,False,https://images.unsplash.com/photo-1609342122563-a43ac8917a3a?w=200,art|photography|mountain,black|white|mountains|under|sky|during|daytime,black and white mountains under white sky during daytime,Tobias Rademacher
R3PIG5135HSG,G00136,Dream Big Text,https://dy-us-playground.onrender.com/,401.01,False,https://images.unsplash.com/photo-1548438294-1ad5d5f4f063?w=200,art|photography|nature,dream|big|text,Dream Big text,Randy Tarampi
9TYGET38Z7UK,G00277,Concrete Road Between Mountains,https://dy-us-playground.onrender.com/,1746.72,False,https://images.unsplash.com/photo-1451337516015-6b6e9a44a8a3?w=200,art|photography|mountain,concrete|road|between|mountains,concrete road between mountains,Andrew Ridley
Z90OY86WG9XD,G00278,A Mountain With Clouds Above It,https://dy-us-playground.onrender.com/,1360.97,False,https://plus.unsplash.com/premium_photo-1669885054268-cbd716cb8b52?w=200,art|photography|mountain,mountain|clouds|above|it,a mountain with clouds above it,Ales Krivec
DC45Z63W6KT7,G00136,Three Brown Wooden Boat On Blue Lake,https://dy-us-playground.onrender.com/,1750.22,False,https://images.unsplash.com/photo-1501785888041-af3ef285b470?w=200,art|photography|nature,three|brown|wooden|boat|blue|lake|water|taken,three brown wooden boat on blue lake water taken at daytime,Pietro De Grandi
RW17X04IOQ4A,G00278,Fantastic Starry Sky Beautiful Winter Landscape And,https://dy-us-playground.onrender.com/,1710.78,True,https://plus.unsplash.com/premium_photo-1661277738780-34bfa7383ec5?w=200,art|photography|winter,fantastic|starry|sky|beautiful|winter|landscape|snow|capped,"Fantastic starry sky. Beautiful winter landscape and snow-capped peaks. Picturesque Mountains. Mountain view. Courtesy of NASA. Carpathians, Ukraine, Europe",Getty Images
2CC24IXACM67,G00136,Golden Hour Photography Of Docking Pier On,https://dy-us-playground.onrender.com/,548.57,True,https://images.unsplash.com/photo-1498550744921-75f79806b8a7?w=200,art|photography|nature,golden|hour|photography|docking|pier|body|water,golden hour photography of docking pier on body of water,Anders Jildén
232R25T8GGA5,G00136,Hot Air Balloon Contest,https://dy-us-playground.onrender.com/,317.97,False,https://images.unsplash.com/photo-1433838552652-f9a46b332c40?w=200,art|photography|nature,hot|air|balloon|contest,hot air balloon contest,Daniela Cuevas
X7SPILELB1SN,G00366,Birds Flying Near Clouds,https://dy-us-playground.onrender.com/,721.12,True,https://images.unsplash.com/photo-1529528744093-6f8abeee511d?w=200,animals|wildlife|birds|nature,birds|flying|near|clouds,birds flying near clouds,Kenrick Mills
2ZIJYNS2AXVA,G00137,A Blurry Photo Of A Pink And,https://dy-us-playground.onrender.com/,485.2,True,https://plus.unsplash.com/premium_photo-1671308539073-ebf8985a6a11?w=200,art|photography|nature,blurry|photo|pink|blue|background,a blurry photo of a pink and blue background,Pawel Czerwinski
J1VJ0GZJ46G9,G00137,Sea Of Clouds,https://dy-us-playground.onrender.com/,243.31,False,https://images.unsplash.com/photo-1475727946784-2890c8fdb9c8?w=200,art|photography|nature,sea|clouds,sea of clouds,Arto Marttinen
HYUDVCBO8YTN,G00137,Assortedcolor Lockers,https://dy-us-playground.onrender.com/,1532.33,True,https://images.unsplash.com/photo-1504275107627-0c2ba7a43dba?w=200,art|photography|nature,assorted|color|lockers,assorted-color lockers,moren hsu
DIZGJD4E3R23,G00137,Pink And Black Wallpaper,https://dy-us-playground.onrender.com/,1236.7,True,https://images.unsplash.com/photo-1563089145-599997674d42?w=200,art|photography|nature,pink|black|wallpaper,pink and black wallpaper,Jr Korpa
CUGHH2MFPQ9O,G00137,Aerial View Of Land,https://dy-us-playground.onrender.com/,1069.5,False,https://images.unsplash.com/photo-1565772838491-cbeb32fac6ca?w=200,art|photography|nature,aerial|view|land,aerial view of land,Taneli Lahtinen
VO6O6WSJ2H65,G00278,Mountain Reflection On Body Of Water,https://dy-us-playground.onrender.com/,1200.58,False,https://images.unsplash.com/photo-1493246507139-91e8fad9978e?w=200,art|photography|mountain,mountain|reflection|body|water,mountain reflection on body of water,garrett parker
4ZCP8EZ4NZCM,G00278,Snowcovered Mountain During A Twilight Sky,https://dy-us-playground.onrender.com/,1796.17,False,https://images.unsplash.com/photo-1502657877623-f66bf489d236?w=200,art|photography|winter,snow|covered|mountain|during|twilight|sky,snow-covered mountain during a twilight sky,Casey Horner
56LUQE5COSPM,G00137,Bridge During Night Time,https://dy-us-playground.onrender.com/,324.12,False,https://images.unsplash.com/photo-1499856871958-5b9627545d1a?w=200,art|photography|night,bridge|during|night|time,bridge during night time,Léonard Cotte
WI4KGOOIVKQN,G00138,A Multicolored Tile Wall With A Pattern,https://dy-us-playground.onrender.com/,209.93,False,https://images.unsplash.com/photo-1458682625221-3a45f8a844c7?w=200,art|photography|nature,multicolored|tile|wall|pattern|small|squares,a multicolored tile wall with a pattern of small squares,Andrew Ridley
48VMOBPR4PTX,G00138,Glacier Near Body Of Water,https://dy-us-playground.onrender.com/,1057.52,True,https://images.unsplash.com/photo-1473654729523-203e25dfda10?w=200,art|photography|nature,glacier|near|body|water,glacier near body of water,Emma Francis
1VNQ6VXB9QZI,G00138,A White And Blue Abstract Background With,https://dy-us-playground.onrender.com/,1211.59,False,https://plus.unsplash.com/premium_photo-1670793629729-27b99a178377?w=200,art|photography|nature,white|blue|abstract|background|curved|lines,a white and blue abstract background with curved lines,Pawel Czerwinski
79LVZVUP86ME,G00138,Asphalt Road Surrounded By Trees Under Skies,https://dy-us-playground.onrender.com/,1625.9,False,https://images.unsplash.com/photo-1507667522877-ad03f0c7b0e0?w=200,art|photography|nature,asphalt|road|surrounded|by|trees|under|skies,asphalt road surrounded by trees under skies,Marcelo Vaz
E74DUGF1R3A7,G00138,Three Bicycles Parked In Front Of Building,https://dy-us-playground.onrender.com/,1636.83,False,https://images.unsplash.com/photo-1480796927426-f609979314bd?w=200,art|photography|nature,three|bicycles|parked|front|building,three bicycles parked in front of building,Clay Banks
Z53NZI85U9DG,G00138,Water Reflection Of Coconut Palm Trees,https://dy-us-playground.onrender.com/,245.63,True,https://images.unsplash.com/photo-1507187632231-5beb21a654a2?w=200,art|photography|nature,water|reflection|coconut|palm|trees,water reflection of coconut palm trees,Dan Freeman
TRLJ5H8WZY8P,G00139,Black Motorcycle,https://dy-us-playground.onrender.com/,141.06,True,https://images.unsplash.com/photo-1558981285-6f0c94958bb6?w=200,art|photography|nature,black|motorcycle,black motorcycle,Harley-Davidson
HL1CYZ17L81K,G00139,The Night Sky Is Reflected In The,https://dy-us-playground.onrender.com/,1794.6,False,https://plus.unsplash.com/premium_photo-1686255006386-5f58b00ffe9d?w=200,art|photography|night,night|sky|is|reflected|still|water|lake,the night sky is reflected in the still water of a lake,Ales Krivec
3UHX1P4AVZ4N,G00139,Blue And White Round Illustration,https://dy-us-playground.onrender.com/,919.26,True,https://images.unsplash.com/photo-1622547748225-3fc4abd2cca0?w=200,art|photography|nature,blue|white|round|illustration,blue and white round illustration,Sebastian Svenson
MWE0E0I87XTQ,G00139,Highangle View Of High Rise Buildings,https://dy-us-playground.onrender.com/,324.7,True,https://images.unsplash.com/photo-1548919973-5cef591cdbc9?w=200,art|photography|nature,high|angle|view|rise|buildings,high-angle view of high rise buildings,Denys Nevozhai
7570LNBJ2MUA,G00139,White Sand,https://dy-us-playground.onrender.com/,3.08,False,https://images.unsplash.com/photo-1559666126-84f389727b9a?w=200,art|photography|nature,white|sand,white sand,John Fowler
0J7A21R2IFPJ,G00139,A Palm Leaf Casts A Shadow On,https://dy-us-playground.onrender.com/,1978.07,True,https://plus.unsplash.com/premium_photo-1682050733502-f58b7f499490?w=200,art|photography|nature,palm|leaf|casts|shadow|wall,a palm leaf casts a shadow on a wall,Allec Gomes
EB1B0DC9JV1X,G00366,Birds View Of Tall Trees Covered With,https://dy-us-playground.onrender.com/,1451.11,False,https://images.unsplash.com/photo-1482192596544-9eb780fc7f66?w=200,animals|wildlife|birds|nature,bird|s|view|tall|trees|covered|smokes,bird's view of tall trees covered with smokes,JOHN TOWNER
EBENV1V5X6MY,G00140,Aerial Photo Of Boat On Seashore During,https://dy-us-playground.onrender.com/,536.58,True,https://images.unsplash.com/photo-1500514966906-fe245eea9344?w=200,art|photography|nature,aerial|photo|boat|seashore|during|daytime,aerial photo of boat on seashore during daytime,Caleb George
WM8VW6GBM9QJ,G00140,Aerial View Of Pine Trees In Mist,https://dy-us-playground.onrender.com/,1194.05,False,https://images.unsplash.com/photo-1502252430442-aac78f397426?w=200,art|photography|nature,aerial|view|pine|trees|mist,aerial view of pine trees in mist,Dan Otis
8Q1FYBL5CW7Z,G00140,Desert Under Blue Sky During Daytime,https://dy-us-playground.onrender.com/,548.06,True,https://images.unsplash.com/photo-1581610186406-5f6e9f9edbc1?w=200,art|photography|nature,desert|under|blue|sky|during|daytime,desert under blue sky during daytime,Daniel Olah
TYJKRNXB9UNE,G00140,Red And Black Heart Illustration,https://dy-us-playground.onrender.com/,1349.07,False,https://images.unsplash.com/photo-1620120966883-d977b57a96ec?w=200,art|photography|nature,red|black|heart|illustration,red and black heart illustration,Richard Horvath
NK7UHQ0BPPGS,G00140,A Computer Generated Image Of A Pink,https://dy-us-playground.onrender.com/,660.86,True,https://images.unsplash.com/photo-1637611331620-51149c7ceb94?w=200,art|photography|nature,computer|generated|image|pink|purple|wave,a computer generated image of a pink and purple wave,Pawel Czerwinski
YM1K7LGLAJVS,G00278,Gray Mountain Under White Clouds,https://dy-us-playground.onrender.com/,1197.57,False,https://images.unsplash.com/photo-1509565840034-3c385bbe6451?w=200,art|photography|mountain,gray|mountain|under|white|clouds,gray mountain under white clouds,S&B Vonlanthen
AS2CN5CPLMMK,G00278,Landscape Photography Of Brown Mountain,https://dy-us-playground.onrender.com/,1553.18,True,https://images.unsplash.com/photo-1431794062232-2a99a5431c6c?w=200,art|photography|mountain,landscape|photography|brown|mountain,landscape photography of brown mountain,Wil Stewart
1X53A86T1OKW,G00140,Today Was A Good Day Led Signage,https://dy-us-playground.onrender.com/,1301.43,False,https://images.unsplash.com/photo-1503876466-1fc5143eda57?w=200,art|photography|nature,today|was|good|day|led|signage,Today Was A Good Day LED signage,Patrick Tomasso
BFGMF7NBIKJI,G00141,Purple And White Heart Illustration,https://dy-us-playground.onrender.com/,1363.14,False,https://images.unsplash.com/photo-1620641788421-7a1c342ea42e?w=200,art|photography|nature,purple|white|heart|illustration,purple and white heart illustration,Milad Fakurian
1AY2LAZCEUYV,G00141,Do Something Great Neon Sign,https://dy-us-playground.onrender.com/,1107.86,True,https://images.unsplash.com/photo-1504805572947-34fad45aed93?w=200,art|photography|nature,do|something|great|neon|sign,Do Something Great neon sign,Clark Tibbs
G9210FG7IEET,G00141,White Cloudy Sky,https://dy-us-playground.onrender.com/,412.38,True,https://images.unsplash.com/photo-1536514498073-50e69d39c6cf?w=200,art|photography|nature,white|cloudy|sky,white cloudy sky,Carlos Torres
QYD3IY8ZSXYO,G00141,Green Leafed Plant,https://dy-us-playground.onrender.com/,518.54,False,https://images.unsplash.com/photo-1493552152660-f915ab47ae9d?w=200,art|photography|nature,green|leafed|plant,green leafed plant,Scott Webb
LHW3HXUFHVGD,G00141,Red Concrete Bridge Surrounded By Clouds,https://dy-us-playground.onrender.com/,1759.25,True,https://images.unsplash.com/photo-1490598000245-075175152d25?w=200,art|photography|nature,red|concrete|bridge|surrounded|by|clouds,red concrete bridge surrounded by clouds,Joshua Sortino
4JEB1YXMSJX9,G00141,Open Book Lot,https://dy-us-playground.onrender.com/,489.25,False,https://images.unsplash.com/photo-1457369804613-52c61a468e7d?w=200,art|photography|nature,open|book|lot,open book lot,Patrick Tomasso
KH1ADVO8NOH5,G00279,Trees On Forest With Sun Rays,https://dy-us-playground.onrender.com/,98.8,False,https://images.unsplash.com/photo-1448375240586-882707db888b?w=200,art|photography|forest,trees|forest|sun|rays,trees on forest with sun rays,Sebastian Unrau
7XQ9NH6IOEER,G00279,Body Of Water Between Brown Mountains,https://dy-us-playground.onrender.com/,815.92,False,https://images.unsplash.com/photo-1549558549-415fe4c37b60?w=200,art|photography|mountain,body|water|between|brown|mountains,body of water between brown mountains,Mar Bustos
4OE82047A565,G00142,Grey Fullsuspension Bridge Photography During Daytime,https://dy-us-playground.onrender.com/,1328.13,False,https://images.unsplash.com/photo-1461696114087-397271a7aedc?w=200,art|photography|nature,grey|full|suspension|bridge|photography|during|daytime,grey full-suspension bridge photography during daytime,Anders Jildén
PFJSTN3IYJC0,G00142,Grayscale Photo Of Plant,https://dy-us-playground.onrender.com/,1884.35,False,https://images.unsplash.com/photo-1475257026007-0753d5429e10?w=200,art|photography|nature,grayscale|photo|plant,grayscale photo of plant,Andrew Neel
GBRUGLWRZBJM,G00279,Forest Near Glacier Mountain During Day,https://dy-us-playground.onrender.com/,1042.82,False,https://images.unsplash.com/photo-1500817487388-039e623edc21?w=200,art|photography|forest,forest|near|glacier|mountain|during|day,forest near glacier mountain during day,Sam Ferrara
87S6U85J2W2E,G00367,Birds Eye View Photography Of Island And,https://dy-us-playground.onrender.com/,238.64,False,https://images.unsplash.com/photo-1533150783171-ce47d5c2b6ef?w=200,animals|wildlife|birds|nature,birds|eye|view|photography|island|body|water,birds eye view photography of island and body of water,Jack B
26HAK1YBD7LG,G00142,A Close Up Of A Red Sculpture,https://dy-us-playground.onrender.com/,549.74,True,https://plus.unsplash.com/premium_photo-1674476932917-3689cdfd6642?w=200,art|photography|nature,close|up|red|sculpture|against|blue|sky,a close up of a red sculpture against a blue sky,Flying Object
VNZIAMA6AH4J,G00279,Mountain Terrain Near Body Of Water,https://dy-us-playground.onrender.com/,1025.72,True,https://images.unsplash.com/photo-1504829857797-ddff29c27927?w=200,art|photography|mountain,mountain|terrain|near|body|water,mountain terrain near body of water,Norris Niman
MJVG6ANUCHD2,G00142,A City Street Filled With Lots Of,https://dy-us-playground.onrender.com/,457.02,True,https://plus.unsplash.com/premium_photo-1723983555804-4f76968a2a2d?w=200,art|photography|nature,city|street|filled|lots|tall|buildings,A city street filled with lots of tall buildings,Dario Brönnimann
2C3RXCZDBNJO,G00142,Brown Squirrel On Black Background,https://dy-us-playground.onrender.com/,213.88,True,https://images.unsplash.com/photo-1504006833117-8886a355efbf?w=200,art|photography|nature,brown|squirrel|black|background,brown squirrel on black background,Geranimo
04HWVKFNSW5N,G00279,Brown Wooden Boat Moving Towards The Mountain,https://dy-us-playground.onrender.com/,1899.66,False,https://images.unsplash.com/photo-1476514525535-07fb3b4ae5f1?w=200,art|photography|mountain,brown|wooden|boat|moving|towards|mountain,brown wooden boat moving towards the mountain,Luca Bravo
LPJ4HJ1JAVBR,G00142,A Close Up Of A Fish,https://dy-us-playground.onrender.com/,1717.13,True,https://images.unsplash.com/photo-1637825891028-564f672aa42c?w=200,art|photography|nature,close|up|fish,a close up of a fish,Milad Fakurian
EVEALHPO58Y7,G00143,A Person Standing On Top Of A,https://dy-us-playground.onrender.com/,1656.48,False,https://images.unsplash.com/photo-1682686580433-2af05ee670ad?w=200,art|photography|nature,person|standing|top|sand|dune,a person standing on top of a sand dune,NEOM
BSEN0CE6OJOG,G00143,Aerial View Of Beach Shore,https://dy-us-playground.onrender.com/,812.95,False,https://images.unsplash.com/photo-1489914099268-1dad649f76bf?w=200,art|photography|nature,aerial|view|beach|shore,aerial view of beach shore,Jakob Owens
MLKA62O5CEEN,G00143,Brown Giraffe,https://dy-us-playground.onrender.com/,1627.39,True,https://images.unsplash.com/photo-1485735662814-c4f66e49dbae?w=200,art|photography|nature,brown|giraffe,brown giraffe,Gary Bendig
VE1S1PS2XU8A,G00143,A Vase Filled With Yellow Flowers On,https://dy-us-playground.onrender.com/,45.25,False,https://plus.unsplash.com/premium_photo-1676009547155-32d75ba9d089?w=200,art|photography|nature,vase|filled|yellow|flowers|top|white|table,a vase filled with yellow flowers on top of a white table,Anita Austvika
692Z4E957EN2,G00143,Light Blue To Dark Blue Gradient,https://dy-us-playground.onrender.com/,1393.4,True,https://images.unsplash.com/photo-1557683316-973673baf926?w=200,art|photography|night,light|blue|to|dark|gradient,Light blue to dark blue gradient,Luke Chesser
129DLYO8CSJQ,G00279,Mountain Dew During Sunrise,https://dy-us-playground.onrender.com/,1879.21,False,https://images.unsplash.com/photo-1444927714506-8492d94b4e3d?w=200,art|photography|mountain,mountain|dew|during|sunrise,mountain dew during sunrise,Paul Earle
R6TAKBV68CZI,G00143,Time Lapse Car Running On Road,https://dy-us-playground.onrender.com/,1398.77,False,https://images.unsplash.com/photo-1495420378468-78588a508652?w=200,art|photography|nature,time|lapse|car|running|road,time lapse car running on road,Osman Rana
9WKO6B79UXTV,G00144,Assortedcolor Hot Air Balloons During Daytime,https://dy-us-playground.onrender.com/,850.57,False,https://images.unsplash.com/photo-1507608869274-d3177c8bb4c7?w=200,art|photography|nature,assorted|color|hot|air|balloons|during|daytime,assorted-color hot air balloons during daytime,ian dooley
LUSHUMSWQO50,G00144,An Aerial View Of A Desert With,https://dy-us-playground.onrender.com/,214.23,False,https://images.unsplash.com/photo-1682687218608-5e2522b04673?w=200,art|photography|nature,aerial|view|desert|rocks|sand,an aerial view of a desert with rocks and sand,NEOM
5PTEILLDC43G,G00144,A Black And Brown Flower With A,https://dy-us-playground.onrender.com/,1494.69,False,https://plus.unsplash.com/premium_photo-1686593681087-774c9c55fed2?w=200,art|photography|nature,black|brown|flower|background,a black and brown flower with a black background,Planet Volumes
G4BSWF65UUO3,G00280,Snow Covered Mountain During Nighttime,https://dy-us-playground.onrender.com/,1254.54,True,https://images.unsplash.com/photo-1554176259-aa961fc32671?w=200,art|photography|winter,snow|covered|mountain|during|nighttime,snow covered mountain during nighttime,Tyler Lastovich
FT36G98JWNWA,G00144,Red Moon,https://dy-us-playground.onrender.com/,1047.13,False,https://images.unsplash.com/photo-1532779952550-b8fc9200ed8c?w=200,art|photography|nature,red|moon,red moon,Federico Beccari
7KR3QFAEKXAX,G00144,A Blue Abstract Background With Wavy Shapes,https://dy-us-playground.onrender.com/,1714.0,True,https://plus.unsplash.com/premium_photo-1670793629760-e6432f5a9213?w=200,art|photography|nature,blue|abstract|background|wavy|shapes,a blue abstract background with wavy shapes,Pawel Czerwinski
FOH20GG92FUT,G00280,Body Of Water And Snowcovered Mountains During,https://dy-us-playground.onrender.com/,1730.77,False,https://images.unsplash.com/photo-1480497490787-505ec076689f?w=200,art|photography|winter,body|water|snow|covered|mountains|during|daytime,body of water and snow-covered mountains during daytime,Tim Stief
L2LH6UZZOXK4,G00144,A Green And Yellow Background With Some,https://dy-us-playground.onrender.com/,859.94,False,https://plus.unsplash.com/premium_photo-1672346462295-afd87d7f4a59?w=200,art|photography|nature,green|yellow|background|some|curves,a green and yellow background with some curves,Philip Oroni
WF5PDD9HXDMD,G00145,Fern Plant,https://dy-us-playground.onrender.com/,972.96,True,https://images.unsplash.com/photo-1476842634003-7dcca8f832de?w=200,art|photography|nature,fern|plant,fern plant,Jeremy Bishop
Y8UG4TSMRTLX,G00145,A Long Exposure Photo Of A Plane,https://dy-us-playground.onrender.com/,1324.32,True,https://plus.unsplash.com/premium_photo-1685708016819-a5b22ff0f1eb?w=200,art|photography|nature,long|exposure|photo|plane|sky,a long exposure photo of a plane in the sky,Marcel Strauß
P5YXPJVL48Y1,G00145,Close Shot Of Yellow Flowers,https://dy-us-playground.onrender.com/,43.55,True,https://images.unsplash.com/photo-1523766775147-152d0d6e2adb?w=200,art|photography|nature,close|shot|yellow|flowers,close shot of yellow flowers,Masaaki Komori
4PHXLHRVX2IV,G00145,Background Pattern,https://dy-us-playground.onrender.com/,1597.78,False,https://images.unsplash.com/photo-1663970206579-c157cba7edda?w=200,art|photography|nature,background|pattern,background pattern,BoliviaInteligente
U4KBJNZK7BYV,G00145,A Lone Tree On A Small Island,https://dy-us-playground.onrender.com/,517.55,True,https://plus.unsplash.com/premium_photo-1673697239984-b089baf7b6e6?w=200,art|photography|nature,lone|tree|small|island|middle|lake,a lone tree on a small island in the middle of a lake,Jonny Gios
O38H73DL5UX8,G00280,Aerial View Of Mountain,https://dy-us-playground.onrender.com/,1300.74,True,https://images.unsplash.com/photo-1514227765494-1bbd6ba05916?w=200,art|photography|mountain,aerial|view|mountain,aerial view of mountain,Inés Álvarez Fdez
FYGZVWVVM2S8,G00145,A Green Cloud Floating Over A Lush,https://dy-us-playground.onrender.com/,633.32,False,https://plus.unsplash.com/premium_photo-1677269242094-f549ac0ebaed?w=200,art|photography|nature,green|cloud|floating|over|lush|field,a green cloud floating over a lush green field,Alex Shuper
9GEGTQJ6HP9K,G00146,Sun Light Passing Through Green Leafed Tree,https://dy-us-playground.onrender.com/,58.52,False,https://images.unsplash.com/photo-1518495973542-4542c06a5843?w=200,art|photography|nature,sun|light|passing|through|green|leafed|tree,sun light passing through green leafed tree,Jeremy Bishop
SSI0GI7KR054,G00146,Blue And Brown Steel Bridge,https://dy-us-playground.onrender.com/,959.17,False,https://images.unsplash.com/photo-1447752875215-b2761acb3c5d?w=200,art|photography|nature,blue|brown|steel|bridge,blue and brown steel bridge,Tim Swaan
65SS64C4K3DY,G00280,An Aerial View Of A City With,https://dy-us-playground.onrender.com/,1225.14,True,https://plus.unsplash.com/premium_photo-1690494028558-a6f535911993?w=200,art|photography|nature,aerial|view|city|river|running|through|it,an aerial view of a city with a river running through it,Joshua Kettle
MYTFG94S3IDM,G00280,The Sun Is Setting Over A Mountain,https://dy-us-playground.onrender.com/,53.12,True,https://images.unsplash.com/photo-1682687220566-5599dbbebf11?w=200,art|photography|mountain,sun|is|setting|over|mountain|range,the sun is setting over a mountain range,NEOM
DCX4RNRNB35V,G00146,Aerial Shot Of Road Surrounded By Green,https://dy-us-playground.onrender.com/,508.26,True,https://images.unsplash.com/photo-1476231682828-37e571bc172f?w=200,art|photography|nature,aerial|shot|road|surrounded|by|green|trees,aerial shot of road surrounded by green trees,Geranimo
KTP4V4N8XJ6F,G00146,Aerial Photography Of City Buildings,https://dy-us-playground.onrender.com/,433.24,False,https://images.unsplash.com/photo-1536599018102-9f803c140fc1?w=200,art|photography|nature,aerial|photography|city|buildings,aerial photography of city buildings,Simon Zhu
FZJWZORGX0C4,G00146,A Close Up Of Three Different Colors,https://dy-us-playground.onrender.com/,241.79,True,https://images.unsplash.com/photo-1527769929977-c341ee9f2033?w=200,art|photography|nature,close|up|three|different|colors|paper,a close up of three different colors of paper,Andrej Lišakov
THM4IMUDOHXR,G00146,A Close Up Of A Pink And,https://dy-us-playground.onrender.com/,239.42,False,https://images.unsplash.com/photo-1541450805268-4822a3a774ca?w=200,art|photography|nature,close|up|pink|white|background,a close up of a pink and white background,Pawel Czerwinski
XE3JFMU7UMRC,G00280,Green Hills With Forest Under Cloudy Sky,https://dy-us-playground.onrender.com/,1156.64,True,https://images.unsplash.com/photo-1506260408121-e353d10b87c7?w=200,art|photography|forest,green|hills|forest|under|cloudy|sky|during|daytime,green hills with forest under cloudy sky during daytime,Claudio Testa
ABVYQ45CX6BT,G00147,A Man Sitting On A Rock In,https://dy-us-playground.onrender.com/,26.72,False,https://images.unsplash.com/photo-1682685797140-c17807f8f217?w=200,art|photography|nature,man|sitting|rock|desert,a man sitting on a rock in the desert,NEOM
BZJLUXLUWCJ8,G00147,Red Yellow And Pink Abstract Painting,https://dy-us-playground.onrender.com/,613.22,True,https://images.unsplash.com/photo-1620121684840-edffcfc4b878?w=200,art|photography|nature,red|yellow|pink|abstract|painting,red yellow and pink abstract painting,Richard Horvath
USLPPOE9U814,G00147,Silhouette Photography Of Person,https://dy-us-playground.onrender.com/,351.45,False,https://images.unsplash.com/photo-1444703686981-a3abbc4d4fe3?w=200,art|photography|nature,silhouette|photography|person,silhouette photography of person,Greg Rakozy
11IHTFU1VQRZ,G00147,Lava Dripping To Ocean,https://dy-us-playground.onrender.com/,1694.23,False,https://images.unsplash.com/photo-1475598322381-f1b499717dda?w=200,art|photography|nature,lava|dripping|to|ocean,lava dripping to ocean,Buzz Andersen
Q9DH0ZCUKVUM,G00147,A Bunch Of Rocks Flying Through The,https://dy-us-playground.onrender.com/,1021.75,False,https://plus.unsplash.com/premium_photo-1709031620909-f02f074905f9?w=200,art|photography|nature,bunch|rocks|flying|through|air,a bunch of rocks flying through the air,Nigel Hoare
HB7J0Q89WX66,G00147,Orange And Black Motorcycle,https://dy-us-playground.onrender.com/,958.25,True,https://images.unsplash.com/photo-1558981408-db0ecd8a1ee4?w=200,art|photography|nature,orange|black|motorcycle,orange and black motorcycle,Harley-Davidson
8PRYRPV0E6C1,G00281,Blue Body Of Water Near Grey Mountain,https://dy-us-playground.onrender.com/,707.74,False,https://images.unsplash.com/photo-1565191999001-551c187427bb?w=200,art|photography|mountain,blue|body|water|near|grey|mountain|during|daytime,blue body of water near grey mountain during daytime,Connor Jolley
B97SPZ3QTQQ2,G00148,A Group Of Pink Flowers On A,https://dy-us-playground.onrender.com/,1052.92,False,https://plus.unsplash.com/premium_photo-1686262005284-a92ee2f74a39?w=200,art|photography|nature,group|pink|flowers|black|background,a group of pink flowers on a black background,Susan Wilkinson
S0C72W3O50YP,G00148,Life Is Beautiful Led Signage,https://dy-us-playground.onrender.com/,30.18,False,https://images.unsplash.com/photo-1544194215-541c2d3561a4?w=200,art|photography|nature,life|is|beautiful|led|signage,life is beautiful LED signage,Katarzyna Grabowska
70U15CW2MJS5,G00082,Other Common Name Timber Wolf Grey Wolves,https://dy-us-playground.onrender.com/,1367.55,True,https://plus.unsplash.com/premium_photo-1664303210452-ca5ea17fdeda?w=200,animals|wildlife|canines|wolves|winter,other|common|name|timber|wolf|grey|wolves|are,"Other common name: timber wolf. Grey wolves are pack animals, with parents and cubs forming the basic pack. During the winter months larger packs are formed. Wolves are found in Northern Europe, Asia, and North America.",Getty Images
OPI5OT8VBARK,G00082,Wolf Pack On Rock Formation,https://dy-us-playground.onrender.com/,7.04,True,https://images.unsplash.com/photo-1545906785-38f53f99e380?w=200,animals|wildlife|canines|wolves|nature,wolf|pack|rock|formation,wolf pack on rock formation,Thomas Bonometti
21C6TR0ASADF,G00083,Seven Pack Of Wolves On Forest Snow,https://dy-us-playground.onrender.com/,464.59,True,https://images.unsplash.com/photo-1552249007-6759fe2742b6?w=200,art|photography|winter,seven|pack|wolves|forest|snow,seven pack of wolves on forest snow,Eva Blue
XDIK446Z5S9A,G00024,A Close Up Of A Dogs Blue,https://dy-us-playground.onrender.com/,982.61,True,https://plus.unsplash.com/premium_photo-1673728218157-b316914d636c?w=200,animals|pets|dogs|nature,close|up|dog|s|blue|eyes,a close up of a dog's blue eyes,Jason Hawke 🇨🇦
EAWJPSDAA94E,G00083,Brown And Black Wolf In Close Up,https://dy-us-playground.onrender.com/,1363.7,True,https://images.unsplash.com/photo-1590420485404-f86d22b8abf8?w=200,animals|wildlife|canines|wolves|nature,brown|black|wolf|close|up|photography,brown and black wolf in close up photography,Chris Ensminger
9TRYA9N2C10G,G00083,Other Common Name Timber Wolf Grey Wolves,https://dy-us-playground.onrender.com/,1670.4,True,https://plus.unsplash.com/premium_photo-1664303205985-64a9030aa7d6?w=200,animals|wildlife|canines|wolves|winter,other|common|name|timber|wolf|grey|wolves|are,"Other common name: timber wolf. Grey wolves are pack animals, with parents and cubs forming the basic pack. During the winter months larger packs are formed. Wolves are found in Northern Europe, Asia, and North America.",Getty Images
TT5AE697ZYPL,G00083,Wolf Hunting In Wild,https://dy-us-playground.onrender.com/,341.74,True,https://images.unsplash.com/photo-1531350152102-ff3f216ea87a?w=200,animals|wildlife|canines|wolves|nature,wolf|hunting|wild,wolf hunting in wild,Jp Valery
7XPYQVIK8JCX,G00083,Other Common Name Timber Wolf Grey Wolves,https://dy-us-playground.onrender.com/,1719.81,False,https://plus.unsplash.com/premium_photo-1664303208329-58bd1b4e30c3?w=200,animals|wildlife|canines|wolves|winter,other|common|name|timber|wolf|grey|wolves|are,"Other common name: timber wolf. Grey wolves are pack animals, with parents and cubs forming the basic pack. During the winter months larger packs are formed. Wolves are found in Northern Europe, Asia, and North America.",Getty Images
FZ8I6H7DG3S3,G00083,A Close Up Of A Wolf,https://dy-us-playground.onrender.com/,1222.62,False,https://images.unsplash.com/photo-1664052449671-e1c2056927c5?w=200,animals|wildlife|canines|wolves|nature,close|up|wolf,a close up of a wolf,Honza Reznik
T37HK9LA0EHM,G00148,A Horse Standing In The Middle Of,https://dy-us-playground.onrender.com/,1032.59,True,https://plus.unsplash.com/premium_photo-1668454128731-cfa6ed5ad168?w=200,art|photography|nature,horse|standing|middle|field|under|full|moon,a horse standing in the middle of a field under a full moon,Pramod Tiwari
5MTZD71W31IT,G00025,A Dog Running On A Road,https://dy-us-playground.onrender.com/,740.64,False,https://images.unsplash.com/photo-1664052394923-669820d4209e?w=200,animals|pets|dogs|nature,dog|running|road,a dog running on a road,Honza Reznik
ULE988UHD6SK,G00025,A Dog Lying In The Grass,https://dy-us-playground.onrender.com/,1297.96,True,https://images.unsplash.com/photo-1664052520335-093bc462309c?w=200,animals|pets|dogs|nature,dog|lying|grass,a dog lying in the grass,Honza Reznik
WNFQ391SXPVX,G00025,A Group Of Dogs In A Wooded,https://dy-us-playground.onrender.com/,7.42,True,https://images.unsplash.com/photo-1666328171580-4423b899c260?w=200,animals|pets|dogs|nature,group|dogs|wooded|area,a group of dogs in a wooded area,JD-Photos
UXIWLEOOQ1UJ,G00025,A Couple Of Dogs Standing On A,https://dy-us-playground.onrender.com/,82.97,True,https://images.unsplash.com/photo-1664052344809-1f6edaee8c0d?w=200,animals|pets|dogs|nature,couple|dogs|standing|dirt|path|trees|background,a couple of dogs standing on a dirt path with trees in the background,Honza Reznik
SF6NJ7LWQXQ6,G00084,A Wolf Licking A Rock,https://dy-us-playground.onrender.com/,252.57,False,https://images.unsplash.com/photo-1664052345044-d825208a3ce4?w=200,animals|wildlife|canines|wolves|nature,wolf|licking|rock,a wolf licking a rock,Honza Reznik
3ZLMXPOKEFBF,G00025,A Group Of Dogs Standing Next To,https://dy-us-playground.onrender.com/,641.62,False,https://images.unsplash.com/photo-1682285126637-784061b9e66f?w=200,animals|pets|dogs|nature,group|dogs|standing|next|to|each|other,a group of dogs standing next to each other,Aldo Houtkamp
S1AK92RUJ7J9,G00025,A Couple Of Dogs Playing With Each,https://dy-us-playground.onrender.com/,252.02,False,https://images.unsplash.com/photo-1682285127029-b4ee949e3671?w=200,animals|pets|dogs|nature,couple|dogs|playing|each|other|woods,a couple of dogs playing with each other in the woods,Aldo Houtkamp
Z1AWB7DK7RFW,G00026,A Dog In The Woods,https://dy-us-playground.onrender.com/,1520.42,False,https://images.unsplash.com/photo-1664052537897-df5ad41adc85?w=200,animals|pets|dogs|nature,dog|woods,a dog in the woods,Honza Reznik
18X345B9MJDF,G00026,A Dog With A Stick In Its,https://dy-us-playground.onrender.com/,730.14,True,https://images.unsplash.com/photo-1664573932533-0b30a0881b4e?w=200,animals|pets|dogs|nature,dog|stick|its|mouth,a dog with a stick in its mouth,Honza Reznik
L5YRGTH7IQRF,G00084,A Wolf With Its Mouth Open,https://dy-us-playground.onrender.com/,1314.65,True,https://images.unsplash.com/photo-1664573933600-f29994fab7df?w=200,animals|wildlife|canines|wolves|nature,wolf|its|mouth|open,a wolf with its mouth open,Honza Reznik
7DEWTMTAKM6W,G00026,A Dog Running Through A Forest,https://dy-us-playground.onrender.com/,1765.06,False,https://images.unsplash.com/photo-1664573933963-a1157c797f09?w=200,animals|pets|dogs|forest,dog|running|through|forest,a dog running through a forest,Honza Reznik
RNY8V2SWEY68,G00084,A Group Of Three Wolfs Playing In,https://dy-us-playground.onrender.com/,1159.0,True,https://images.unsplash.com/photo-1682285126797-9c3cfdae3587?w=200,animals|wildlife|canines|wolves|nature,group|three|wolfs|playing|stream,a group of three wolfs playing in a stream,Aldo Houtkamp
NWXIBA364E6S,G00084,Beautiful Grey Timber Wolf Cnis Lupus Stalking,https://dy-us-playground.onrender.com/,1349.96,False,https://plus.unsplash.com/premium_photo-1661963670413-76c895e59b43?w=200,animals|wildlife|canines|wolves|forest,beautiful|grey|timber|wolf|cnis|lupus|stalking|eating,Beautiful grey Timber Wolf Cnis Lupus stalking and eating in forest clearing landscape setting,Getty Images
WAVB80IW1TOD,G00084,A Wolf In A Field,https://dy-us-playground.onrender.com/,883.64,False,https://images.unsplash.com/photo-1664573934545-e5b0628a702b?w=200,animals|wildlife|canines|wolves|nature,wolf|field,a wolf in a field,Honza Reznik
EC6ROTL64ZBF,G00084,A Wolf With Its Mouth Open,https://dy-us-playground.onrender.com/,93.87,False,https://images.unsplash.com/photo-1664573934051-f99d1590a4b9?w=200,animals|wildlife|canines|wolves|nature,wolf|its|mouth|open,a wolf with its mouth open,Honza Reznik
57QOZKHA8P05,G00085,A Wolf With Its Tongue Out,https://dy-us-playground.onrender.com/,1409.61,False,https://images.unsplash.com/photo-1664573935083-a68ec7fc33f8?w=200,animals|wildlife|canines|wolves|nature,wolf|its|tongue|out,a wolf with its tongue out,Honza Reznik
SYHHQ6JZH8XU,G00085,A Wolf Walking Across A Snow Covered,https://dy-us-playground.onrender.com/,956.31,False,https://plus.unsplash.com/premium_photo-1664303877925-2a582c551c0f?w=200,animals|wildlife|canines|wolves|winter,wolf|walking|across|snow|covered|ground,a wolf walking across a snow covered ground,Getty Images
C7U1W0N275B2,G00026,A Dog Walking On Grass,https://dy-us-playground.onrender.com/,1019.86,True,https://images.unsplash.com/photo-1664573932452-e6307a792b4e?w=200,animals|pets|dogs|nature,dog|walking|grass,a dog walking on grass,Honza Reznik
FOJBPD9DJSL8,G00148,A Coyote In Banff Canada,https://dy-us-playground.onrender.com/,1816.61,False,https://plus.unsplash.com/premium_photo-1661964309609-abfa2ebe71ba?w=200,art|photography|nature,coyote|banff|canada,"A coyote in Banff, Canada.",Getty Images
GMGCTR8YAVA5,G00026,A Dog Standing In A Field,https://dy-us-playground.onrender.com/,41.78,False,https://images.unsplash.com/photo-1664573936538-00b3622abbd3?w=200,animals|pets|dogs|nature,dog|standing|field,a dog standing in a field,Honza Reznik
9NUTWXHPHMBR,G00085,Two Wolves On Snow Field,https://dy-us-playground.onrender.com/,14.16,True,https://images.unsplash.com/photo-1552249007-f19a9139bcde?w=200,art|photography|winter,two|wolves|snow|field,two wolves on snow field,Eva Blue
STY2IDOR2GFV,G00085,A Wolf With Its Eyes Closed,https://dy-us-playground.onrender.com/,472.52,False,https://images.unsplash.com/photo-1664573933923-8accad1a71e5?w=200,animals|wildlife|canines|wolves|nature,wolf|its|eyes|closed,a wolf with its eyes closed,Honza Reznik
XY3SJK68DJB9,G00026,A Dog Sitting In A Field,https://dy-us-playground.onrender.com/,1404.82,True,https://images.unsplash.com/photo-1664573933931-43f89e3e2283?w=200,animals|pets|dogs|nature,dog|sitting|field,a dog sitting in a field,Honza Reznik
74VE2Z7I5BCZ,G00027,A Dog Standing On Grass,https://dy-us-playground.onrender.com/,962.8,False,https://images.unsplash.com/photo-1664573934476-67377b0739a1?w=200,animals|pets|dogs|nature,dog|standing|grass,a dog standing on grass,Honza Reznik
CJ5WX5UEYCUB,G00148,Brown Bear In The Snow Looking For,https://dy-us-playground.onrender.com/,1709.72,True,https://plus.unsplash.com/premium_photo-1664300189677-4e7958825296?w=200,art|photography|winter,brown|bear|snow|looking|for|food|surrounded|by,Brown bear in the snow looking for food surrounded by ravens.,Getty Images
SHOUU363C9TV,G00027,A Dog With Its Mouth Open,https://dy-us-playground.onrender.com/,1915.74,False,https://images.unsplash.com/photo-1664573934090-a03561a0dae8?w=200,animals|pets|dogs|nature,dog|its|mouth|open,a dog with its mouth open,Honza Reznik
02DF6SYUK0H7,G00027,A Dog Sitting In The Woods,https://dy-us-playground.onrender.com/,921.18,False,https://images.unsplash.com/photo-1664573934812-3a56b897a3a7?w=200,animals|pets|dogs|nature,dog|sitting|woods,a dog sitting in the woods,Honza Reznik
J2MQ8RP0DHIY,G00027,A Dog Sitting On A Rock,https://dy-us-playground.onrender.com/,1614.27,False,https://images.unsplash.com/photo-1664573933754-2577ba130368?w=200,animals|pets|dogs|nature,dog|sitting|rock,a dog sitting on a rock,Honza Reznik
3XB04LZJ51OH,G00085,A Wolf Walking Across A Gravel Covered,https://dy-us-playground.onrender.com/,1052.02,False,https://plus.unsplash.com/premium_photo-1661888787856-43346704e66c?w=200,animals|wildlife|canines|wolves|nature,wolf|walking|across|gravel|covered|ground,a wolf walking across a gravel covered ground,Getty Images
RGV4FNNHL3CD,G00027,A Dog Sitting In A Forest,https://dy-us-playground.onrender.com/,896.73,True,https://images.unsplash.com/photo-1664573932917-035106cc2035?w=200,animals|pets|dogs|forest,dog|sitting|forest,a dog sitting in a forest,Honza Reznik
I1XJZLORRTLO,G00085,A Wolf Running In The Snow With,https://dy-us-playground.onrender.com/,281.08,True,https://plus.unsplash.com/premium_photo-1661888706346-d664475ba970?w=200,animals|wildlife|canines|wolves|winter,wolf|running|snow|its|mouth|open,a wolf running in the snow with its mouth open,Getty Images
WG0HF5HNZ155,G00027,A Dog Sitting In A Field,https://dy-us-playground.onrender.com/,1944.12,True,https://images.unsplash.com/photo-1664573933638-ee392a9e475f?w=200,animals|pets|dogs|nature,dog|sitting|field,a dog sitting in a field,Honza Reznik
BT9IDVZEJHJF,G00028,A Close Up Of A Dog Laying,https://dy-us-playground.onrender.com/,1601.2,True,https://plus.unsplash.com/premium_photo-1694453109154-3c459850503f?w=200,animals|pets|dogs|nature,close|up|dog|laying|ground,a close up of a dog laying on the ground,Djordje Vukojicic
GU07NMFW3S7E,G00306,A Cat Sitting In A Forest,https://dy-us-playground.onrender.com/,1779.67,True,https://images.unsplash.com/photo-1664573934542-e6cea0d572e1?w=200,animals|pets|cats|forest,cat|sitting|forest,a cat sitting in a forest,Honza Reznik
NT74VCUK12RD,G00086,A White Wolf Walking Across A Rocky,https://dy-us-playground.onrender.com/,50.5,True,https://plus.unsplash.com/premium_photo-1724619718095-60f10e1f7d32?w=200,animals|wildlife|canines|wolves|nature,white|wolf|walking|across|rocky|hillside,A white wolf walking across a rocky hillside,Alex Shuper
AY1GI3D9483T,G00028,A Dog Sitting In A Field,https://dy-us-playground.onrender.com/,1289.58,True,https://images.unsplash.com/photo-1664573934292-384430a793a6?w=200,animals|pets|dogs|nature,dog|sitting|field,a dog sitting in a field,Honza Reznik
0AWVDK1RIFV6,G00028,A Dog In The Grass,https://dy-us-playground.onrender.com/,1641.33,False,https://images.unsplash.com/photo-1664573933042-a769b251e517?w=200,animals|pets|dogs|nature,dog|grass,a dog in the grass,Honza Reznik
0Q0AC6DW2H2N,G00086,A Wolf Lying On A Log In,https://dy-us-playground.onrender.com/,523.35,False,https://images.unsplash.com/photo-1660675733113-c2a24a5c85c4?w=200,animals|wildlife|canines|wolves|nature,wolf|lying|log|woods,a wolf lying on a log in the woods,Sibeesh Venu
IDXA7PYJ2GJ8,G00086,A Wolf Standing On A Rock In,https://dy-us-playground.onrender.com/,980.74,False,https://plus.unsplash.com/premium_photo-1661892872213-b4691f3276b2?w=200,animals|wildlife|canines|wolves|winter,wolf|standing|rock|snow,a wolf standing on a rock in the snow,Getty Images
AB74QSD2RTE3,G00028,A Dog Standing In A Forest,https://dy-us-playground.onrender.com/,1221.76,False,https://images.unsplash.com/photo-1664573933706-8b00d2c0b120?w=200,animals|pets|dogs|forest,dog|standing|forest,a dog standing in a forest,Honza Reznik
VY239QFXKKUZ,G00148,A Bison Running Through The Snow In,https://dy-us-playground.onrender.com/,786.69,False,https://plus.unsplash.com/premium_photo-1675447019922-129794ab4c40?w=200,art|photography|winter,bison|running|through|snow|blizzard,a bison running through the snow in a blizzard,Daniel Mirlea
CS0LNHGHKSH1,G00086,A Wolf Lying On A Log,https://dy-us-playground.onrender.com/,1613.55,True,https://images.unsplash.com/photo-1660675733096-cbff4b1e0f10?w=200,animals|wildlife|canines|wolves|nature,wolf|lying|log,a wolf lying on a log,Sibeesh Venu
AMJR0FTIWTCX,G00086,A Wolf In A Wooded Area,https://dy-us-playground.onrender.com/,111.12,True,https://images.unsplash.com/photo-1664573932361-b0448c5e530a?w=200,animals|wildlife|canines|wolves|nature,wolf|wooded|area,a wolf in a wooded area,Honza Reznik
RAFBNFEO32KV,G00028,A Dog Lying On A Rock,https://dy-us-playground.onrender.com/,1339.34,True,https://images.unsplash.com/photo-1664573934972-371861a3de1d?w=200,animals|pets|dogs|nature,dog|lying|rock,a dog lying on a rock,Honza Reznik
I0EFQQJ8WQ5M,G00149,A Person Riding Skis Down A Snow,https://dy-us-playground.onrender.com/,318.73,True,https://plus.unsplash.com/premium_photo-1711024167479-33d26c7adb36?w=200,art|photography|winter,person|riding|skis|down|snow|covered|slope,a person riding skis down a snow covered slope,Daniel Mirlea
JHOUGHSNREX5,G00086,A Wolf Walking Through The Woods,https://dy-us-playground.onrender.com/,1585.86,False,https://images.unsplash.com/photo-1664573927713-74677f202d42?w=200,animals|wildlife|canines|wolves|nature,wolf|walking|through|woods,a wolf walking through the woods,Honza Reznik
9CYP1Q9F9D4Q,G00281,An Aerial View Of A River In,https://dy-us-playground.onrender.com/,1552.86,True,https://plus.unsplash.com/premium_photo-1674500507985-b49388c6d7cc?w=200,art|photography|winter,aerial|view|river|snow,an aerial view of a river in the snow,Unsplash+ Community
ZW0WKHBQLCTU,G00028,A Dog Running Through A Field,https://dy-us-playground.onrender.com/,1953.03,False,https://images.unsplash.com/photo-1664573932875-203edc86d339?w=200,animals|pets|dogs|nature,dog|running|through|field,a dog running through a field,Honza Reznik
SBB5GWF7PV1I,G00087,A Wolf Walks In A Snowy Winter,https://dy-us-playground.onrender.com/,1366.14,True,https://plus.unsplash.com/premium_photo-1747902167847-d5f47f9fb376?w=200,animals|wildlife|canines|wolves|winter,wolf|walks|snowy|winter|landscape,"A wolf walks in a snowy, winter landscape.",Paris Bilal
PD66LVDKM29G,G00029,A Group Of Dogs On A Rock,https://dy-us-playground.onrender.com/,1852.35,False,https://images.unsplash.com/photo-1664465920866-69030ca577be?w=200,animals|pets|dogs|nature,group|dogs|rock,a group of dogs on a rock,Honza Reznik
X8U3XDLEUOX7,G00149,A Dolphin Swimming In The Water,https://dy-us-playground.onrender.com/,1379.81,False,https://images.unsplash.com/photo-1664573930776-bc0c8ea945d4?w=200,art|photography|nature,dolphin|swimming|water,a dolphin swimming in the water,Honza Reznik
HR4YN90XRLOB,G00029,A Dog Standing On A Black Object,https://dy-us-playground.onrender.com/,585.22,True,https://images.unsplash.com/photo-1664193785708-5a1bdf3e54f5?w=200,animals|pets|dogs|nature,dog|standing|black|object,a dog standing on a black object,Honza Reznik
9QACKW577ZCB,G00029,A Dog Standing Outside,https://dy-us-playground.onrender.com/,1510.73,True,https://images.unsplash.com/photo-1664193785709-e8bbcc76c684?w=200,animals|pets|dogs|nature,dog|standing|outside,a dog standing outside,Honza Reznik
FQKW3CWNQOGI,G00029,A Dog On A Rock,https://dy-us-playground.onrender.com/,75.71,False,https://images.unsplash.com/photo-1664573932041-0545f6707774?w=200,animals|pets|dogs|nature,dog|rock,a dog on a rock,Honza Reznik
OA6BNGXR0043,G00149,A Hippo Swimming In Water,https://dy-us-playground.onrender.com/,709.2,True,https://images.unsplash.com/photo-1664573930022-2d0fceeece0c?w=200,art|photography|nature,hippo|swimming|water,a hippo swimming in water,Honza Reznik
6HBM78RCBZGI,G00087,A Wolf In The Snow,https://dy-us-playground.onrender.com/,1361.87,True,https://images.unsplash.com/photo-1665238076980-47731fc833b2?w=200,animals|wildlife|canines|wolves|winter,wolf|snow,a wolf in the snow,Honza Reznik
DQ7U8LAN4MXQ,G00029,A Dog In A Forest,https://dy-us-playground.onrender.com/,1095.93,True,https://images.unsplash.com/photo-1664573932488-1d2c51a56289?w=200,animals|pets|dogs|forest,dog|forest,a dog in a forest,Honza Reznik
1VJK8L359WIZ,G00029,A Dog In A Forest,https://dy-us-playground.onrender.com/,176.01,False,https://images.unsplash.com/photo-1664573932378-53938911d59d?w=200,animals|pets|dogs|forest,dog|forest,a dog in a forest,Honza Reznik
NDMHS71ZORUE,G00030,Woman In Black Jacket Sitting On White,https://dy-us-playground.onrender.com/,1463.62,True,https://images.unsplash.com/photo-1606666813226-f3b46e43619a?w=200,animals|pets|dogs|nature,woman|black|jacket|sitting|white|dog|green|grass,woman in black jacket sitting on white dog on green grass field during daytime,Jessica Torfs
76CXM5AVISZQ,G00030,A Dog Sitting On A Brick Walkway,https://dy-us-playground.onrender.com/,574.88,False,https://images.unsplash.com/photo-1664573934481-d7488984701b?w=200,animals|pets|dogs|nature,dog|sitting|brick|walkway,a dog sitting on a brick walkway,Honza Reznik
HWU43RGOET96,G00149,A Dolphin Swimming In The Water,https://dy-us-playground.onrender.com/,1480.62,False,https://images.unsplash.com/photo-1664573929012-9dcb248c8a69?w=200,art|photography|nature,dolphin|swimming|water,a dolphin swimming in the water,Honza Reznik
D7N5Q4ZPZW6G,G00030,A Dog Sitting On A Stone Walkway,https://dy-us-playground.onrender.com/,1204.91,False,https://images.unsplash.com/photo-1664573932684-3d2c6ae0b924?w=200,animals|pets|dogs|nature,dog|sitting|stone|walkway,a dog sitting on a stone walkway,Honza Reznik
D60Z49H1WCKB,G00087,Two Wolves Playing In A Snowy Forest,https://dy-us-playground.onrender.com/,1007.31,False,https://images.unsplash.com/photo-1769634212131-80aa0696e969?w=200,art|photography|winter,two|wolves|playing|snowy|forest,Two wolves playing in a snowy forest,Yana Anishchenkova
5A9I8LDPASHK,G00030,A Dog Sitting On A Cobblestone Street,https://dy-us-playground.onrender.com/,448.67,True,https://images.unsplash.com/photo-1664573928779-9c8d411fbb6c?w=200,animals|pets|dogs|nature,dog|sitting|cobblestone|street,a dog sitting on a cobblestone street,Honza Reznik
GDCRLBIRNMVJ,G00087,Two Wolves Playing In The Snow,https://dy-us-playground.onrender.com/,1660.06,False,https://images.unsplash.com/photo-1769634211763-4e2d9647829f?w=200,art|photography|winter,two|wolves|playing|snow,Two wolves playing in the snow,Yana Anishchenkova
AYSOYQLF17MU,G00087,A White Wolf Howling In A Forest,https://dy-us-playground.onrender.com/,1491.77,False,https://images.unsplash.com/photo-1761754763205-c38d5a44f880?w=200,animals|wildlife|canines|wolves|forest,white|wolf|howling|forest,A white wolf howling in a forest,Asse Slotendijk
DP22HGBX738A,G00087,A Wolf Rests Among Rocks And Tall,https://dy-us-playground.onrender.com/,1417.0,False,https://images.unsplash.com/photo-1771140769224-376ee85d7711?w=200,animals|wildlife|canines|wolves|nature,wolf|rests|among|rocks|tall|grass,A wolf rests among rocks and tall grass.,Janis Kloter
9SPB6NCF7A5W,G00088,Two Gray Wolves,https://dy-us-playground.onrender.com/,1391.58,True,https://images.unsplash.com/photo-1546638285-f17602bf4bdc?w=200,art|photography|nature,two|gray|wolves,two gray wolves,Yannick Menard
J04FU8ZDRAIF,G00030,Three White Dogs Surrounded By Trees,https://dy-us-playground.onrender.com/,1114.2,True,https://images.unsplash.com/photo-1573920110893-d313eb7565aa?w=200,animals|pets|dogs|nature,three|white|dogs|surrounded|by|trees,three white dogs surrounded by trees,Thomas Bonometti
FR7UGGILI3HA,G00088,Wolf With Open Mouth,https://dy-us-playground.onrender.com/,210.35,False,https://images.unsplash.com/photo-1564166174574-a9666f590437?w=200,animals|wildlife|canines|wolves|nature,wolf|open|mouth,wolf with open mouth,Philipp Pilz
ZCLUSA9KSB1W,G00030,Gray Scale Photo Of Three Dogs On,https://dy-us-playground.onrender.com/,1186.52,True,https://images.unsplash.com/photo-1518504361720-82ccdc540022?w=200,animals|pets|dogs|forest,gray|scale|photo|three|dogs|forest,gray scale photo of three dogs on forest,Tom Pottiger
LG6UIOQ405N6,G00031,A Group Of Dogs Standing In The,https://dy-us-playground.onrender.com/,201.6,True,https://images.unsplash.com/photo-1682285127135-33490f9b6cc4?w=200,animals|pets|dogs|nature,group|dogs|standing|woods,a group of dogs standing in the woods,Aldo Houtkamp
V013EA7B0ESC,G00088,A Wolf In The Snow,https://dy-us-playground.onrender.com/,1431.18,True,https://images.unsplash.com/photo-1664052466960-0485b6e43358?w=200,animals|wildlife|canines|wolves|winter,wolf|snow,a wolf in the snow,Honza Reznik
F99AVI3U8TTE,G00088,A Couple Of Wolves,https://dy-us-playground.onrender.com/,1169.02,False,https://images.unsplash.com/photo-1664052344809-ec06c71cb16b?w=200,art|photography|nature,couple|wolves,a couple of wolves,Honza Reznik
3MPKXZS1UMRI,G00149,Grey And White Animal On Brown Grass,https://dy-us-playground.onrender.com/,1980.04,False,https://images.unsplash.com/photo-1628057840181-f0eb79e15fa0?w=200,art|photography|nature,grey|white|animal|brown|grass,grey and white animal on brown grass,Christian Nielsen
YXLWYPKC1LP6,G00088,A Wolf Standing Next To A Tree,https://dy-us-playground.onrender.com/,636.49,False,https://plus.unsplash.com/premium_photo-1661899053699-f49eb65ca6a3?w=200,animals|wildlife|canines|wolves|winter,wolf|standing|next|to|tree|snow,a wolf standing next to a tree in the snow,Getty Images
N6PVCZVKD5FI,G00031,A Dog Standing On A Road,https://dy-us-playground.onrender.com/,1317.57,True,https://images.unsplash.com/photo-1664052381761-8d0b3cee9e1e?w=200,animals|pets|dogs|nature,dog|standing|road,a dog standing on a road,Honza Reznik
G7ZKOOPMTQI1,G00088,A Wolf Laying Down Next To A,https://dy-us-playground.onrender.com/,1074.93,False,https://images.unsplash.com/photo-1653249298643-68ea26d45585?w=200,animals|wildlife|canines|wolves|nature,wolf|laying|down|next|to|tree,a wolf laying down next to a tree,Rachel Cain
EL2B2SLJ4TTM,G00089,A Wolf Standing In A Forest Looking,https://dy-us-playground.onrender.com/,597.72,True,https://plus.unsplash.com/premium_photo-1661890071978-6c80f92c7fdf?w=200,animals|wildlife|canines|wolves|forest,wolf|standing|forest|looking|up|at|sky,a wolf standing in a forest looking up at the sky,Getty Images
7NHI0OSW1H8Z,G00031,Two Dogs Standing On A Road,https://dy-us-playground.onrender.com/,1153.29,False,https://images.unsplash.com/photo-1664052344805-f41faaf8e983?w=200,animals|pets|dogs|nature,two|dogs|standing|road,two dogs standing on a road,Honza Reznik
60NC5HPRBZFT,G00031,A Close Up Of A Husky Dog,https://dy-us-playground.onrender.com/,524.04,False,https://plus.unsplash.com/premium_photo-1668208366618-cb82e9c7d8d0?w=200,animals|pets|dogs|nature,close|up|husky|dog|blue|eyes,a close up of a husky dog with blue eyes,Matt Bango
RWFPOML377PF,G00031,A Couple Of Dogs That Are Standing,https://dy-us-playground.onrender.com/,1196.84,False,https://images.unsplash.com/photo-1682285126907-e3d0a6a51eac?w=200,animals|pets|dogs|nature,couple|dogs|are|standing|grass,a couple of dogs that are standing in the grass,Aldo Houtkamp
N86G8AG8ZE9F,G00089,A Wolf Standing In The Middle Of,https://dy-us-playground.onrender.com/,1654.87,True,https://plus.unsplash.com/premium_photo-1700167450913-381df43fe71a?w=200,animals|wildlife|canines|wolves|forest,wolf|standing|middle|forest,a wolf standing in the middle of a forest,Djordje Vukojicic
ZVESBX2K8Z2U,G00089,A Wolf With Orange Eyes,https://dy-us-playground.onrender.com/,1115.6,True,https://images.unsplash.com/photo-1664573933344-c9d209a3c6dd?w=200,animals|wildlife|canines|wolves|nature,wolf|orange|eyes,a wolf with orange eyes,Honza Reznik
3YNWXSZYLXW6,G00089,Beautiful Grey Timber Wolf Cnis Lupus Stalking,https://dy-us-playground.onrender.com/,1575.98,False,https://plus.unsplash.com/premium_photo-1661964479726-26cd28db77a8?w=200,animals|wildlife|canines|wolves|forest,beautiful|grey|timber|wolf|cnis|lupus|stalking|eating,Beautiful grey Timber Wolf Cnis Lupus stalking and eating in forest clearing landscape setting,Getty Images
MRKTN7ZMY5SP,G00031,A Dog Standing In A Wooded Area,https://dy-us-playground.onrender.com/,515.26,False,https://images.unsplash.com/photo-1664573935302-e1e30b5b8eb5?w=200,animals|pets|dogs|nature,dog|standing|wooded|area,a dog standing in a wooded area,Honza Reznik
YKL788HCL2UE,G00306,A Cat Walking Through A Snow Covered,https://dy-us-playground.onrender.com/,128.51,True,https://plus.unsplash.com/premium_photo-1671976322614-5122278ad620?w=200,animals|pets|cats|winter,cat|walking|through|snow|covered|field,a cat walking through a snow covered field,Zdeněk Macháček
ZSY7HMVVZW3N,G00089,A Wolf With A Collar,https://dy-us-playground.onrender.com/,238.86,True,https://images.unsplash.com/photo-1664573932165-fa526f6bb12e?w=200,animals|wildlife|canines|wolves|nature,wolf|collar,a wolf with a collar,Honza Reznik
2R9S5NCRXQY2,G00089,A Wolf Standing In The Woods,https://dy-us-playground.onrender.com/,1969.42,True,https://images.unsplash.com/photo-1664573934546-4d117c2da033?w=200,animals|wildlife|canines|wolves|nature,wolf|standing|woods,a wolf standing in the woods,Honza Reznik
SUJVUVSTFNGD,G00032,A Group Of Dogs Playing In The,https://dy-us-playground.onrender.com/,1212.91,True,https://images.unsplash.com/photo-1682285126827-1aed8b614995?w=200,animals|pets|dogs|nature,group|dogs|playing|water,a group of dogs playing in the water,Aldo Houtkamp
AG80VVKJNQVU,G00149,A Herd Of Animals Standing On Top,https://dy-us-playground.onrender.com/,799.54,False,https://plus.unsplash.com/premium_photo-1675805015886-09efb11c74ea?w=200,art|photography|winter,herd|animals|standing|top|snow|covered|field,a herd of animals standing on top of a snow covered field,Daniel Mirlea
9LEVY8PR6ZXN,G00090,Four Wolves On Snow,https://dy-us-playground.onrender.com/,957.06,True,https://images.unsplash.com/photo-1552249007-01081b14eabd?w=200,art|photography|winter,four|wolves|snow,four wolves on snow,Eva Blue
GEIKCC53WKVW,G00090,A Wolf Lying In The Grass,https://dy-us-playground.onrender.com/,1889.46,True,https://images.unsplash.com/photo-1664573932973-51c79c91e6dd?w=200,animals|wildlife|canines|wolves|nature,wolf|lying|grass,a wolf lying in the grass,Honza Reznik
GK7IRI61T04P,G00090,A Wolf Walking On A Path,https://dy-us-playground.onrender.com/,1532.91,True,https://images.unsplash.com/photo-1664573933964-98eb4d2f0b87?w=200,animals|wildlife|canines|wolves|nature,wolf|walking|path,a wolf walking on a path,Honza Reznik
ALEGO0CZFOL5,G00150,A Close Up Of An Animals Eye,https://dy-us-playground.onrender.com/,1951.23,False,https://images.unsplash.com/photo-1664573934289-afbf8406244f?w=200,art|photography|nature,close|up|animals|eye,a close up of an animals eye,Honza Reznik
YEDYWVTOYIUZ,G00090,A Wolf In The Woods,https://dy-us-playground.onrender.com/,939.94,False,https://images.unsplash.com/photo-1664573933588-589118034ca2?w=200,animals|wildlife|canines|wolves|nature,wolf|woods,a wolf in the woods,Honza Reznik
T9A5G0Z96V94,G00150,A Coyote In Banff Canada,https://dy-us-playground.onrender.com/,584.09,True,https://plus.unsplash.com/premium_photo-1661964159458-e02bf3c211f2?w=200,art|photography|nature,coyote|banff|canada,"A coyote in Banff, Canada.",Getty Images
FTO94RVACGQ6,G00032,A Dog Walking On Grass,https://dy-us-playground.onrender.com/,1325.46,False,https://images.unsplash.com/photo-1664573928271-5b109b928a71?w=200,animals|pets|dogs|nature,dog|walking|grass,a dog walking on grass,Honza Reznik
5FJBOJSCBJ7K,G00032,A Black And White Dog Laying On,https://dy-us-playground.onrender.com/,1010.49,False,https://plus.unsplash.com/premium_photo-1668097819178-26b288183cbb?w=200,animals|pets|dogs|nature,black|white|dog|laying|grassy|hill,a black and white dog laying on a grassy hill,Georgi Kalaydzhiev
UGA8TXPNCQF8,G00090,A White Wolf Walking Through A Snow,https://dy-us-playground.onrender.com/,1461.49,True,https://images.unsplash.com/photo-1704243147808-78cb721d5a53?w=200,animals|wildlife|canines|wolves|winter,white|wolf|walking|through|snow|covered|forest,a white wolf walking through a snow covered forest,Yuhan Du
LLTSUZHM74PO,G00032,A Dog Sitting In The Grass,https://dy-us-playground.onrender.com/,497.56,True,https://images.unsplash.com/photo-1664573934296-37807dcaa15b?w=200,animals|pets|dogs|nature,dog|sitting|grass,a dog sitting in the grass,Honza Reznik
30PENJ5L9O9K,G00032,A Dog With A Green Object In,https://dy-us-playground.onrender.com/,806.7,False,https://images.unsplash.com/photo-1664573933421-27ce13dc7d8d?w=200,animals|pets|dogs|nature,dog|green|object|its|mouth,a dog with a green object in its mouth,Honza Reznik
FR1JSRID06V8,G00150,A Horse Standing In The Fog On,https://dy-us-playground.onrender.com/,1142.97,False,https://plus.unsplash.com/premium_photo-1729600377063-a9297489b80a?w=200,art|photography|nature,horse|standing|fog|hill,A horse standing in the fog on a hill,Annie Spratt
FZB1ALD33S2K,G00032,A Dog Lying In The Grass,https://dy-us-playground.onrender.com/,574.85,True,https://images.unsplash.com/photo-1664573933957-365178813db0?w=200,animals|pets|dogs|nature,dog|lying|grass,a dog lying in the grass,Honza Reznik
84NRIJX1VPB2,G00090,A Wolf With A Light On Its,https://dy-us-playground.onrender.com/,794.23,True,https://images.unsplash.com/photo-1664573926930-6c7fa8ae0329?w=200,animals|wildlife|canines|wolves|nature,wolf|light|its|head,a wolf with a light on its head,Honza Reznik
QCYL3ZIKLN79,G00033,A Dog Walking On Grass,https://dy-us-playground.onrender.com/,71.31,True,https://images.unsplash.com/photo-1664573929210-d8f6f8c40582?w=200,animals|pets|dogs|nature,dog|walking|grass,a dog walking on grass,Honza Reznik
NSNISGWFGPT2,G00033,A Dog Jumping In The Air,https://dy-us-playground.onrender.com/,856.21,False,https://images.unsplash.com/photo-1664573932624-e5d345c816cf?w=200,animals|pets|dogs|nature,dog|jumping|air,a dog jumping in the air,Honza Reznik
EY637WGLLO1Z,G00033,A Dog Standing On A Rocky Surface,https://dy-us-playground.onrender.com/,1607.16,False,https://images.unsplash.com/photo-1664573931992-300f10cd7c4a?w=200,animals|pets|dogs|nature,dog|standing|rocky|surface,a dog standing on a rocky surface,Honza Reznik
ABCIIJARKGPG,G00033,A Dog Sitting In A Field,https://dy-us-playground.onrender.com/,565.01,False,https://images.unsplash.com/photo-1664573933679-e7dbfd337d14?w=200,animals|pets|dogs|nature,dog|sitting|field,a dog sitting in a field,Honza Reznik
E6H7Q5MZ06DH,G00033,A Couple Of Dogs,https://dy-us-playground.onrender.com/,806.37,False,https://images.unsplash.com/photo-1664573932365-e5b26958dbe8?w=200,animals|pets|dogs|nature,couple|dogs,a couple of dogs,Honza Reznik
9RAO64H5WWJR,G00033,A Dog Standing On Grass,https://dy-us-playground.onrender.com/,1020.86,True,https://images.unsplash.com/photo-1664573933199-c5644784572e?w=200,animals|pets|dogs|nature,dog|standing|grass,a dog standing on grass,Honza Reznik
7950ZOBIBH8Z,G00091,A Wolf Standing On A Rock,https://dy-us-playground.onrender.com/,1951.02,False,https://images.unsplash.com/photo-1664573931589-81b40506fdff?w=200,animals|wildlife|canines|wolves|nature,wolf|standing|rock,a wolf standing on a rock,Honza Reznik
7Y68VBOYXJ77,G00034,A Couple Of People Walking Through A,https://dy-us-playground.onrender.com/,957.35,False,https://plus.unsplash.com/premium_photo-1681169157824-fab66b276ab7?w=200,animals|pets|dogs|forest,couple|people|walking|through|forest|dog,a couple of people walking through a forest with a dog,Faruk Tokluoğlu
FWSHQ8TWLTMY,G00091,A Wolf And A Wolf On A,https://dy-us-playground.onrender.com/,1516.03,True,https://images.unsplash.com/photo-1660675733158-7b6ab6db7c17?w=200,animals|wildlife|canines|wolves|forest,wolf|rock|forest,a wolf and a wolf on a rock in a forest,Sibeesh Venu
KSU0PGKYRGBX,G00091,A Wolf In A Hole In A,https://dy-us-playground.onrender.com/,1803.4,True,https://images.unsplash.com/photo-1664573932884-1464e13c9dd3?w=200,animals|wildlife|canines|wolves|nature,wolf|hole|rock|wall,a wolf in a hole in a rock wall,Honza Reznik
CYQJOX0GUZQC,G00034,A Gray And White Dog Laying In,https://dy-us-playground.onrender.com/,984.68,True,https://images.unsplash.com/photo-1700521504039-af60dcb41635?w=200,animals|pets|dogs|nature,gray|white|dog|laying|grass,a gray and white dog laying in the grass,Jelena Kostic
HP92Z86DVX3X,G00034,A Dog Walking On Grass,https://dy-us-playground.onrender.com/,1266.07,True,https://images.unsplash.com/photo-1664573930258-a19aeade61c9?w=200,animals|pets|dogs|nature,dog|walking|grass,a dog walking on grass,Honza Reznik
8AZJKOS876W1,G00034,A Dog Standing On Rocks,https://dy-us-playground.onrender.com/,1602.92,True,https://images.unsplash.com/photo-1664573934289-096ce12a2854?w=200,animals|pets|dogs|nature,dog|standing|rocks,a dog standing on rocks,Honza Reznik
0UB3G5XG7J8Q,G00306,A Cat Walking Through A Snow Covered,https://dy-us-playground.onrender.com/,953.59,False,https://plus.unsplash.com/premium_photo-1724517493365-cd62d16e2eda?w=200,animals|pets|cats|winter,cat|walking|through|snow|covered|forest,A cat walking through a snow covered forest,Zdeněk Macháček
RJIA1HMNLBNX,G00091,A Wolf With Its Tongue Out,https://dy-us-playground.onrender.com/,1761.68,False,https://images.unsplash.com/photo-1664573932381-a128263db07b?w=200,animals|wildlife|canines|wolves|nature,wolf|its|tongue|out,a wolf with its tongue out,Honza Reznik
HOKFUAQVFFTB,G00091,Two Wolves Standing On A Log,https://dy-us-playground.onrender.com/,1591.89,False,https://images.unsplash.com/photo-1660675733141-f3dcebc39b17?w=200,art|photography|nature,two|wolves|standing|log,two wolves standing on a log,Sibeesh Venu
WQ3ZRQ2MHDW2,G00034,A Dog Sitting In The Grass,https://dy-us-playground.onrender.com/,450.11,False,https://images.unsplash.com/photo-1664573932881-085f7162c819?w=200,animals|pets|dogs|nature,dog|sitting|grass,a dog sitting in the grass,Honza Reznik
STI7LP6MOM7E,G00091,A Wolf In A Stream,https://dy-us-playground.onrender.com/,1927.74,True,https://images.unsplash.com/photo-1664573933415-4eda139225c2?w=200,animals|wildlife|canines|wolves|nature,wolf|stream,a wolf in a stream,Honza Reznik
V6FVYS81PBPH,G00034,A Dog Biting Another Dogs Nose,https://dy-us-playground.onrender.com/,1594.87,True,https://images.unsplash.com/photo-1664573932097-fe9b5ed5b688?w=200,animals|pets|dogs|nature,dog|biting|another|s|nose,a dog biting another dog's nose,Honza Reznik
BVDZ7HSXR9TF,G00035,A Dog On A Rock,https://dy-us-playground.onrender.com/,112.03,True,https://images.unsplash.com/photo-1664573931840-2bb86d705a93?w=200,animals|pets|dogs|nature,dog|rock,a dog on a rock,Honza Reznik
6EAFFEHDP1CR,G00035,A Dog Standing In A Field,https://dy-us-playground.onrender.com/,634.59,True,https://images.unsplash.com/photo-1664573931555-2e137fa5ed74?w=200,animals|pets|dogs|nature,dog|standing|field,a dog standing in a field,Honza Reznik
C5GR581R9ZWW,G00306,A Close Up Of A Cat With,https://dy-us-playground.onrender.com/,362.66,True,https://plus.unsplash.com/premium_photo-1674518553254-a3bd74266510?w=200,animals|pets|cats|nature,close|up|cat|blurry|background,a close up of a cat with a blurry background,Arnaud Mariat
FWU5GR5Y0OOO,G00092,A Wolf In The Wild,https://dy-us-playground.onrender.com/,1798.84,False,https://images.unsplash.com/photo-1664573931626-b77fb8c0c124?w=200,animals|wildlife|canines|wolves|nature,wolf|wild,a wolf in the wild,Honza Reznik
ZBTFN868H45A,G00035,A Dog Sitting On A Rock,https://dy-us-playground.onrender.com/,1248.97,False,https://images.unsplash.com/photo-1664193803282-5268e8d0d65f?w=200,animals|pets|dogs|nature,dog|sitting|rock,a dog sitting on a rock,Honza Reznik
72FS32LPKR3G,G00150,A Group Of Cows In A Field,https://dy-us-playground.onrender.com/,932.21,True,https://images.unsplash.com/photo-1664573933080-341791dff982?w=200,art|photography|nature,group|cows|field,a group of cows in a field,Honza Reznik
SRJNQ9NL7TSV,G00035,A Dog Sitting On Grass,https://dy-us-playground.onrender.com/,684.3,True,https://images.unsplash.com/photo-1664193900568-52b4c782f2d8?w=200,animals|pets|dogs|nature,dog|sitting|grass,a dog sitting on grass,Honza Reznik
DTSZTQKKYGRU,G00035,A Couple Of Dogs Stand Near Each,https://dy-us-playground.onrender.com/,642.21,False,https://images.unsplash.com/photo-1664573932992-aaa6929c2d07?w=200,animals|pets|dogs|nature,couple|dogs|stand|near|each|other,a couple of dogs stand near each other,Honza Reznik
QKYZC70Z1XHE,G00035,A Dog In A Bush,https://dy-us-playground.onrender.com/,1020.4,False,https://images.unsplash.com/photo-1664573932152-efac02c2375b?w=200,animals|pets|dogs|nature,dog|bush,a dog in a bush,Honza Reznik
RUKIUXQ1Y0LQ,G00092,A Wolf Looking At The Camera,https://dy-us-playground.onrender.com/,650.26,False,https://images.unsplash.com/photo-1664193820861-369360489519?w=200,animals|wildlife|canines|wolves|nature,wolf|looking|at|camera,a wolf looking at the camera,Honza Reznik
OLG5943LBZ97,G00092,Two Wolves Interacting In A Grassy Enclosure,https://dy-us-playground.onrender.com/,1221.22,True,https://images.unsplash.com/photo-1765990228696-397ae35a0fce?w=200,art|photography|nature,two|wolves|interacting|grassy|enclosure,Two wolves interacting in a grassy enclosure,Tómas Rekstad
PIQAKRIV5LAT,G00150,A Group Of Cows In A Field,https://dy-us-playground.onrender.com/,1142.24,False,https://images.unsplash.com/photo-1664573932410-ad98f2ed854c?w=200,art|photography|nature,group|cows|field,a group of cows in a field,Honza Reznik
RI69JSJQFCJU,G00036,A Dog Sitting On A Brick Walkway,https://dy-us-playground.onrender.com/,1703.9,False,https://images.unsplash.com/photo-1664573931868-ed340a80b1cf?w=200,animals|pets|dogs|nature,dog|sitting|brick|walkway,a dog sitting on a brick walkway,Honza Reznik
GED7LNVSEG8L,G00036,White And Brown Short Coated Dog On,https://dy-us-playground.onrender.com/,691.34,True,https://images.unsplash.com/photo-1614787894400-40d154a0e0be?w=200,animals|pets|dogs|nature,white|brown|short|coated|dog|soil,white and brown short coated dog on brown soil,Ravindra Vishwkarma
RPNL10EDRIX1,G00036,A Dog Sitting In The Grass Looking,https://dy-us-playground.onrender.com/,1839.07,True,https://images.unsplash.com/photo-1722291444902-0a7a30302ab6?w=200,animals|pets|dogs|nature,dog|sitting|grass|looking|at|water,A dog sitting in the grass looking at the water,Céline Druguet
U0QRURONXCIL,G00092,Two Wolves Playing In The Snow,https://dy-us-playground.onrender.com/,1406.64,True,https://images.unsplash.com/photo-1769634211771-ec70de55f9c0?w=200,art|photography|winter,two|wolves|playing|snow,Two wolves playing in the snow,Yana Anishchenkova
TCFL0UCTGXY4,G00150,A Group Of Coyotes Running Across A,https://dy-us-playground.onrender.com/,1117.12,False,https://images.unsplash.com/photo-1762353549324-4eda4bedb28f?w=200,art|photography|nature,group|coyotes|running|across|gray|background,A group of coyotes running across a gray background,Ahab Sun
DSRYLW9PZ7YI,G00092,Two Wolves Playing In The Falling Snow,https://dy-us-playground.onrender.com/,1026.9,False,https://images.unsplash.com/photo-1769634211766-a58d1f3b3cd5?w=200,art|photography|winter,two|wolves|playing|falling|snow,Two wolves playing in the falling snow,Yana Anishchenkova
QX3SL39Y1JO0,G00092,A Wolf Standing In A Forest Looking,https://dy-us-playground.onrender.com/,376.59,True,https://plus.unsplash.com/premium_photo-1661890071978-6c80f92c7fdf?w=200,animals|wildlife|canines|wolves|forest,wolf|standing|forest|looking|up|at|sky,a wolf standing in a forest looking up at the sky,Getty Images
YPS8DQCPCW0A,G00093,Brown Wolf Standing Boulder During Daytime,https://dy-us-playground.onrender.com/,1909.51,False,https://images.unsplash.com/photo-1574007477600-91e318b24ccf?w=200,animals|wildlife|canines|wolves|nature,brown|wolf|standing|boulder|during|daytime,brown wolf standing boulder during daytime,Darren Welsh
PJP0ZGE783KQ,G00093,A Wolf Standing On A Rock In,https://dy-us-playground.onrender.com/,839.87,False,https://images.unsplash.com/photo-1691433790054-5b3821080f4f?w=200,animals|wildlife|canines|wolves|nature,wolf|standing|rock|woods,a wolf standing on a rock in the woods,Stephen Crane
2FZKFMDFTQJ0,G00093,A Wolf Is Looking Up At The,https://dy-us-playground.onrender.com/,201.85,True,https://images.unsplash.com/photo-1672274895877-eea78341f262?w=200,animals|wildlife|canines|wolves|nature,wolf|is|looking|up|at|sky,a wolf is looking up at the sky,Ethan Currier
TA29GRJBLQBO,G00093,Brown And White Wolf On Snow Covered,https://dy-us-playground.onrender.com/,359.05,False,https://images.unsplash.com/photo-1604608678051-64d46d8d0ffe?w=200,animals|wildlife|canines|wolves|winter,brown|white|wolf|snow|covered|ground,brown and white wolf on snow covered ground,Federico Di Dio photography
BUIASV9H8J1E,G00036,A Close Up Of A Dogs Blue,https://dy-us-playground.onrender.com/,748.66,True,https://plus.unsplash.com/premium_photo-1673728218157-b316914d636c?w=200,animals|pets|dogs|nature,close|up|dog|s|blue|eyes,a close up of a dog's blue eyes,Jason Hawke 🇨🇦
E67MTWMMG6HQ,G00151,Full Moon Behind A Tree Silhouettes,https://dy-us-playground.onrender.com/,760.49,True,https://images.unsplash.com/photo-1511553677255-ba939e5537e0?w=200,art|photography|nature,full|moon|behind|tree|silhouettes,full moon behind a tree silhouettes,Aron Visuals
77EIFXEW5KIZ,G00093,White And Black Wolf With White Snow,https://dy-us-playground.onrender.com/,119.02,True,https://images.unsplash.com/photo-1609062445355-f1d32cb7dc2e?w=200,animals|wildlife|canines|wolves|winter,white|black|wolf|snow|mouth,white and black wolf with white snow on mouth,Анатолий Чесноков
YQ67OVO0S8T6,G00151,White And Black Siberian Husky,https://dy-us-playground.onrender.com/,695.35,False,https://images.unsplash.com/photo-1598823439922-ba8764146c80?w=200,art|photography|nature,white|black|siberian|husky,white and black siberian husky,Linda Kazares
HWHPSWUB0B9E,G00093,White And Brown Wolf In Close Up,https://dy-us-playground.onrender.com/,390.47,False,https://images.unsplash.com/photo-1598822382178-6939a1b837ac?w=200,animals|wildlife|canines|wolves|nature,white|brown|wolf|close|up|photography,white and brown wolf in close up photography,Linda Kazares
B6P7NSQY8632,G00094,Other Common Name Timber Wolf Grey Wolves,https://dy-us-playground.onrender.com/,257.69,True,https://plus.unsplash.com/premium_photo-1664303205985-64a9030aa7d6?w=200,animals|wildlife|canines|wolves|winter,other|common|name|timber|wolf|grey|wolves|are,"Other common name: timber wolf. Grey wolves are pack animals, with parents and cubs forming the basic pack. During the winter months larger packs are formed. Wolves are found in Northern Europe, Asia, and North America.",Getty Images
YZR5B4RAL9XU,G00094,White And Brown Wolf Under Blue Sky,https://dy-us-playground.onrender.com/,938.26,True,https://images.unsplash.com/photo-1598822382190-17086eec9bab?w=200,animals|wildlife|canines|wolves|nature,white|brown|wolf|under|blue|sky|during|daytime,white and brown wolf under blue sky during daytime,Linda Kazares
013VK2D4L922,G00036,White And Black Short Coated Dog,https://dy-us-playground.onrender.com/,1780.71,False,https://images.unsplash.com/photo-1598822382130-db011c974353?w=200,animals|pets|dogs|nature,white|black|short|coated|dog,white and black short coated dog,Linda Kazares
JPXB8W9EKKKC,G00036,A Dog Sitting On The Ground With,https://dy-us-playground.onrender.com/,1247.83,False,https://plus.unsplash.com/premium_photo-1666229410352-c4686b71cea2?w=200,animals|pets|dogs|nature,dog|sitting|ground|its|mouth|open,a dog sitting on the ground with its mouth open,Matt Bango
DKAKQHKBVS1R,G00094,A White Wolf Howling In A Forest,https://dy-us-playground.onrender.com/,54.83,True,https://images.unsplash.com/photo-1761754763205-c38d5a44f880?w=200,animals|wildlife|canines|wolves|forest,white|wolf|howling|forest,A white wolf howling in a forest,Asse Slotendijk
O90GY1Q79CN0,G00094,A Wolf Howling In A Misty Forest,https://dy-us-playground.onrender.com/,1329.3,False,https://images.unsplash.com/photo-1746913434553-f32c402c1f8f?w=200,animals|wildlife|canines|wolves|forest,wolf|howling|misty|forest|tall|trees,A wolf howling in a misty forest with tall trees.,The Cleveland Museum of Art
4JMXGUAL1B5Z,G00151,Brown Rock Formation Under Blue Sky During,https://dy-us-playground.onrender.com/,622.96,False,https://images.unsplash.com/photo-1605149943203-9a9f2271aeaa?w=200,art|photography|nature,brown|rock|formation|under|blue|sky|during|daytime,brown rock formation under blue sky during daytime,Mick Haupt
94WOEMM2T9G9,G00094,Wooden Wolf Sculpture Howling On A Mountain,https://dy-us-playground.onrender.com/,508.96,True,https://images.unsplash.com/photo-1766314286734-f041d0585922?w=200,animals|wildlife|canines|wolves|mountain,wooden|wolf|sculpture|howling|mountain|peak,Wooden wolf sculpture howling on a mountain peak.,MAURO FOSSATI
D3TQVXO3XIU2,G00094,Tarot Card Depicting A Moonlit Forest Scene,https://dy-us-playground.onrender.com/,1006.17,True,https://images.unsplash.com/photo-1772710954788-a758ecce3713?w=200,art|photography|forest,tarot|card|depicting|moonlit|forest|scene|wolves,Tarot card depicting a moonlit forest scene with wolves.,Viva Luna Studios
T6BPQSB2IAE6,G00037,A Dog Standing On A Rock,https://dy-us-playground.onrender.com/,250.04,True,https://images.unsplash.com/photo-1666899154981-dbfe5fd677a9?w=200,animals|pets|dogs|nature,dog|standing|rock,a dog standing on a rock,Honza Reznik
7OYSUGOMRGBB,G00151,A Group Of Coyotes Running Across A,https://dy-us-playground.onrender.com/,1601.6,True,https://images.unsplash.com/photo-1762353549324-4eda4bedb28f?w=200,art|photography|nature,group|coyotes|running|across|gray|background,A group of coyotes running across a gray background,Ahab Sun
OHDEEZ1LHDKN,G00151,A Red Fox In New Jersey,https://dy-us-playground.onrender.com/,805.66,True,https://plus.unsplash.com/premium_photo-1661962809021-5b818d1f0f74?w=200,art|photography|nature,red|fox|new|jersey,A red fox in New Jersey,Getty Images
P4YGSIMEWFA2,G00095,A Wolf Is Looking Up At The,https://dy-us-playground.onrender.com/,1806.15,True,https://images.unsplash.com/photo-1645705617819-8fc3942105c2?w=200,animals|wildlife|canines|wolves|nature,wolf|is|looking|up|at|sky,a wolf is looking up at the sky,Michael Büchi
VBXE2ZFAR0UX,G00095,Other Common Name Timber Wolf Grey Wolves,https://dy-us-playground.onrender.com/,1074.85,True,https://plus.unsplash.com/premium_photo-1664303210452-ca5ea17fdeda?w=200,animals|wildlife|canines|wolves|winter,other|common|name|timber|wolf|grey|wolves|are,"Other common name: timber wolf. Grey wolves are pack animals, with parents and cubs forming the basic pack. During the winter months larger packs are formed. Wolves are found in Northern Europe, Asia, and North America.",Getty Images
RIO15TG0BOAL,G00306,Brown Cat On Tree Branch,https://dy-us-playground.onrender.com/,586.63,True,https://images.unsplash.com/photo-1604072425864-13a04911ece5?w=200,animals|pets|cats|nature,brown|cat|tree|branch,brown cat on tree branch,Dalton Caraway
8VDC5R242I3J,G00095,A Wolf With Its Mouth Open And,https://dy-us-playground.onrender.com/,948.91,True,https://images.unsplash.com/photo-1685511021127-ea8f746b76df?w=200,animals|wildlife|canines|wolves|nature,wolf|its|mouth|open|it|s|wide,a wolf with its mouth open and it's mouth wide open,Bro Takes Photos
UDYGWCME2GMT,G00095,Other Common Name Timber Wolf Grey Wolves,https://dy-us-playground.onrender.com/,13.34,True,https://plus.unsplash.com/premium_photo-1664303208329-58bd1b4e30c3?w=200,animals|wildlife|canines|wolves|winter,other|common|name|timber|wolf|grey|wolves|are,"Other common name: timber wolf. Grey wolves are pack animals, with parents and cubs forming the basic pack. During the winter months larger packs are formed. Wolves are found in Northern Europe, Asia, and North America.",Getty Images
551QCRVTDP1M,G00095,A Wolf Standing On Top Of A,https://dy-us-playground.onrender.com/,691.36,False,https://images.unsplash.com/photo-1640216687044-0391b9824866?w=200,animals|wildlife|canines|wolves|nature,wolf|standing|top|pile|wood,a wolf standing on top of a pile of wood,Jefferson Sees
RDEWJUIC4SAI,G00037,A Dog Sitting In A Forest,https://dy-us-playground.onrender.com/,1017.27,False,https://images.unsplash.com/photo-1664573932917-035106cc2035?w=200,animals|pets|dogs|forest,dog|sitting|forest,a dog sitting in a forest,Honza Reznik
R7JIZ33KIJ27,G00037,A Dog In The Snow Looking Up,https://dy-us-playground.onrender.com/,1249.76,True,https://images.unsplash.com/photo-1738437784258-a962b0dcb33b?w=200,animals|pets|dogs|winter,dog|snow|looking|up|at|sky,A dog in the snow looking up at the sky,Fridi Antrack
0CKKZTETQ2QB,G00095,Wolf Yawning Widely In A Grassy Rocky,https://dy-us-playground.onrender.com/,1776.69,False,https://images.unsplash.com/photo-1771140769068-2088ba5f4ff4?w=200,animals|wildlife|canines|wolves|nature,wolf|yawning|widely|grassy|rocky|area,"Wolf yawning widely in a grassy, rocky area.",Janis Kloter
ET4MW3SY4VP5,G00096,A Statue Of A White Wolf With,https://dy-us-playground.onrender.com/,1917.44,False,https://plus.unsplash.com/premium_photo-1724619718292-6b530e7f05aa?w=200,animals|wildlife|canines|wolves|nature,statue|white|wolf|orange|eyes,A statue of a white wolf with orange eyes,Alex Shuper
4GTGDRGS1UPN,G00151,White And Brown Horse On Brown Grass,https://dy-us-playground.onrender.com/,1505.44,True,https://images.unsplash.com/photo-1607321740491-40e204947580?w=200,art|photography|nature,white|brown|horse|grass|field|during|daytime,white and brown horse on brown grass field during daytime,Annie Spratt
38PFACZI01AR,G00152,A Bison Running Through The Snow In,https://dy-us-playground.onrender.com/,1920.04,True,https://plus.unsplash.com/premium_photo-1675447019922-129794ab4c40?w=200,art|photography|winter,bison|running|through|snow|blizzard,a bison running through the snow in a blizzard,Daniel Mirlea
VXVEK0MU06NN,G00096,Two Wolves Pose One Midyawn,https://dy-us-playground.onrender.com/,1628.36,False,https://images.unsplash.com/photo-1751462019658-9dbfcf2ffb2e?w=200,art|photography|nature,two|wolves|pose|one|mid|yawn,"Two wolves pose, one mid-yawn.",Tómas Rekstad
VFQRI71H90CO,G00152,A Close Up Of A Horse With,https://dy-us-playground.onrender.com/,1785.5,True,https://images.unsplash.com/photo-1680214281608-f04321c29b18?w=200,art|photography|nature,close|up|horse|long|hair,a close up of a horse with a long hair,Rachel
9TK1FUQST9LW,G00096,White And Brown Wolf With Black Background,https://dy-us-playground.onrender.com/,70.35,False,https://images.unsplash.com/photo-1586093734445-583a0d8f3533?w=200,animals|wildlife|canines|wolves|nature,white|brown|wolf|black|background,white and brown wolf with black background,Nicolas Peyrol
ZK5OD3YIITVH,G00096,Beautiful Grey Timber Wolf Cnis Lupus Stalking,https://dy-us-playground.onrender.com/,472.73,True,https://plus.unsplash.com/premium_photo-1661963670413-76c895e59b43?w=200,animals|wildlife|canines|wolves|forest,beautiful|grey|timber|wolf|cnis|lupus|stalking|eating,Beautiful grey Timber Wolf Cnis Lupus stalking and eating in forest clearing landscape setting,Getty Images
MNNUKQA9EPI4,G00306,A Cat Sitting On A Table With,https://dy-us-playground.onrender.com/,1624.15,False,https://images.unsplash.com/photo-1728598422172-89e7e3c3ebb6?w=200,animals|pets|cats|nature,cat|sitting|table|its|mouth|open,A cat sitting on a table with its mouth open,Rodrigo Rodrigues | WOLF Λ R T
YF4T1ZMEJCR7,G00152,A Horse Standing In The Middle Of,https://dy-us-playground.onrender.com/,1818.16,False,https://plus.unsplash.com/premium_photo-1668454128731-cfa6ed5ad168?w=200,art|photography|nature,horse|standing|middle|field|under|full|moon,a horse standing in the middle of a field under a full moon,Pramod Tiwari
G0RMYB4CKZXC,G00037,A Close Up Of A Dog With,https://dy-us-playground.onrender.com/,400.58,True,https://images.unsplash.com/photo-1692913431921-31e973ba9cd8?w=200,animals|pets|dogs|nature,close|up|dog|its|mouth|open,a close up of a dog with its mouth open,Vladislav K.
NYQO753XR3AT,G00096,White Wolf Walking On Snow Covered Ground,https://dy-us-playground.onrender.com/,1962.12,True,https://images.unsplash.com/photo-1599148090441-3b18f14c0417?w=200,animals|wildlife|canines|wolves|winter,white|wolf|walking|snow|covered|ground|during|daytime,white wolf walking on snow covered ground during daytime,amanda panda
L7HYMI9W2H95,G00037,Brown And Black Short Coated Dog Lying,https://dy-us-playground.onrender.com/,1579.17,True,https://images.unsplash.com/photo-1597506442735-2be48a9f1330?w=200,animals|pets|dogs|nature,brown|black|short|coated|dog|lying|ground|during,brown and black short coated dog lying on ground during daytime,bapt
PLHQ4NDHTLAZ,G00281,Figure In Dark Cloak On Rocky Mountain,https://dy-us-playground.onrender.com/,1518.73,False,https://plus.unsplash.com/premium_photo-1767735909150-6cdf68a01908?w=200,art|photography|mountain,figure|dark|cloak|rocky|mountain|peak,Figure in dark cloak on rocky mountain peak.,Zyanya Citlalli
GF6PZZWG55W4,G00096,A Lone Wolf Standing In The Middle,https://dy-us-playground.onrender.com/,1335.19,False,https://images.unsplash.com/photo-1721987428428-89f198427a74?w=200,animals|wildlife|canines|wolves|forest,lone|wolf|standing|middle|forest,A lone wolf standing in the middle of a forest,Johann Siemens
JXI7VZQKN17W,G00152,A Horse Standing On A Rock,https://dy-us-playground.onrender.com/,522.22,False,https://images.unsplash.com/photo-1665238076528-1cf163f2d87e?w=200,art|photography|nature,horse|standing|rock,a horse standing on a rock,Honza Reznik
WAYZ51PJFSIE,G00367,Two Owl Roaring,https://dy-us-playground.onrender.com/,804.55,True,https://images.unsplash.com/photo-1511530155862-18a92c0691d9?w=200,animals|wildlife|birds|nature,two|owl|roaring,two owl roaring,matan elihay
TNCT0FQF4BQE,G00097,A Wolf Standing In Leaves,https://dy-us-playground.onrender.com/,38.91,False,https://images.unsplash.com/photo-1669833604425-66023c35f54b?w=200,animals|wildlife|canines|wolves|nature,wolf|standing|leaves,a wolf standing in leaves,kenny goossen
4RJT1X9A35M9,G00152,A Bear That Is Sitting On A,https://dy-us-playground.onrender.com/,1704.09,True,https://plus.unsplash.com/premium_photo-1723650062229-241016025960?w=200,art|photography|nature,bear|is|sitting|rock,A bear that is sitting on a rock,Paris Bilal
2F1RAN0856Y5,G00152,A Couple Of Brown Bears With Their,https://dy-us-playground.onrender.com/,1031.77,True,https://images.unsplash.com/photo-1655808682647-fa08d82c2d97?w=200,art|photography|nature,couple|brown|bears|their|mouths|open,a couple of brown bears with their mouths open,Wild Spirit
HVEJR4OGSA80,G00097,Beautiful Grey Timber Wolf Cnis Lupus Stalking,https://dy-us-playground.onrender.com/,1536.52,True,https://plus.unsplash.com/premium_photo-1661964479726-26cd28db77a8?w=200,animals|wildlife|canines|wolves|forest,beautiful|grey|timber|wolf|cnis|lupus|stalking|eating,Beautiful grey Timber Wolf Cnis Lupus stalking and eating in forest clearing landscape setting,Getty Images
81CD21MI5W5J,G00281,Gray Clouds Over Brown Mountain,https://dy-us-playground.onrender.com/,193.8,True,https://images.unsplash.com/photo-1611777851175-efb8e02abb31?w=200,art|photography|mountain,gray|clouds|over|brown|mountain,gray clouds over brown mountain,Marek Piwnicki
0SNFGD53C7Q0,G00037,A Dog Standing On A Rock Looking,https://dy-us-playground.onrender.com/,432.66,False,https://images.unsplash.com/photo-1686592344891-ad645877db25?w=200,animals|pets|dogs|nature,dog|standing|rock|looking|up|at|sky,a dog standing on a rock looking up at the sky,Lilian Jeane Schiffer
1FZYRWG41Z4G,G00097,A Wolf Standing On Top Of A,https://dy-us-playground.onrender.com/,278.48,True,https://plus.unsplash.com/premium_photo-1661810544376-abb54fdd26fe?w=200,animals|wildlife|canines|wolves|nature,wolf|standing|top|hill|under|full|moon,a wolf standing on top of a hill under a full moon,Getty Images
YAR24NC1XHEC,G00097,Wolf With Open Mouth,https://dy-us-playground.onrender.com/,261.31,False,https://images.unsplash.com/photo-1564166174574-a9666f590437?w=200,animals|wildlife|canines|wolves|nature,wolf|open|mouth,wolf with open mouth,Philipp Pilz
U0HFKXHJ3AF1,G00097,Black And Brown Wolf Painting,https://dy-us-playground.onrender.com/,495.04,True,https://images.unsplash.com/photo-1588167056547-c183313da47c?w=200,animals|wildlife|canines|wolves|nature,black|brown|wolf|painting,black and brown wolf painting,Marc-Olivier Jodoin
D5QGKVAHF77Q,G00097,A Wolf Standing In The Middle Of,https://dy-us-playground.onrender.com/,1532.88,False,https://plus.unsplash.com/premium_photo-1700167450913-381df43fe71a?w=200,animals|wildlife|canines|wolves|forest,wolf|standing|middle|forest,a wolf standing in the middle of a forest,Djordje Vukojicic
NMVUWI14L7U7,G00098,Brown And White Wolf Lying On Brown,https://dy-us-playground.onrender.com/,554.83,False,https://images.unsplash.com/photo-1598823440012-db3cfcc98ce9?w=200,animals|wildlife|canines|wolves|nature,brown|white|wolf|lying|wooden|floor,brown and white wolf lying on brown wooden floor,Linda Kazares
BO6YZ9SBOURB,G00038,White And Black Short Coated Dog,https://dy-us-playground.onrender.com/,1218.27,False,https://images.unsplash.com/photo-1598822382149-16605a77bbc9?w=200,animals|pets|dogs|nature,white|black|short|coated|dog,white and black short coated dog,Linda Kazares
AIDAX964MWHT,G00098,White And Black Wolf In Car During,https://dy-us-playground.onrender.com/,1894.06,False,https://images.unsplash.com/photo-1598822382200-099ab55fbc59?w=200,animals|wildlife|canines|wolves|nature,white|black|wolf|car|during|daytime,white and black wolf in car during daytime,Linda Kazares
82E0WFE2KR47,G00098,A Wolf Standing Next To A Tree,https://dy-us-playground.onrender.com/,1788.03,False,https://plus.unsplash.com/premium_photo-1661899053699-f49eb65ca6a3?w=200,animals|wildlife|canines|wolves|winter,wolf|standing|next|to|tree|snow,a wolf standing next to a tree in the snow,Getty Images
XU3XC01S943E,G00153,Full Moon In The Sky,https://dy-us-playground.onrender.com/,1981.84,True,https://images.unsplash.com/photo-1586502174362-c98af8ee70fc?w=200,art|photography|nature,full|moon|sky,full moon in the sky,Geert Pieters
P39354YXCRDF,G00153,White And Black Siberian Husky Puppy,https://dy-us-playground.onrender.com/,356.3,False,https://images.unsplash.com/photo-1598822382403-b753279f8b05?w=200,art|photography|nature,white|black|siberian|husky|puppy,white and black siberian husky puppy,Linda Kazares
OXO8ENZ3KE1X,G00367,A Fox Howls At The Twilight Sky,https://dy-us-playground.onrender.com/,634.28,True,https://images.unsplash.com/photo-1765756724361-31b447c66056?w=200,animals|wildlife|birds|nature,fox|howls|at|twilight|sky,A fox howls at the twilight sky,JVDE
5U1EK88L5N4J,G00098,White And Brown Wolf On Black Background,https://dy-us-playground.onrender.com/,1578.7,True,https://images.unsplash.com/photo-1598822382134-c6f55d7031e3?w=200,animals|wildlife|canines|wolves|nature,white|brown|wolf|black|background,white and brown wolf on black background,Linda Kazares
S0T27S5PZTZR,G00038,A Close Up Of A Dog Laying,https://dy-us-playground.onrender.com/,1813.67,True,https://plus.unsplash.com/premium_photo-1694453109154-3c459850503f?w=200,animals|pets|dogs|nature,close|up|dog|laying|ground,a close up of a dog laying on the ground,Djordje Vukojicic
L7MZMYHYB925,G00098,Sculpture Of A Wolf Howling On A,https://dy-us-playground.onrender.com/,1290.56,False,https://images.unsplash.com/photo-1766314346705-03912c31be54?w=200,animals|wildlife|canines|wolves|mountain,sculpture|wolf|howling|mountain|landscape,Sculpture of a wolf howling on a mountain landscape.,MAURO FOSSATI
02KY6BJ0NOA7,G00098,A Close Up Of A White Wolfs,https://dy-us-playground.onrender.com/,1498.45,False,https://plus.unsplash.com/premium_photo-1673483071083-f1975b9c59a4?w=200,animals|wildlife|canines|wolves|nature,close|up|white|wolf|s|eye,a close up of a white wolf's eye,Valeriia Miller
FF63N0JZGW18,G00153,Silhouette Of Trees Under Full Moon,https://dy-us-playground.onrender.com/,1857.11,False,https://images.unsplash.com/photo-1565024013832-8ff91d744811?w=200,art|photography|nature,silhouette|trees|under|full|moon,silhouette of trees under full moon,Martin Adams
4IHMFL3Z4V4H,G00153,A Coyote In Banff Canada,https://dy-us-playground.onrender.com/,310.45,False,https://plus.unsplash.com/premium_photo-1661964309609-abfa2ebe71ba?w=200,art|photography|nature,coyote|banff|canada,"A coyote in Banff, Canada.",Getty Images
OVK6SKLWHQJ1,G00038,A Dog Standing On A Rocky Hillside,https://dy-us-playground.onrender.com/,720.11,False,https://images.unsplash.com/photo-1666899155339-5427772a0c2a?w=200,animals|pets|dogs|nature,dog|standing|rocky|hillside,a dog standing on a rocky hillside,Honza Reznik
ZVPHXWH5B8KA,G00038,A Close Up Of A Dogs Face,https://dy-us-playground.onrender.com/,78.69,True,https://images.unsplash.com/photo-1647520000630-2bf57385a4ea?w=200,animals|pets|dogs|nature,close|up|dog|s|face|blurry|background,a close up of a dog's face with a blurry background,Katie Currier
3FQUPNREYAM6,G00099,A Painting Of A Wolf Looking Up,https://dy-us-playground.onrender.com/,107.02,False,https://images.unsplash.com/photo-1683960224632-4cc553339cc4?w=200,animals|wildlife|canines|wolves|nature,painting|wolf|looking|up|at|moon,a painting of a wolf looking up at the moon,Fuu J
IO87JWK6AL91,G00099,White And Black Wolf On Snow Covered,https://dy-us-playground.onrender.com/,200.51,False,https://images.unsplash.com/photo-1612340109190-e1ecc8d4c325?w=200,animals|wildlife|canines|wolves|winter,white|black|wolf|snow|covered|ground,white and black wolf on snow covered ground,Annie Spratt
3HP6B2NC2OZX,G00038,Greyscale Photography Of Dog,https://dy-us-playground.onrender.com/,1796.17,False,https://images.unsplash.com/photo-1576296946685-f100e8fee6de?w=200,animals|pets|dogs|nature,greyscale|photography|dog,greyscale photography of dog,Matthew Lancaster
G8BTOOFMQHUN,G00099,Two Gray Wolfs With Their Mouths Open,https://dy-us-playground.onrender.com/,102.54,False,https://images.unsplash.com/photo-1638137579359-16323b8e7dfc?w=200,animals|wildlife|canines|wolves|nature,two|gray|wolfs|their|mouths|open|showing|teeth,two gray wolfs with their mouths open showing teeth,MARIOLA GROBELSKA
IT8D0B3X8ZR5,G00099,A White Wolf Walking Across A Rocky,https://dy-us-playground.onrender.com/,1800.89,False,https://plus.unsplash.com/premium_photo-1724619718095-60f10e1f7d32?w=200,animals|wildlife|canines|wolves|nature,white|wolf|walking|across|rocky|hillside,A white wolf walking across a rocky hillside,Alex Shuper
TJO2WDY0HZSY,G00038,A Brown Dog Standing On Top Of,https://dy-us-playground.onrender.com/,1637.96,False,https://images.unsplash.com/photo-1684201876221-b1c7d9a010a3?w=200,animals|pets|dogs|nature,brown|dog|standing|top|lush|green|hillside,a brown dog standing on top of a lush green hillside,Milan Sharma
HSWQBK8O7SVK,G00153,A Coyote In British Columbia Canada,https://dy-us-playground.onrender.com/,604.57,False,https://plus.unsplash.com/premium_photo-1661963233537-dfd72365b19d?w=200,art|photography|nature,coyote|british|columbia|canada,"A coyote in British Columbia, Canada.",Getty Images
1CN3F1E0IX7K,G00099,A Wolf Laying On The Ground With,https://dy-us-playground.onrender.com/,793.44,True,https://images.unsplash.com/photo-1729629203620-57d6e4478407?w=200,animals|wildlife|canines|wolves|nature,wolf|laying|ground|its|mouth|open,A wolf laying on the ground with its mouth open,Mark Boss
53P6XPWH0RBL,G00039,A Large Dog Laying On Top Of,https://dy-us-playground.onrender.com/,886.28,True,https://images.unsplash.com/photo-1730101703317-793132313ca2?w=200,animals|pets|dogs|nature,large|dog|laying|top|dirt|road,A large dog laying on top of a dirt road,Thierry Grossglauser
OPMPXF2HZHWB,G00099,A Wolf Standing In The Grass With,https://dy-us-playground.onrender.com/,1643.34,False,https://images.unsplash.com/photo-1690780506802-73cc3270bf0e?w=200,animals|wildlife|canines|wolves|nature,wolf|standing|grass|its|mouth|open,a wolf standing in the grass with its mouth open,Alex Devera
P02H48444RBD,G00100,White And Brown Wolf On Brown Tree,https://dy-us-playground.onrender.com/,1905.16,True,https://images.unsplash.com/photo-1590320430315-4c0cfb957a71?w=200,animals|wildlife|canines|wolves|nature,white|brown|wolf|tree|branch|during|daytime,white and brown wolf on brown tree branch during daytime,Oleksa Mara Paniv
V9S4S08B7VGX,G00039,Black And White Short Coated Dog On,https://dy-us-playground.onrender.com/,1873.1,True,https://images.unsplash.com/photo-1615284997910-014434d31be8?w=200,animals|pets|dogs|winter,black|white|short|coated|dog|snow|covered|ground,black and white short coated dog on snow covered ground during daytime,Luka Senica
EE1YB6PFUP5N,G00039,A White Dog Looking Up Into The,https://dy-us-playground.onrender.com/,1855.23,False,https://images.unsplash.com/photo-1632151614713-ec336d4880b9?w=200,animals|pets|dogs|nature,white|dog|looking|up|into|sky,a white dog looking up into the sky,Divyan Rajveer Rana
7EKQ5LZ1LZ9H,G00153,A Coyote In British Columbia Canada,https://dy-us-playground.onrender.com/,214.24,True,https://plus.unsplash.com/premium_photo-1664303942749-dc04816cb882?w=200,art|photography|nature,coyote|british|columbia|canada,"A coyote in British Columbia, Canada.",Getty Images
B4OI9LEXIQ9Z,G00039,White And Gray Short Coated Dog,https://dy-us-playground.onrender.com/,991.78,True,https://images.unsplash.com/photo-1590853378975-02c730f79bbd?w=200,animals|pets|dogs|nature,white|gray|short|coated|dog,white and gray short coated dog,Dasha Urvachova
U6C47SH2DUSA,G00039,A Dog Standing On A Rock,https://dy-us-playground.onrender.com/,56.85,True,https://images.unsplash.com/photo-1665238071305-0473c870c386?w=200,animals|pets|dogs|nature,dog|standing|rock,a dog standing on a rock,Honza Reznik
YQVUV9X1BA3P,G00039,A Dog Standing On A Grassy Hill,https://dy-us-playground.onrender.com/,1650.56,True,https://images.unsplash.com/photo-1656968198081-4a9132389fcd?w=200,animals|pets|dogs|nature,dog|standing|grassy|hill,a dog standing on a grassy hill,Greg Sellentin
2ZG7U01ZANY3,G00100,A Wolf Walking Through A Forest Next,https://dy-us-playground.onrender.com/,1289.22,True,https://images.unsplash.com/photo-1719612628935-3c2330c2cb94?w=200,animals|wildlife|canines|wolves|forest,wolf|walking|through|forest|next|to|tree,A wolf walking through a forest next to a tree,Ali Kazal
90HD9XZ98IAE,G00154,A Black And White Photo Of A,https://dy-us-playground.onrender.com/,685.5,False,https://plus.unsplash.com/premium_photo-1729600701486-48118539383a?w=200,art|photography|nature,black|white|photo|horse|foggy|day,A black and white photo of a horse on a foggy day,Annie Spratt
Q4KMEVSN7OB5,G00100,A Statue Of A Wolf With Its,https://dy-us-playground.onrender.com/,568.44,True,https://images.unsplash.com/photo-1736947142368-c6bef237ed9b?w=200,animals|wildlife|canines|wolves|nature,statue|wolf|its|mouth|open,A statue of a wolf with its mouth open,Blond Fox
9NSPYMXHALK3,G00100,A Wolf In The Snow,https://dy-us-playground.onrender.com/,283.61,True,https://images.unsplash.com/photo-1665238069409-9075ca9532e8?w=200,animals|wildlife|canines|wolves|winter,wolf|snow,a wolf in the snow,Honza Reznik
GLJM6L8LJC0X,G00040,A Dog Standing On Top Of A,https://dy-us-playground.onrender.com/,830.91,True,https://images.unsplash.com/photo-1705008832222-8434dc5293fc?w=200,animals|pets|dogs|nature,dog|standing|top|tree|trunk,a dog standing on top of a tree trunk,Oğuzhan Kıran
IGRXWHXPD7DK,G00154,A Lone Horse Standing In A Foggy,https://dy-us-playground.onrender.com/,1612.75,False,https://plus.unsplash.com/premium_photo-1729600375918-e7b8cca6adeb?w=200,art|photography|nature,lone|horse|standing|foggy|field,A lone horse standing in a foggy field,Annie Spratt
IFJZIRWDSE0Y,G00154,Brown And White Siberian Husky On Snow,https://dy-us-playground.onrender.com/,74.82,False,https://images.unsplash.com/photo-1628158589861-713e28fea6dd?w=200,art|photography|winter,brown|white|siberian|husky|snow|covered|ground|during,brown and white siberian husky on snow covered ground during daytime,Ethan Rougon
E0V1JKJ85HZF,G00100,Wolf Pack On Rock Formation,https://dy-us-playground.onrender.com/,1997.2,True,https://images.unsplash.com/photo-1545906785-38f53f99e380?w=200,animals|wildlife|canines|wolves|nature,wolf|pack|rock|formation,wolf pack on rock formation,Thomas Bonometti
7ZTMLX5AREPN,G00100,Black Wolf On Snow Covered Ground,https://dy-us-playground.onrender.com/,1165.78,True,https://images.unsplash.com/photo-1610819304423-197eeab10b79?w=200,animals|wildlife|canines|wolves|winter,black|wolf|snow|covered|ground,black wolf on snow covered ground,Veerle Contant
IPJXXELXCUFG,G00154,White Fox On Brown Field During Daytime,https://dy-us-playground.onrender.com/,1289.46,True,https://images.unsplash.com/photo-1610212757244-12655fa76b56?w=200,art|photography|nature,white|fox|brown|field|during|daytime,white fox on brown field during daytime,Jose Maria Garcia Garcia
SAB34VXAR54Z,G00040,White Long Coated Small Sized Dog On,https://dy-us-playground.onrender.com/,790.25,False,https://images.unsplash.com/photo-1592422887763-be6ab75c2beb?w=200,animals|pets|dogs|nature,white|long|coated|small|sized|dog|tree,white long coated small sized dog on tree,Daniel Milano
E4781OG9RFU2,G00281,A Dirt Path Through A Forest,https://dy-us-playground.onrender.com/,899.11,False,https://plus.unsplash.com/premium_photo-1669651871075-c994f248de18?w=200,art|photography|forest,dirt|path|through|forest,a dirt path through a forest,Roxana Zerni
6SSJUBX8AUGS,G00154,Green Leafed Trees During Daytime,https://dy-us-playground.onrender.com/,870.51,False,https://images.unsplash.com/photo-1547140741-00d6fd251528?w=200,art|photography|nature,green|leafed|trees|during|daytime,green leafed trees during daytime,Marc Pell
FLJOXOKPP3GS,G00281,Green Trees On Forest During Daytime,https://dy-us-playground.onrender.com/,895.32,False,https://images.unsplash.com/photo-1620049308871-e09ede536c74?w=200,art|photography|forest,green|trees|forest|during|daytime,green trees on forest during daytime,Joyce G
2MCNEAKZS593,G00282,A Forest Filled With Lots Of Blue,https://dy-us-playground.onrender.com/,1034.14,True,https://plus.unsplash.com/premium_photo-1720524513100-2fa5f656272f?w=200,art|photography|forest,forest|filled|lots|blue|flowers,A forest filled with lots of blue flowers,Joshua Earle
CXQOUDNBZPAU,G00154,Green Grass And Trees During Daytime,https://dy-us-playground.onrender.com/,450.04,True,https://images.unsplash.com/photo-1619531922936-4b40361c0289?w=200,art|photography|nature,green|grass|trees|during|daytime,green grass and trees during daytime,Marcus Woodbridge
MNR8M41EIBR0,G00282,A Forest With Fallen Leaves,https://dy-us-playground.onrender.com/,518.32,False,https://images.unsplash.com/photo-1665138322396-1e8a20b762ef?w=200,art|photography|forest,forest|fallen|leaves,a forest with fallen leaves,Toa Heftiba
R13ZLVIVH9R7,G00282,An Aerial View Of A Forest With,https://dy-us-playground.onrender.com/,35.78,True,https://plus.unsplash.com/premium_photo-1663950775064-e220c016d6e5?w=200,art|photography|forest,aerial|view|forest|lots|trees,an aerial view of a forest with lots of trees,Unsplash+ Community
LTMT3SDHQZSR,G00155,Green Trees Near Lake During Daytime,https://dy-us-playground.onrender.com/,1732.87,False,https://images.unsplash.com/photo-1623681193221-261b6578180e?w=200,art|photography|nature,green|trees|near|lake|during|daytime,green trees near lake during daytime,Ruben Hanssen
U6DHE7ZCQJTX,G00155,Green Grass And Green Trees,https://dy-us-playground.onrender.com/,1531.46,True,https://images.unsplash.com/photo-1620923739829-2778742fe4b0?w=200,art|photography|nature,green|grass|trees,green grass and green trees,Katya Azimova
677ZOAM3CKXO,G00155,Green Trees On Brown Soil During Daytime,https://dy-us-playground.onrender.com/,1551.3,False,https://images.unsplash.com/photo-1579729131238-2444987e8de9?w=200,art|photography|nature,green|trees|brown|soil|during|daytime,green trees on brown soil during daytime,Annie Spratt
ECJ5LHXE1S6M,G00155,Green Trees On Green Grass Field During,https://dy-us-playground.onrender.com/,756.17,False,https://images.unsplash.com/photo-1599940824219-e6aa9be5fba2?w=200,art|photography|nature,green|trees|grass|field|during|daytime,green trees on green grass field during daytime,Olena Bohovyk
3IS3V191KX63,G00155,Brown Trees On Green Grass Field During,https://dy-us-playground.onrender.com/,1529.73,True,https://images.unsplash.com/photo-1579785627790-59a81c99aab7?w=200,art|photography|nature,brown|trees|green|grass|field|during|daytime,brown trees on green grass field during daytime,Annie Spratt
CU6NO70BCL0K,G00155,A Group Of Mushrooms Growing In The,https://dy-us-playground.onrender.com/,1974.91,False,https://images.unsplash.com/photo-1665138322353-10027b2190fa?w=200,art|photography|nature,group|mushrooms|growing|woods,a group of mushrooms growing in the woods,Toa Heftiba
7J9L5YYILGGH,G00156,Trees And Plants,https://dy-us-playground.onrender.com/,1181.24,False,https://images.unsplash.com/photo-1541675154750-0444c7d51e8e?w=200,art|photography|nature,trees|plants,trees and plants,Vanilla Panda
74C3UBHY29H0,G00282,A House In The Middle Of A,https://dy-us-playground.onrender.com/,1824.1,False,https://plus.unsplash.com/premium_photo-1696258991852-9364b39576e5?w=200,art|photography|mountain,house|middle|valley|mountains|background,a house in the middle of a valley with mountains in the background,Mathieu Odin
W7D0Q7SJIPJ3,G00282,Brown Trees On Forest During Daytime,https://dy-us-playground.onrender.com/,575.86,True,https://images.unsplash.com/photo-1579785627708-d59e5ab655b0?w=200,art|photography|forest,brown|trees|forest|during|daytime,brown trees on forest during daytime,Annie Spratt
4INLKVWKG9TD,G00156,Green Trees On Brown Soil,https://dy-us-playground.onrender.com/,1769.04,True,https://images.unsplash.com/photo-1599132379771-95caaf418aae?w=200,art|photography|nature,green|trees|brown|soil,green trees on brown soil,Michael Michelovski
PH7FVVF2NCJU,G00156,Green Trees On Brown Soil During Daytime,https://dy-us-playground.onrender.com/,1206.91,True,https://images.unsplash.com/photo-1600026963373-695752903b3d?w=200,art|photography|nature,green|trees|brown|soil|during|daytime,green trees on brown soil during daytime,Dan Blackburn
FS1FDM1Q14JK,G00156,Purple Flower Field During Daytime,https://dy-us-playground.onrender.com/,429.3,True,https://images.unsplash.com/photo-1622104532466-5cb4e25a0e90?w=200,art|photography|nature,purple|flower|field|during|daytime,purple flower field during daytime,Tom Allport
544QDAFX4GGL,G00156,Green Trees On Green Grass Field During,https://dy-us-playground.onrender.com/,1371.98,True,https://images.unsplash.com/photo-1621435023322-856cbaad7e52?w=200,art|photography|nature,green|trees|grass|field|during|daytime,green trees on green grass field during daytime,Jonny Gios
7O13JO25DK78,G00282,Forest With Tall And Green Trees During,https://dy-us-playground.onrender.com/,1980.82,True,https://images.unsplash.com/photo-1546976005-bc2627d29abb?w=200,art|photography|forest,forest|tall|green|trees|during|daytime,forest with tall and green trees during daytime,Alex Grodkiewicz
3CJYERUKVI6Q,G00283,A Forest Filled With Lots Of Blue,https://dy-us-playground.onrender.com/,1804.59,False,https://plus.unsplash.com/premium_photo-1719938340923-0122f31d643b?w=200,art|photography|forest,forest|filled|lots|blue|flowers,A forest filled with lots of blue flowers,Joshua Earle
AL1WBE63F8S3,G00156,Aerial Shot Of Road Surrounded By Green,https://dy-us-playground.onrender.com/,842.64,True,https://images.unsplash.com/photo-1476231682828-37e571bc172f?w=200,art|photography|nature,aerial|shot|road|surrounded|by|green|trees,aerial shot of road surrounded by green trees,Geranimo
3LC64F8IWUFX,G00283,Brown Trees In Forest During Daytime,https://dy-us-playground.onrender.com/,551.23,False,https://images.unsplash.com/photo-1579728887884-2bfaa1ef6f9c?w=200,art|photography|forest,brown|trees|forest|during|daytime,brown trees in forest during daytime,Annie Spratt
FZS2AD0Y42WH,G00283,Leafless Trees On Forest During Daytime,https://dy-us-playground.onrender.com/,876.7,True,https://images.unsplash.com/photo-1614806747174-5ebab02cb1d1?w=200,art|photography|forest,leafless|trees|forest|during|daytime,leafless trees on forest during daytime,Simon Godfrey
MEWKXBWASJGL,G00157,A Dirt Road In The Woods,https://dy-us-playground.onrender.com/,442.5,False,https://images.unsplash.com/photo-1668597620656-ca3ba6237b2d?w=200,art|photography|nature,dirt|road|woods,a dirt road in the woods,Konrad Pistol
C8E4P1QJRTRD,G00157,A Dirt Road Surrounded By Trees And,https://dy-us-playground.onrender.com/,207.08,True,https://images.unsplash.com/photo-1713984215590-9e97689a0d08?w=200,art|photography|nature,dirt|road|surrounded|by|trees|green|leaves,a dirt road surrounded by trees and green leaves,Matt Baron-Thompson
YB4O3LWQNKQ8,G00157,Green Trees On Brown Soil,https://dy-us-playground.onrender.com/,1444.8,False,https://images.unsplash.com/photo-1621854599844-b46c05f974ce?w=200,art|photography|nature,green|trees|brown|soil,green trees on brown soil,Ryan Grice
O8FHUON8ZHFF,G00283,A Dirt Path In The Middle Of,https://dy-us-playground.onrender.com/,639.69,True,https://images.unsplash.com/photo-1701024771621-88f3204aae11?w=200,art|photography|forest,dirt|path|middle|forest,a dirt path in the middle of a forest,J.M Read
N9GT0EUY9Q5M,G00157,A Close Up Of A Lizard On,https://dy-us-playground.onrender.com/,179.94,True,https://images.unsplash.com/photo-1735834187366-b8fe93cc771b?w=200,art|photography|nature,close|up|lizard|patch|grass,A close up of a lizard on a patch of grass,Owen Wright
G8PNL5AWFNDY,G00283,A View Of A Forest With A,https://dy-us-playground.onrender.com/,1422.61,True,https://plus.unsplash.com/premium_photo-1729775859954-3806268f06e3?w=200,art|photography|forest,view|forest|mountain|background,A view of a forest with a mountain in the background,Joshua Earle
FKPS1T695VOI,G00283,A Forest Filled With Lots Of Trees,https://dy-us-playground.onrender.com/,1366.57,True,https://images.unsplash.com/photo-1713984303424-ee1162319441?w=200,art|photography|forest,forest|filled|lots|trees|blue|flowers,a forest filled with lots of trees and blue flowers,Matt Baron-Thompson
611LFG6Z2F4A,G00157,A Paved Road Surrounded By Trees With,https://dy-us-playground.onrender.com/,906.73,True,https://plus.unsplash.com/premium_photo-1697283693519-417ecc48cb34?w=200,art|photography|nature,paved|road|surrounded|by|trees|leaves|ground,a paved road surrounded by trees with leaves on the ground,Jonny Gios
OHKXT2J9E6ET,G00157,A Bear That Is Standing In The,https://dy-us-playground.onrender.com/,317.08,True,https://images.unsplash.com/photo-1725187405135-7cf0d44f9f0f?w=200,art|photography|nature,bear|is|standing|woods,A bear that is standing in the woods,Leon xD
2L78RD3RIXYW,G00284,A Dirt Path In The Middle Of,https://dy-us-playground.onrender.com/,1331.46,False,https://images.unsplash.com/photo-1646608526852-c4edb7d9ae91?w=200,art|photography|forest,dirt|path|middle|forest,a dirt path in the middle of a forest,Brandy Vailes
CW9EUKNEFEOZ,G00284,A Path Through A Forest,https://dy-us-playground.onrender.com/,1577.37,True,https://plus.unsplash.com/premium_photo-1669482958442-f0423d37fea3?w=200,art|photography|forest,path|through|forest,a path through a forest,Ales Krivec
QB42FVM0N5UR,G00284,A Green Leafy Tree In The Middle,https://dy-us-playground.onrender.com/,842.91,True,https://images.unsplash.com/photo-1684862529998-5c7725714e29?w=200,art|photography|forest,green|leafy|tree|middle|forest,a green leafy tree in the middle of a forest,Jack Swords
41576RY8TNXX,G00284,A Forest Filled With Lots Of Trees,https://dy-us-playground.onrender.com/,1893.16,False,https://plus.unsplash.com/premium_photo-1666896196066-be3af4a767ec?w=200,art|photography|forest,forest|filled|lots|trees|covered|fog,a forest filled with lots of trees covered in fog,Ales Krivec
RKDU2P3XDTIS,G00284,A Forest Filled With Lots Of Tall,https://dy-us-playground.onrender.com/,1221.6,True,https://images.unsplash.com/photo-1646608536510-ff625fee6f1a?w=200,art|photography|forest,forest|filled|lots|tall|trees,a forest filled with lots of tall trees,Brandy Vailes
JDBGMBW6HXGU,G00284,An Aerial View Of A Forest With,https://dy-us-playground.onrender.com/,362.69,True,https://plus.unsplash.com/premium_photo-1675448891144-5ff404db0f7e?w=200,art|photography|forest,aerial|view|forest|lots|trees,an aerial view of a forest with lots of trees,Hans
YWIN85GI2SBN,G00285,Brown And Green Trees In Forest During,https://dy-us-playground.onrender.com/,1337.48,False,https://images.unsplash.com/photo-1615931804556-2770e5b3d966?w=200,art|photography|forest,brown|green|trees|forest|during|daytime,brown and green trees in forest during daytime,William Barella
5Q6QPD98ZQO3,G00285,A Path In The Middle Of A,https://dy-us-playground.onrender.com/,136.89,False,https://plus.unsplash.com/premium_photo-1690444860618-31d1de621147?w=200,art|photography|forest,path|middle|forest|covered|moss,a path in the middle of a forest covered in moss,Joshua Earle
R8RZVYEGEYCJ,G00158,A Large Body Of Water Surrounded By,https://dy-us-playground.onrender.com/,1129.51,False,https://plus.unsplash.com/premium_photo-1697795222986-81caccb63fba?w=200,art|photography|nature,large|body|water|surrounded|by|trees,a large body of water surrounded by trees,Sandra Seitamaa
OCPASJ43WSFT,G00285,A Forest Filled With Lots Of Tall,https://dy-us-playground.onrender.com/,972.06,True,https://images.unsplash.com/photo-1646608679013-c109e7a4f17c?w=200,art|photography|forest,forest|filled|lots|tall|trees,a forest filled with lots of tall trees,Brandy Vailes
R1YMO4LLDK4D,G00158,A Group Of Trees That Are Standing,https://dy-us-playground.onrender.com/,1279.34,True,https://images.unsplash.com/photo-1679864751841-8b2abb05a613?w=200,art|photography|nature,group|trees|are|standing|grass,a group of trees that are standing in the grass,Malcolm Colegate
M023DGDRTLXV,G00285,A Lush Green Forest Filled With Lots,https://dy-us-playground.onrender.com/,702.63,False,https://images.unsplash.com/photo-1645707559597-e3a2d822a489?w=200,art|photography|forest,lush|green|forest|filled|lots|trees,a lush green forest filled with lots of trees,Crispin Jones
AAJOKCTG0IXT,G00158,Green And Brown Trees During Daytime,https://dy-us-playground.onrender.com/,1882.97,False,https://images.unsplash.com/photo-1604161562266-c1fb06cd0f82?w=200,art|photography|nature,green|brown|trees|during|daytime,green and brown trees during daytime,Jonny Gios
VYJCKHCVA0BR,G00285,A Path Through A Forest Of Bluebells,https://dy-us-playground.onrender.com/,1802.39,True,https://images.unsplash.com/photo-1684190342164-652e26fae1ec?w=200,art|photography|forest,path|through|forest|bluebells,a path through a forest of bluebells,Simon Ford
3W4KM5Y0EQUF,G00158,A Dirt Path In A Field Surrounded,https://dy-us-playground.onrender.com/,964.03,False,https://plus.unsplash.com/premium_photo-1697644694742-c97ff0266e69?w=200,art|photography|nature,dirt|path|field|surrounded|by|trees,a dirt path in a field surrounded by trees,Sandra Seitamaa
AW2F4N2JGW5X,G00158,The Sun Is Shining Through The Trees,https://dy-us-playground.onrender.com/,999.06,False,https://images.unsplash.com/photo-1692707135680-902295e1d2e0?w=200,art|photography|nature,sun|is|shining|through|trees|woods,the sun is shining through the trees in the woods,Armands Brants
7TGLHHVDPGF4,G00285,A Forest Of Trees,https://dy-us-playground.onrender.com/,820.17,False,https://images.unsplash.com/photo-1668596887076-9798d5227f19?w=200,art|photography|forest,forest|trees,a forest of trees,Konrad Pistol
76JNWQSWWC12,G00158,A Group Of People Flying A Kite,https://dy-us-playground.onrender.com/,108.97,False,https://images.unsplash.com/photo-1737879753234-ab5d7da35a1f?w=200,art|photography|nature,group|people|flying|kite|field,A group of people flying a kite in a field,Annie Spratt
CEQE7HX6KB9G,G00286,A Forest Of Trees,https://dy-us-playground.onrender.com/,1298.38,False,https://images.unsplash.com/photo-1668596361254-1192d71d1112?w=200,art|photography|forest,forest|trees,a forest of trees,Konrad Pistol
UKD43BR8QMGG,G00286,A Path In The Middle Of A,https://dy-us-playground.onrender.com/,1835.01,True,https://plus.unsplash.com/premium_photo-1727190233617-3103ac14e6fb?w=200,art|photography|forest,path|middle|forest|surrounded|by|tall|trees,A path in the middle of a forest surrounded by tall trees,Hans
W1K9NECKWIYJ,G00286,A Forest With Trees,https://dy-us-playground.onrender.com/,1929.21,False,https://images.unsplash.com/photo-1668597335297-bb313a94ed7d?w=200,art|photography|forest,forest|trees,a forest with trees,Konrad Pistol
G5740J3ZTPMH,G00159,A Small Mushroom Sitting On Top Of,https://dy-us-playground.onrender.com/,775.1,False,https://plus.unsplash.com/premium_photo-1727256511503-09acdf487abf?w=200,art|photography|nature,small|mushroom|sitting|top|moss|covered|ground,A small mushroom sitting on top of a moss covered ground,Annie Spratt
5H6IL9E6SO3V,G00286,A Forest Of Trees,https://dy-us-playground.onrender.com/,281.45,False,https://images.unsplash.com/photo-1668597620389-a6cbf2fb145f?w=200,art|photography|forest,forest|trees,a forest of trees,Konrad Pistol
P7Z6DRKQS3PV,G00286,The Sun Is Shining Through The Trees,https://dy-us-playground.onrender.com/,1221.33,True,https://plus.unsplash.com/premium_photo-1690482914036-6815d89eefb8?w=200,art|photography|forest,sun|is|shining|through|trees|forest,the sun is shining through the trees in the forest,Joshua Earle
CWGGY3G45DWK,G00159,A Dirt Path In The Woods,https://dy-us-playground.onrender.com/,434.1,False,https://images.unsplash.com/photo-1668597025116-358c0be8a918?w=200,art|photography|nature,dirt|path|woods,a dirt path in the woods,Konrad Pistol
J1WCNZ38VDVS,G00286,A Dirt Road In The Middle Of,https://dy-us-playground.onrender.com/,1029.73,False,https://images.unsplash.com/photo-1604161955857-3fc6a090ba74?w=200,art|photography|forest,dirt|road|middle|forest,a dirt road in the middle of a forest,Jonny Gios
Z582CS0TXMYW,G00287,A Stream Running Through A Forest Filled,https://dy-us-playground.onrender.com/,1733.56,True,https://plus.unsplash.com/premium_photo-1688429243424-d575c1b18b3e?w=200,art|photography|forest,stream|running|through|forest|filled|tall|trees,a stream running through a forest filled with tall trees,Casey Horner
MCPNMPION0XS,G00159,A Rabbit Sitting In The Grass Under,https://dy-us-playground.onrender.com/,1686.86,False,https://plus.unsplash.com/premium_photo-1693733002198-cbdc3730b6a1?w=200,art|photography|nature,rabbit|sitting|grass|under|tree,a rabbit sitting in the grass under a tree,Joshua Earle
T5KETAMF48TP,G00159,The Sun Is Setting Behind A Tree,https://dy-us-playground.onrender.com/,89.75,True,https://images.unsplash.com/photo-1692707127706-467b1518165a?w=200,art|photography|nature,sun|is|setting|behind|tree|woods,the sun is setting behind a tree in the woods,Armands Brants
D2DFZKE23Y64,G00287,A Dirt Path In The Middle Of,https://dy-us-playground.onrender.com/,632.75,False,https://plus.unsplash.com/premium_photo-1669246261098-572765dc80a3?w=200,art|photography|forest,dirt|path|middle|forest,a dirt path in the middle of a forest,Roxana Zerni
XFFV7JV9CRUM,G00159,A Tree With Many Branches,https://dy-us-playground.onrender.com/,1669.45,False,https://images.unsplash.com/photo-1668596361260-0700ce966281?w=200,art|photography|nature,tree|many|branches,a tree with many branches,Konrad Pistol
H574JT4WCAB5,G00287,A Lush Green Forest Filled With Lots,https://dy-us-playground.onrender.com/,909.31,True,https://images.unsplash.com/photo-1645791497474-c0c1a7a4c7b3?w=200,art|photography|forest,lush|green|forest|filled|lots|trees,a lush green forest filled with lots of trees,Crispin Jones
G0NCRM4P1X2A,G00159,Bluebells In The British Countryside At Spring,https://dy-us-playground.onrender.com/,271.73,False,https://images.unsplash.com/photo-1645374158583-90ef17f789ee?w=200,art|photography|nature,bluebells|british|countryside|at|spring|time,Bluebells in the British countryside at spring time,Chris Whatley
X13MZ8FUYZNM,G00287,Brown Trees On Forest During Daytime,https://dy-us-playground.onrender.com/,115.29,True,https://images.unsplash.com/photo-1620648104944-01fba106ec4f?w=200,art|photography|forest,brown|trees|forest|during|daytime,brown trees on forest during daytime,Alex Larusso
AUYDQ5MKEY56,G00160,Green Grass And Trees During Daytime,https://dy-us-playground.onrender.com/,1658.35,False,https://images.unsplash.com/photo-1622630285247-8ee379e1e3e7?w=200,art|photography|nature,green|grass|trees|during|daytime,green grass and trees during daytime,Marc Pell
Z39YJIATOHEC,G00287,A River Running Through A Forest Filled,https://dy-us-playground.onrender.com/,23.75,True,https://plus.unsplash.com/premium_photo-1696703640683-7955e837fb4a?w=200,art|photography|forest,river|running|through|forest|filled|lots|trees,a river running through a forest filled with lots of trees,Jason Hawke 🇨🇦
3T8T83QEFU2E,G00160,Sun Rays Piercing Through Trees,https://dy-us-playground.onrender.com/,1137.46,False,https://images.unsplash.com/photo-1541286347099-f75ffda21f00?w=200,art|photography|nature,sun|rays|piercing|through|trees,sun rays piercing through trees,Pascal van de Vendel
HFM8R1YCNDJS,G00160,Low Angle Photography Of Trees During Daytime,https://dy-us-playground.onrender.com/,1184.74,False,https://images.unsplash.com/photo-1579729163831-f94a2bc8dccf?w=200,art|photography|nature,low|angle|photography|trees|during|daytime,low angle photography of trees during daytime,Annie Spratt
USJNUSP3UEVD,G00287,Green Trees In Forest During Daytime,https://dy-us-playground.onrender.com/,1045.49,False,https://images.unsplash.com/photo-1596237563267-84ffd99c80e1?w=200,art|photography|forest,green|trees|forest|during|daytime,green trees in forest during daytime,Michael Krahn
MCX9YKKQEQIQ,G00288,A Forest Filled With Lots Of Blue,https://dy-us-playground.onrender.com/,555.96,False,https://plus.unsplash.com/premium_photo-1719934921343-b89f54604cab?w=200,art|photography|forest,forest|filled|lots|blue|flowers,A forest filled with lots of blue flowers,Joshua Earle
YY14E831XH0V,G00160,Brown Pathway Between Green Plants And Trees,https://dy-us-playground.onrender.com/,768.63,False,https://images.unsplash.com/photo-1596094165227-6a31b3785a5a?w=200,art|photography|nature,brown|pathway|between|green|plants|trees|during|daytime,brown pathway between green plants and trees during daytime,Georgia Wheatley
XRICG7908RV3,G00288,A Forest Filled With Lots Of Trees,https://dy-us-playground.onrender.com/,823.84,False,https://plus.unsplash.com/premium_photo-1673458832959-bd49ed58d513?w=200,art|photography|forest,forest|filled|lots|trees|covered|fall|leaves,a forest filled with lots of trees covered in fall leaves,Ales Krivec
TLQN4IG0G2Q9,G00160,Green Pine Tree During Daytime,https://dy-us-playground.onrender.com/,1223.18,False,https://images.unsplash.com/photo-1599940824399-b87987ceb72a?w=200,art|photography|nature,green|pine|tree|during|daytime,green pine tree during daytime,Olena Bohovyk
OYBGWG9DSMPJ,G00288,Green Forest During Daytime,https://dy-us-playground.onrender.com/,1095.17,False,https://images.unsplash.com/photo-1562839492-20a189fafbcb?w=200,art|photography|forest,green|forest|during|daytime,green forest during daytime,Rural Explorer
W5C47ATRQC67,G00288,A Dirt Path In The Middle Of,https://dy-us-playground.onrender.com/,775.81,False,https://plus.unsplash.com/premium_photo-1667311649620-213cabc1e8dd?w=200,art|photography|forest,dirt|path|middle|forest,a dirt path in the middle of a forest,Cphotos
H7KXDUG9JFEK,G00160,Green Trees On Brown Soil,https://dy-us-playground.onrender.com/,559.72,False,https://images.unsplash.com/photo-1600676897530-887797624370?w=200,art|photography|nature,green|trees|brown|soil,green trees on brown soil,Annie Spratt
VO4UINMNSSD9,G00161,Trees Under Blue Sky And White Clouds,https://dy-us-playground.onrender.com/,1344.05,True,https://images.unsplash.com/photo-1516117505817-8f26dd5d1b78?w=200,art|photography|nature,trees|under|blue|sky|white|clouds|at|daytime,trees under blue sky and white clouds at daytime,Mike Pellinni
IT1LWJHZA1X1,G00161,Green Trees On Snow Covered Ground During,https://dy-us-playground.onrender.com/,1212.73,True,https://images.unsplash.com/photo-1579785626622-f7a3f2278048?w=200,art|photography|winter,green|trees|snow|covered|ground|during|daytime,green trees on snow covered ground during daytime,Annie Spratt
DBIJ0WBOCWCC,G00288,A Mossy Tree Branch In The Middle,https://dy-us-playground.onrender.com/,630.42,False,https://plus.unsplash.com/premium_photo-1710119488463-a1b47fe3d363?w=200,art|photography|forest,mossy|tree|branch|middle|forest,a mossy tree branch in the middle of a forest,Josh Hild
0GK2MLX3YSU1,G00161,Brown Trees On Green Grass Field During,https://dy-us-playground.onrender.com/,856.47,True,https://images.unsplash.com/photo-1604009506606-fd4989d50e6d?w=200,art|photography|nature,brown|trees|green|grass|field|during|daytime,brown trees on green grass field during daytime,Johannes Plenio
6WQQJD028UQP,G00288,A Small Waterfall In The Middle Of,https://dy-us-playground.onrender.com/,1309.41,True,https://plus.unsplash.com/premium_photo-1696703658499-8a6f001fd7d4?w=200,art|photography|forest,small|waterfall|middle|forest,a small waterfall in the middle of a forest,Jason Hawke 🇨🇦
BVLR5ZIW8NHY,G00161,Brown Deer,https://dy-us-playground.onrender.com/,929.5,True,https://images.unsplash.com/photo-1505239730214-b85a36f24ff2?w=200,art|photography|nature,brown|deer,brown deer,Matt Palmer
SSIXCZTJEE60,G00289,A Group Of Trees Covered In Moss,https://dy-us-playground.onrender.com/,1852.79,False,https://plus.unsplash.com/premium_photo-1690445150715-a59568548ba1?w=200,art|photography|forest,group|trees|covered|moss|forest,a group of trees covered in moss in a forest,Joshua Earle
0YOQRIPRMLI5,G00161,A Black Fork On A Pile Of,https://dy-us-playground.onrender.com/,1224.96,True,https://images.unsplash.com/photo-1665065769085-c37b664c6386?w=200,art|photography|nature,black|fork|pile|leaves,a black fork on a pile of leaves,Clay Banks
KEL8Q78W9V4W,G00161,Brown Tree Trunk On Brown Soil,https://dy-us-playground.onrender.com/,1804.94,False,https://images.unsplash.com/photo-1579785628118-7f3438975698?w=200,art|photography|nature,brown|tree|trunk|soil,brown tree trunk on brown soil,Annie Spratt
VJTIR3N7VZN4,G00162,A Field With A Fence And Trees,https://dy-us-playground.onrender.com/,477.55,False,https://images.unsplash.com/photo-1634549667937-fba80252cfb9?w=200,art|photography|nature,field|fence|trees|background,a field with a fence and trees in the background,Annie Spratt
RPPS6GUN8V7Y,G00162,A Small Cabin Sits On A Small,https://dy-us-playground.onrender.com/,1838.9,False,https://plus.unsplash.com/premium_photo-1709475755653-f93e204bf938?w=200,art|photography|nature,small|cabin|sits|island|middle|lake,a small cabin sits on a small island in the middle of a lake,Dejan Zakic
25NW7SIGMW16,G00162,Sunflower Field During Golden Hour,https://dy-us-playground.onrender.com/,943.52,False,https://images.unsplash.com/photo-1593310420712-4ab8fece49d8?w=200,art|photography|nature,sunflower|field|during|golden|hour,sunflower field during golden hour,Santosh Dash
TS5GIMCB7020,G00289,A Dirt Path In The Middle Of,https://dy-us-playground.onrender.com/,888.35,False,https://plus.unsplash.com/premium_photo-1667311649552-2cfab63bdcfc?w=200,art|photography|forest,dirt|path|middle|forest,a dirt path in the middle of a forest,Cphotos
50AULTAFCVD6,G00162,Green Grass Field With Trees Under Blue,https://dy-us-playground.onrender.com/,310.23,True,https://images.unsplash.com/photo-1611003981911-51a3b14450b9?w=200,art|photography|nature,green|grass|field|trees|under|blue|sky|during,green grass field with trees under blue sky during daytime,Daniel Zopf
VSWL1LNOHOKA,G00289,A Forest Filled With Lots Of Tall,https://dy-us-playground.onrender.com/,1069.25,False,https://plus.unsplash.com/premium_photo-1697644695529-a57c2f466f65?w=200,art|photography|forest,forest|filled|lots|tall|trees,a forest filled with lots of tall trees,Sandra Seitamaa
38D8GTA0IGBT,G00289,Man In Black Jacket Carrying Black Backpack,https://dy-us-playground.onrender.com/,1076.04,False,https://images.unsplash.com/photo-1596093838322-c95fc7ab8626?w=200,art|photography|forest,man|black|jacket|carrying|backpack|forest|during,man in black jacket carrying black backpack in forest during daytime,Georgia Wheatley
QRGY08Q78QYZ,G00289,A Group Of People Walking On A,https://dy-us-playground.onrender.com/,953.82,True,https://images.unsplash.com/photo-1658012324918-f8b3bcbe05b8?w=200,art|photography|forest,group|people|walking|dirt|path|through|forest,a group of people walking on a dirt path through a forest,Matt Newton
179TCSVAJ6ZL,G00162,A Dirt Path Winds Through A Beautiful,https://dy-us-playground.onrender.com/,1944.9,True,https://images.unsplash.com/photo-1749072325003-720bfaebbf96?w=200,art|photography|nature,dirt|path|winds|through|beautiful|woodland|scene,A dirt path winds through a beautiful woodland scene.,Katherine  Carlyon
UG28QQ1ESSFX,G00289,A Foggy Forest With A Trail In,https://dy-us-playground.onrender.com/,1320.28,False,https://images.unsplash.com/photo-1704996205639-c6c8cb682482?w=200,art|photography|forest,foggy|forest|trail|foreground,a foggy forest with a trail in the foreground,Jason Hudson
EGQHNDXGAG99,G00290,A Wooden Bench Sitting In The Middle,https://dy-us-playground.onrender.com/,1474.83,False,https://images.unsplash.com/photo-1709483730871-e1b061f4710b?w=200,art|photography|forest,wooden|bench|sitting|middle|forest,a wooden bench sitting in the middle of a forest,J.M Read
68A8VP8BI4QR,G00290,A Dirt Road In The Middle Of,https://dy-us-playground.onrender.com/,796.8,False,https://plus.unsplash.com/premium_photo-1728417204928-95fc3c5fe13b?w=200,art|photography|forest,dirt|road|middle|forest,A dirt road in the middle of a forest,Unsplash+ Community
B0H1RQ6W654F,G00162,Snow Covered Ground With Trees During Daytime,https://dy-us-playground.onrender.com/,1445.35,False,https://images.unsplash.com/photo-1613342855257-fe7b130f0df4?w=200,art|photography|winter,snow|covered|ground|trees|during|daytime,snow covered ground with trees during daytime,Ben Wicks
I467E3EEC9TK,G00290,A Wooden Bridge In A Forest,https://dy-us-playground.onrender.com/,982.25,False,https://images.unsplash.com/photo-1664990653835-e5515dcda6f2?w=200,art|photography|forest,wooden|bridge|forest,a wooden bridge in a forest,Lawrence  Eaton
2QNR98E2XV2W,G00163,Green Trees Covered With Snow During Daytime,https://dy-us-playground.onrender.com/,848.89,False,https://images.unsplash.com/photo-1615931804455-9859cb99bc79?w=200,art|photography|winter,green|trees|covered|snow|during|daytime,green trees covered with snow during daytime,William Barella
1Z9Y1XA91WGS,G00290,A Field Of Flowers In A Forest,https://dy-us-playground.onrender.com/,18.38,True,https://images.unsplash.com/photo-1666852467903-9e38816ae8ad?w=200,art|photography|forest,field|flowers|forest,a field of flowers in a forest,Jay Alexander
9BRAYP4RS0LA,G00290,Forest Trees With Mosscovered Branches,https://dy-us-playground.onrender.com/,1797.78,False,https://images.unsplash.com/photo-1754254285022-e41c353ad4eb?w=200,art|photography|forest,forest|trees|moss|covered|branches,Forest trees with moss-covered branches.,bryan priestley
BMGRAEVK4EQF,G00290,A Forest Filled With Lots Of Tall,https://dy-us-playground.onrender.com/,184.53,False,https://images.unsplash.com/photo-1645707559604-186a28df4dde?w=200,art|photography|forest,forest|filled|lots|tall|trees,a forest filled with lots of tall trees,Crispin Jones
AF2KWC88FY9J,G00291,A Forest With Trees,https://dy-us-playground.onrender.com/,1250.7,False,https://images.unsplash.com/photo-1668596359722-a19ab8883338?w=200,art|photography|forest,forest|trees,a forest with trees,Konrad Pistol
NPTAL5XA53V3,G00291,A Lush Green Forest Filled With Lots,https://dy-us-playground.onrender.com/,703.0,True,https://images.unsplash.com/photo-1690216714087-361719045626?w=200,art|photography|forest,lush|green|forest|filled|lots|trees,a lush green forest filled with lots of trees,Annie Spratt
GSH9V2RSTPYF,G00163,A Small Stream Running Through A Lush,https://dy-us-playground.onrender.com/,1743.18,False,https://images.unsplash.com/photo-1720681694516-99c08f9337b6?w=200,art|photography|nature,small|stream|running|through|lush|green|field,A small stream running through a lush green field,Simeon Duwel
VVWU0PTOUIW6,G00291,A Dirt Road In The Middle Of,https://dy-us-playground.onrender.com/,1504.56,False,https://images.unsplash.com/photo-1632912287699-322967caab71?w=200,art|photography|forest,dirt|road|middle|forest,a dirt road in the middle of a forest,Deborah Goodsell
GUBEMUCFWMVD,G00291,A Bench Sitting In The Middle Of,https://dy-us-playground.onrender.com/,1782.11,True,https://images.unsplash.com/photo-1698010301776-1a6e1134246a?w=200,art|photography|forest,bench|sitting|middle|forest,a bench sitting in the middle of a forest,bryan priestley
NG9EWE7DMUM6,G00291,A Forest Filled With Lots Of Tall,https://dy-us-playground.onrender.com/,8.46,False,https://images.unsplash.com/photo-1646608529489-66217becc6d9?w=200,art|photography|forest,forest|filled|lots|tall|trees,a forest filled with lots of tall trees,Brandy Vailes
A2AN89KG8NP7,G00291,A River Running Through A Lush Green,https://dy-us-playground.onrender.com/,155.31,False,https://plus.unsplash.com/premium_photo-1670959934143-f646ac034d1c?w=200,art|photography|forest,river|running|through|lush|green|forest,a river running through a lush green forest,Yunus Tuğ
1KFSJ0KZKS2M,G00163,A Group Of Trees That Are In,https://dy-us-playground.onrender.com/,1966.23,False,https://images.unsplash.com/photo-1737278672312-876da70a8f46?w=200,art|photography|nature,group|trees|are|grass,A group of trees that are in the grass,Annie Spratt
LLE9LN0JV6CW,G00163,A Dirt Road Going Through A Lush,https://dy-us-playground.onrender.com/,666.26,True,https://plus.unsplash.com/premium_photo-1697644693174-216346d85792?w=200,art|photography|nature,dirt|road|going|through|lush|green|field,a dirt road going through a lush green field,Sandra Seitamaa
JLW544OR8JKB,G00292,A Forest Filled With Lots Of Tall,https://dy-us-playground.onrender.com/,661.25,True,https://images.unsplash.com/photo-1737278672270-d1efd4b7c4dc?w=200,art|photography|forest,forest|filled|lots|tall|trees,A forest filled with lots of tall trees,Annie Spratt
RBPHU7M0S6V7,G00163,A Creek In The Woods,https://dy-us-playground.onrender.com/,961.56,True,https://images.unsplash.com/photo-1668597621973-61d7f013d471?w=200,art|photography|nature,creek|woods,a creek in the woods,Konrad Pistol
YG2VOW8AT22E,G00292,A Forest Of Trees,https://dy-us-playground.onrender.com/,1860.94,True,https://images.unsplash.com/photo-1668597621233-91ccb890cd9d?w=200,art|photography|forest,forest|trees,a forest of trees,Konrad Pistol
951IBBPKIIA1,G00292,Bare Trees Stand In A Forest,https://dy-us-playground.onrender.com/,1884.19,True,https://images.unsplash.com/photo-1746103984756-61e7632446e3?w=200,art|photography|forest,bare|trees|stand|forest,Bare trees stand in a forest.,Siobhan Flannery
3JH2LF2SEEB4,G00292,A River Running Through A Forest Covered,https://dy-us-playground.onrender.com/,500.17,True,https://plus.unsplash.com/premium_photo-1675314768267-b6ac0b096e07?w=200,art|photography|winter,river|running|through|forest|covered|snow,a river running through a forest covered in snow,Casey Horner
S78ECZ7HDFO3,G00292,A Dirt Road In A Forest,https://dy-us-playground.onrender.com/,1245.73,False,https://images.unsplash.com/photo-1668597259452-62cc94d012af?w=200,art|photography|forest,dirt|road|forest,a dirt road in a forest,Konrad Pistol
RQ815E810XHA,G00292,The Sun Shines Through The Trees In,https://dy-us-playground.onrender.com/,590.14,True,https://plus.unsplash.com/premium_photo-1697644695322-1571cec74203?w=200,art|photography|forest,sun|shines|through|trees|forest,the sun shines through the trees in the forest,Sandra Seitamaa
BFW4YFNQNB17,G00293,A Peaceful Forest Scene With Autumn Colors,https://dy-us-playground.onrender.com/,1650.76,True,https://images.unsplash.com/photo-1754254129912-3002146e50cc?w=200,art|photography|forest,peaceful|forest|scene|autumn|colors,A peaceful forest scene with autumn colors.,bryan priestley
0CPCJP4JA1YL,G00293,A Forest With Trees And Rocks,https://dy-us-playground.onrender.com/,1412.02,True,https://images.unsplash.com/photo-1668597024436-019fb0491b37?w=200,art|photography|forest,forest|trees|rocks,a forest with trees and rocks,Konrad Pistol
TKBA8FL12G6W,G00293,A Forest Of Trees,https://dy-us-playground.onrender.com/,982.03,False,https://images.unsplash.com/photo-1668597622610-e67b359cfc6c?w=200,art|photography|forest,forest|trees,a forest of trees,Konrad Pistol
K8Z6MW2CDJU6,G00293,A Forest Of Trees,https://dy-us-playground.onrender.com/,1187.29,True,https://images.unsplash.com/photo-1668597396118-87bea4c420af?w=200,art|photography|forest,forest|trees,a forest of trees,Konrad Pistol
3XLOD9H3R9KO,G00293,A Wooden Bridge Over A Small Stream,https://dy-us-playground.onrender.com/,1891.05,False,https://images.unsplash.com/photo-1713470688883-e5132b3c5de6?w=200,art|photography|forest,wooden|bridge|over|small|stream|forest,a wooden bridge over a small stream in a forest,isobel slater
1F934A0K8CKI,G00163,Withered Trees,https://dy-us-playground.onrender.com/,1359.12,False,https://images.unsplash.com/photo-1520513024649-cc30d8323f50?w=200,art|photography|nature,withered|trees,withered trees,Annie Spratt
A4FN1HB6LD43,G00164,Grayscale Photography Of Field Surrounded With Tall,https://dy-us-playground.onrender.com/,1126.52,True,https://images.unsplash.com/photo-1568131093840-561293ff9b51?w=200,art|photography|nature,grayscale|photography|field|surrounded|tall|trees,grayscale photography of field surrounded with tall trees,Greg Willson
13PWA3RU6TTV,G00293,Looking Up At Tall Trees In A,https://dy-us-playground.onrender.com/,1942.56,False,https://plus.unsplash.com/premium_photo-1667311649805-0d5dc53a713c?w=200,art|photography|forest,looking|up|at|tall|trees|forest,looking up at tall trees in a forest,Cphotos
ZIMXCG16H4P6,G00164,A Tree With Many Branches,https://dy-us-playground.onrender.com/,1793.6,True,https://images.unsplash.com/photo-1668596887891-fcd4e716dbf7?w=200,art|photography|nature,tree|many|branches,a tree with many branches,Konrad Pistol
YTL8NP895Y0Q,G00164,A Lone Tree In The Middle Of,https://dy-us-playground.onrender.com/,1460.25,False,https://images.unsplash.com/photo-1682027715562-bef9a14c0959?w=200,art|photography|nature,lone|tree|middle|field,a lone tree in the middle of a field,bryan priestley
FHRT6X62ICX0,G00164,Looking Up At Trees And Blue Sky,https://dy-us-playground.onrender.com/,1831.37,False,https://images.unsplash.com/photo-1668597396115-185ec24c3f65?w=200,art|photography|nature,looking|up|at|trees|blue|sky,looking up at trees and blue sky,Konrad Pistol
9DBXF5G4YFEF,G00164,A Tree With Moss Growing On It,https://dy-us-playground.onrender.com/,982.25,True,https://images.unsplash.com/photo-1668597335153-bd6e47d28ce7?w=200,art|photography|nature,tree|moss|growing|it,a tree with moss growing on it,Konrad Pistol
JBPGNTBWESSX,G00164,Grayscale Photo Of Bare Trees,https://dy-us-playground.onrender.com/,1658.91,False,https://images.unsplash.com/photo-1627734450712-90e6c38ac7da?w=200,art|photography|nature,grayscale|photo|bare|trees,grayscale photo of bare trees,Richard
LVJBEPGTBVQJ,G00165,A Group Of Trees,https://dy-us-playground.onrender.com/,351.89,False,https://images.unsplash.com/photo-1655981655224-35f1fb4cb554?w=200,art|photography|nature,group|trees,a group of trees,Ajeet Panesar
0XGWF3DO91HO,G00294,A Forest Of Tall Trees,https://dy-us-playground.onrender.com/,351.89,False,https://images.unsplash.com/photo-1668597335809-edf1c1acf4d9?w=200,art|photography|forest,forest|tall|trees,a forest of tall trees,Konrad Pistol
UYVAEEQ2BOJA,G00165,A Gate That Has A Sign On,https://dy-us-playground.onrender.com/,559.52,False,https://images.unsplash.com/photo-1632772386993-4e4a171daae2?w=200,art|photography|nature,gate|has|sign|it,a gate that has a sign on it,Seema Miah
O4VCX7P81Z82,G00294,A Bench Sitting In The Middle Of,https://dy-us-playground.onrender.com/,1492.19,True,https://plus.unsplash.com/premium_photo-1667126444822-94fb21279436?w=200,art|photography|forest,bench|sitting|middle|forest|next|to|lake,a bench sitting in the middle of a forest next to a lake,Mathieu Odin
EU1KJO0TCME0,G00294,Forest Heat By Sunbeam,https://dy-us-playground.onrender.com/,1763.17,False,https://images.unsplash.com/photo-1523712999610-f77fbcfc3843?w=200,art|photography|forest,forest|heat|by|sunbeam,forest heat by sunbeam,Johannes Plenio
12O623THQHJO,G00165,Aerial Photography Of Trees And Road,https://dy-us-playground.onrender.com/,1128.12,False,https://images.unsplash.com/photo-1509838174235-432f709c7bfd?w=200,art|photography|nature,aerial|photography|trees|road,aerial photography of trees and road,Chad Madden
WCFAFZRQJEXI,G00165,Brown Trees,https://dy-us-playground.onrender.com/,492.78,False,https://images.unsplash.com/photo-1508255139162-e1f7b7288ab7?w=200,art|photography|nature,brown|trees,brown trees,Federica Galli
RYH8OPX8UEO3,G00165,Selective Focus Photography Of Orange And Brown,https://dy-us-playground.onrender.com/,228.58,False,https://images.unsplash.com/photo-1429198739803-7db875882052?w=200,art|photography|nature,selective|focus|photography|orange|brown|falling|maple|leaves,selective focus photography of orange and brown falling maple leaves,Autumn Mott Rodeheaver
9OFN62VNSM4A,G00165,Flat Lay Photography Of Purple And Red,https://dy-us-playground.onrender.com/,1104.04,False,https://images.unsplash.com/photo-1459478309853-2c33a60058e7?w=200,art|photography|nature,flat|lay|photography|purple|red|leaves,flat lay photography of purple and red leaves,Jeremy Thomas
TCV722OTFPHP,G00294,A Lake Surrounded By Trees And Mountains,https://dy-us-playground.onrender.com/,1898.09,False,https://plus.unsplash.com/premium_photo-1696661111683-3cf24fadf088?w=200,art|photography|mountain,lake|surrounded|by|trees|mountains,a lake surrounded by trees and mountains,Ales Krivec
GW2H7M9ZCJWS,G00166,Mug Of Coffee With Marshmallow In Front,https://dy-us-playground.onrender.com/,720.79,True,https://images.unsplash.com/photo-1574376407492-c3cf78231def?w=200,art|photography|nature,mug|coffee|marshmallow|front|open|book|tray,mug of coffee with marshmallow in front of open book on tray,Alisa Anton
6GR7MAQ8ZAQ6,G00166,A Vase Filled With Lots Of Flowers,https://dy-us-playground.onrender.com/,362.9,True,https://plus.unsplash.com/premium_photo-1723726924875-60765dd1cdba?w=200,art|photography|nature,vase|filled|lots|flowers|top|table,A vase filled with lots of flowers on top of a table,Danielle Suijkerbuijk
4RR7V04VX4NP,G00166,Orange Train Between Fall Trees,https://dy-us-playground.onrender.com/,125.96,True,https://images.unsplash.com/photo-1541427468627-a89a96e5ca1d?w=200,art|photography|nature,orange|train|between|fall|trees,orange train between fall trees,Balazs Busznyak
NGR84UEV6RTC,G00294,A Forest Filled With Lots Of Trees,https://dy-us-playground.onrender.com/,1709.09,True,https://plus.unsplash.com/premium_photo-1673458832959-bd49ed58d513?w=200,art|photography|forest,forest|filled|lots|trees|covered|fall|leaves,a forest filled with lots of trees covered in fall leaves,Ales Krivec
9GP8OQEN3PQV,G00166,Aerial Photography Of Gray Concrete Road Between,https://dy-us-playground.onrender.com/,741.88,True,https://images.unsplash.com/photo-1476842321362-f5bb3a58ab25?w=200,art|photography|nature,aerial|photography|gray|concrete|road|between|assorted|color,aerial photography of gray concrete road between assorted-color trees,Aaron Burden
1F2AB34OIMV3,G00166,Brown And Orange Trees,https://dy-us-playground.onrender.com/,217.51,False,https://images.unsplash.com/flagged/photo-1552863047-1dd55fb6f8fa?w=200,art|photography|nature,brown|orange|trees,brown and orange trees,Johannes Plenio
TVNCY3JPAG7E,G00166,Closeup Photography Of Red Leaf Plant,https://dy-us-playground.onrender.com/,1577.26,False,https://images.unsplash.com/photo-1453959022778-cfda85dbe0f9?w=200,art|photography|nature,closeup|photography|red|leaf|plant,closeup photography of red leaf plant,Jeremy Thomas
IXCQ43I5LWE6,G00294,A House In The Middle Of A,https://dy-us-playground.onrender.com/,321.01,True,https://plus.unsplash.com/premium_photo-1696258991852-9364b39576e5?w=200,art|photography|mountain,house|middle|valley|mountains|background,a house in the middle of a valley with mountains in the background,Mathieu Odin
A759QGP4YR9U,G00167,Green Leafed Tree Near Body Of Water,https://dy-us-playground.onrender.com/,1261.63,False,https://images.unsplash.com/photo-1509224863479-ab583ee78692?w=200,art|photography|nature,green|leafed|tree|near|body|water,green leafed tree near body of water,Fred Russo
3U3I3L04522M,G00295,River In The Surrounding Trees,https://dy-us-playground.onrender.com/,1430.26,False,https://images.unsplash.com/photo-1482015527294-7c8203fc9828?w=200,art|photography|nature,river|surrounding|trees,river in the surrounding trees,Noah Silliman
16MBFHNF8K6I,G00295,Concrete Road In Forest,https://dy-us-playground.onrender.com/,1729.18,False,https://images.unsplash.com/photo-1543837173-6c26bc89937b?w=200,art|photography|forest,concrete|road|forest,concrete road in forest,Benjamin Voros
C10O2SNQYZ4J,G00295,Green And Beige Trees Beside Mountains,https://dy-us-playground.onrender.com/,1008.24,False,https://images.unsplash.com/photo-1503424886307-b090341d25d1?w=200,art|photography|mountain,green|beige|trees|beside|mountains,green and beige trees beside mountains,Thomas Morse
JISXUN34B6FG,G00295,Forest Against Sunlight At Daytime,https://dy-us-playground.onrender.com/,631.86,True,https://images.unsplash.com/photo-1504788363733-507549153474?w=200,art|photography|forest,forest|against|sunlight|at|daytime,forest against sunlight at daytime,Erik Witsoe
63EB5HFCEVAG,G00295,Aerial View Photography Of Forest,https://dy-us-playground.onrender.com/,155.69,False,https://images.unsplash.com/photo-1508144322886-717c284ab392?w=200,art|photography|forest,aerial|view|photography|forest,aerial view photography of forest,Luca Bravo
9XJXG9D5W1IV,G00167,White Ceramic Cup With Coffee,https://dy-us-playground.onrender.com/,675.35,True,https://images.unsplash.com/photo-1507546602-311207b97bfa?w=200,art|photography|nature,white|ceramic|cup|coffee,white ceramic cup with coffee,Brigitte Tohm
1WPPS63J7M21,G00167,White And Brown House Near Body Of,https://dy-us-playground.onrender.com/,1222.39,False,https://images.unsplash.com/photo-1541420937988-702d78cb9fa1?w=200,art|photography|nature,white|brown|house|near|body|water|during|daytime,white and brown house near body of water during daytime,Vincentiu Solomon
4ERGQU53077Q,G00167,Shallow Focus Photography Of Orange Leafed Tree,https://dy-us-playground.onrender.com/,287.4,True,https://images.unsplash.com/photo-1507967669805-c23336beea5b?w=200,art|photography|nature,shallow|focus|photography|orange|leafed|tree|during|daytime,shallow focus photography of orange leafed tree during daytime,Lyndon Li
1677GFMMUW8N,G00167,Closeup Photography Of Brown Leaves,https://dy-us-playground.onrender.com/,1393.11,False,https://images.unsplash.com/photo-1476458393436-fb857cc4c7b5?w=200,art|photography|nature,close|up|photography|brown|leaves,close-up photography of brown leaves,Kristian Seedorff
8BBNKZW41IFQ,G00167,Fruits Lot On Black Surface,https://dy-us-playground.onrender.com/,1937.53,True,https://images.unsplash.com/photo-1535406148013-5806f2127f58?w=200,art|photography|nature,fruits|lot|black|surface,fruits lot on black surface,Karolina Badzmierowska
7K4XKXTUGVF8,G00168,A View Of A Valley With A,https://dy-us-playground.onrender.com/,96.15,False,https://plus.unsplash.com/premium_photo-1668456447770-e82d060a78cb?w=200,art|photography|nature,view|valley|lot|trees,a view of a valley with a lot of trees,Ales Krivec
1LDO37K88SHP,G00168,Orangeleafed Tree,https://dy-us-playground.onrender.com/,1517.12,False,https://images.unsplash.com/photo-1567584032175-e3605e93b056?w=200,art|photography|nature,orange|leafed|tree,orange-leafed tree,Anthony Ievlev
0M7MCQTQQN3I,G00168,Person Wearing Gray Sock Standing On Stairs,https://dy-us-playground.onrender.com/,1647.11,True,https://images.unsplash.com/photo-1508881136857-d1781947f4d6?w=200,art|photography|nature,person|wearing|gray|sock|standing|stairs,person wearing gray sock standing on stairs,alex geerts
N6M8UBEDG6BW,G00168,Trees Beside Light Posts,https://dy-us-playground.onrender.com/,946.12,True,https://images.unsplash.com/photo-1571514507804-28e1f9ab5b94?w=200,art|photography|nature,trees|beside|light|posts,trees beside light posts,Daniel J. Schwarz
NDUQZOZHV1OQ,G00168,Black Ceramic Mug On Brown Wooden Coaster,https://dy-us-playground.onrender.com/,1156.42,False,https://images.unsplash.com/photo-1601230469159-77a3bfe240c0?w=200,art|photography|nature,black|ceramic|mug|brown|wooden|coaster,black ceramic mug on brown wooden coaster,Sergey N
JMBJWV7OM3YW,G00295,Waterfalls In Forest,https://dy-us-playground.onrender.com/,1350.01,False,https://images.unsplash.com/photo-1475092432448-fe76c45a8d6d?w=200,art|photography|forest,waterfalls|forest,waterfalls in forest,Dawid Zawiła
CDLFLEJMOTL7,G00296,A Mountain Range With Snow Covered Mountains,https://dy-us-playground.onrender.com/,1290.18,False,https://plus.unsplash.com/premium_photo-1671830697504-4e1e21962584?w=200,art|photography|winter,mountain|range|snow|covered|mountains|background,a mountain range with snow covered mountains in the background,Ales Krivec
GJEWTC3JZ2KI,G00168,Dried Leaves On White Concrete Floor,https://dy-us-playground.onrender.com/,196.08,False,https://images.unsplash.com/photo-1602774433910-a4c76f948875?w=200,art|photography|nature,dried|leaves|white|concrete|floor,dried leaves on white concrete floor,Marion Botella
NZ6MUDB8I5DR,G00296,Photo Of Mountain With Body Of Water,https://dy-us-playground.onrender.com/,1416.59,True,https://images.unsplash.com/photo-1507830075634-ce51e8b19328?w=200,art|photography|mountain,photo|mountain|body|water,photo of mountain with body of water,Yannick Pulver
FKO8FNJO6BGI,G00169,A Bunch Of Leaves That Are Laying,https://dy-us-playground.onrender.com/,1453.36,True,https://plus.unsplash.com/premium_photo-1665772801542-e9cc7bc60a30?w=200,art|photography|nature,bunch|leaves|are|laying|ground,a bunch of leaves that are laying on the ground,Hans
4ORTC3TE0Q5A,G00169,Lake Garden With Shed,https://dy-us-playground.onrender.com/,1041.08,False,https://images.unsplash.com/photo-1439464678930-c157fd3823cc?w=200,art|photography|nature,lake|garden|shed,lake garden with shed,Matthew Pla
B254QPZ70768,G00296,A Set Of Steps In The Middle,https://dy-us-playground.onrender.com/,574.92,False,https://plus.unsplash.com/premium_photo-1668086414870-1a66cd2f01f2?w=200,art|photography|forest,set|steps|middle|forest,a set of steps in the middle of a forest,Ales Krivec
RQSNVVPIZDMM,G00169,Brown Wooden Bench Under Shade Of Tree,https://dy-us-playground.onrender.com/,1410.54,False,https://images.unsplash.com/photo-1506899686410-4670690fccef?w=200,art|photography|nature,brown|wooden|bench|under|shade|tree|during|daytime,brown wooden bench under shade of tree during daytime,Aaron Burden
RNRHU5CL5JT9,G00169,White Ceramic Mug On Book,https://dy-us-playground.onrender.com/,672.84,True,https://images.unsplash.com/photo-1574372623190-ee1fa4423f7f?w=200,art|photography|nature,white|ceramic|mug|book,white ceramic mug on book,Alisa Anton
AE0B26QC359V,G00169,Lake Sorrounded By Trees,https://dy-us-playground.onrender.com/,766.11,True,https://images.unsplash.com/photo-1507371341162-763b5e419408?w=200,art|photography|nature,lake|sorrounded|by|trees,lake sorrounded by trees,Ricardo Gomez Angel
D8I1XFSXGKTZ,G00169,Fall Trees Beside Body Of Water During,https://dy-us-playground.onrender.com/,1951.59,False,https://images.unsplash.com/photo-1507100403890-47482dcd79e0?w=200,art|photography|nature,fall|trees|beside|body|water|during|daytime,fall trees beside body of water during daytime,Dan Freeman
1UWXAD9081QO,G00170,Panoramic Photography Of Body Of Water Surrounded,https://dy-us-playground.onrender.com/,1216.29,False,https://images.unsplash.com/photo-1445280471656-618bf9abcfe0?w=200,art|photography|nature,panoramic|photography|body|water|surrounded|trees,panoramic photography of body of water surrounded with trees,Ewa Stepkowska
OQR7RUPDBYJW,G00296,A Path Through A Forest With Lots,https://dy-us-playground.onrender.com/,1478.16,False,https://plus.unsplash.com/premium_photo-1669295395788-2c22b1431f24?w=200,art|photography|forest,path|through|forest|lots|leaves|ground,a path through a forest with lots of leaves on the ground,Benoît Deschasaux
BPTMNJMYQYVH,G00170,Brown Maple Leaf,https://dy-us-playground.onrender.com/,1510.57,True,https://images.unsplash.com/photo-1538580619159-6c19131e1062?w=200,art|photography|nature,brown|maple|leaf,brown maple leaf,Olivia Hutcherson
1V2TVSU50F1T,G00170,Empty Way Of Tall Trees,https://dy-us-playground.onrender.com/,1936.63,True,https://images.unsplash.com/photo-1543000306-6b6ad192d18d?w=200,art|photography|nature,empty|way|tall|trees,empty way of tall trees,Jez Timms
U3FS2TDL5N2U,G00170,Tree Beside Body Of Water,https://dy-us-playground.onrender.com/,1256.47,True,https://images.unsplash.com/photo-1445561696415-deadc6a2adaa?w=200,art|photography|nature,tree|beside|body|water,tree beside body of water,Chris Liu-Beers
WWJRSFXEALPO,G00170,Dried Maple Leaves,https://dy-us-playground.onrender.com/,1641.95,False,https://images.unsplash.com/photo-1516700675895-b2e35cae333c?w=200,art|photography|nature,dried|maple|leaves,dried maple leaves,Greg Shield
A45O9B8C9KGT,G00170,A Path In The Woods With Lots,https://dy-us-playground.onrender.com/,692.13,True,https://plus.unsplash.com/premium_photo-1669295395768-6ef852fddc90?w=200,art|photography|nature,path|woods|lots|leaves|ground,a path in the woods with lots of leaves on the ground,Benoît Deschasaux
UX2D1JSKO8XV,G00171,Brown Trees On Snow Covered Ground During,https://dy-us-playground.onrender.com/,1896.29,True,https://images.unsplash.com/photo-1605530361220-9553c71a0ec1?w=200,art|photography|winter,brown|trees|snow|covered|ground|during|daytime,brown trees on snow covered ground during daytime,Daniel J. Schwarz
5XUY7S54LZMF,G00296,A Forest Filled With Lots Of Trees,https://dy-us-playground.onrender.com/,652.16,True,https://plus.unsplash.com/premium_photo-1697233664342-5a323658202b?w=200,art|photography|forest,forest|filled|lots|trees|covered|fall|colors,a forest filled with lots of trees covered in fall colors,Arnaud Mariat
FN4O1V9Y0C23,G00171,White Ceramic Mug,https://dy-us-playground.onrender.com/,1238.98,False,https://images.unsplash.com/photo-1507980062492-714282f31ee0?w=200,art|photography|nature,white|ceramic|mug,white ceramic mug,Joanna Kosinska
HV6N9UADAJTR,G00171,Pumpkins On Stairs,https://dy-us-playground.onrender.com/,1293.7,False,https://images.unsplash.com/photo-1572978306654-a3835dd40cd4?w=200,art|photography|nature,pumpkins|stairs,pumpkins on stairs,Erica Marsland Huynh
AYG2R1Z09HWK,G00296,A River Running Through A Forest Filled,https://dy-us-playground.onrender.com/,1276.95,True,https://plus.unsplash.com/premium_photo-1667126445419-4c8870bf9597?w=200,art|photography|forest,river|running|through|forest|filled|trees,a river running through a forest filled with trees,Mathieu Odin
A8JXWHHYGQJU,G00171,Red And White Mushroom,https://dy-us-playground.onrender.com/,1633.17,True,https://images.unsplash.com/photo-1505820013142-f86a3439c5b2?w=200,art|photography|nature,red|white|mushroom,red and white mushroom,Florian van Duyn
XYZJCBC7SBMK,G00171,An Aerial View Of A Road Surrounded,https://dy-us-playground.onrender.com/,1643.11,True,https://images.unsplash.com/photo-1635427947377-fbe8b1555545?w=200,art|photography|nature,aerial|view|road|surrounded|by|trees,an aerial view of a road surrounded by trees,Hans
KII3XLF3X6RT,G00171,Full Moon And Clouds,https://dy-us-playground.onrender.com/,1145.23,True,https://images.unsplash.com/photo-1532767153582-b1a0e5145009?w=200,art|photography|nature,full|moon|clouds,full moon and clouds,Altınay Dinç
S66MWKHBZTAE,G00172,Yellow And Green Trees Beside Calm Body,https://dy-us-playground.onrender.com/,1802.22,True,https://images.unsplash.com/photo-1541363706841-989e82817186?w=200,art|photography|nature,yellow|green|trees|beside|calm|body|water,yellow and green trees beside calm body of water,Antonio Groß
X5N9T9DW13KP,G00172,A Branch Of A Tree With Red,https://dy-us-playground.onrender.com/,1971.7,False,https://images.unsplash.com/photo-1507588738508-7f9000a4902c?w=200,art|photography|nature,branch|tree|red|leaves,a branch of a tree with red leaves,Noah Silliman
4ZZXG408N6T6,G00297,Aerial View Photography Of Forest Near Body,https://dy-us-playground.onrender.com/,75.84,False,https://images.unsplash.com/photo-1476842384041-a57a4f124e2e?w=200,art|photography|forest,aerial|view|photography|forest|near|body|water,aerial view photography of forest near body of water,Aaron Burden
JA5NRQSM5BOY,G00172,Withered Leaves On Dirt Road During Daytime,https://dy-us-playground.onrender.com/,182.15,True,https://images.unsplash.com/photo-1507486435406-33d376619b3d?w=200,art|photography|nature,withered|leaves|dirt|road|during|daytime,withered leaves on dirt road during daytime,Ricardo Gomez Angel
T4J881CORS1R,G00172,Assortedcolor Lear Hanging Decor,https://dy-us-playground.onrender.com/,581.97,True,https://images.unsplash.com/photo-1477414348463-c0eb7f1359b6?w=200,art|photography|nature,assorted|color|lear|hanging|decor,assorted-color lear hanging decor,Chris Lawton
9XGZ21I4NBM8,G00172,Gray Concrete Road Between Brown And Green,https://dy-us-playground.onrender.com/,1331.66,True,https://images.unsplash.com/photo-1476820865390-c52aeebb9891?w=200,art|photography|nature,gray|concrete|road|between|brown|green|leaf|trees,gray concrete road between brown and green leaf trees at daytime,Patrick Tomasso
0UB8FLJCV682,G00172,A Dirt Road Surrounded By Trees With,https://dy-us-playground.onrender.com/,1219.46,False,https://plus.unsplash.com/premium_photo-1668967516060-624b8a7021f4?w=200,art|photography|nature,dirt|road|surrounded|by|trees|orange|leaves,a dirt road surrounded by trees with orange leaves,Ahmed
CETWASQZ8ZMW,G00173,Brown Wooden Bench Beside Tree,https://dy-us-playground.onrender.com/,1441.47,False,https://images.unsplash.com/photo-1444492417251-9c84a5fa18e0?w=200,art|photography|nature,brown|wooden|bench|beside|tree,brown wooden bench beside tree,Aaron Burden
QS31UJOA2I1Y,G00297,Reflective Photography Of Cabin In Forest,https://dy-us-playground.onrender.com/,1170.69,False,https://images.unsplash.com/photo-1470748085385-5fbb3018c796?w=200,art|photography|forest,reflective|photography|cabin|forest,reflective photography of cabin in forest,Sašo Tušar
9H89E4BV9BMZ,G00173,Bokeh Lights Photography Of Brown Maple Leaf,https://dy-us-playground.onrender.com/,1796.83,True,https://images.unsplash.com/photo-1473343775075-61805b64e5d6?w=200,art|photography|nature,bokeh|lights|photography|brown|maple|leaf,bokeh lights photography of brown maple leaf,Aaron Burden
GRB0AKG6RFKY,G00173,Pathway Between Inline Trees During Golden Hour,https://dy-us-playground.onrender.com/,1037.11,False,https://images.unsplash.com/photo-1445855743215-296f71d4b49c?w=200,art|photography|nature,pathway|between|inline|trees|during|golden|hour,pathway between inline trees during golden hour,Lukasz Szmigiel
F0OWAIHG8ISZ,G00173,Selective Focus Photography Of Orange Leaves,https://dy-us-playground.onrender.com/,213.78,False,https://images.unsplash.com/photo-1506193503569-d57d2a678510?w=200,art|photography|nature,selective|focus|photography|orange|leaves,selective focus photography of orange leaves,Aaron Burden
DKJDDDGBJFWZ,G00297,Landscape Photography Of Train Rails Between Forest,https://dy-us-playground.onrender.com/,718.66,False,https://images.unsplash.com/photo-1518802508264-76256089cddb?w=200,art|photography|forest,landscape|photography|train|rails|between|forest,landscape photography of train rails between forest,Adam Bixby
3HK3D5O5YWD2,G00173,A Road With Trees On Either Side,https://dy-us-playground.onrender.com/,1963.86,False,https://plus.unsplash.com/premium_photo-1669842613532-1f0947aa6fa6?w=200,art|photography|nature,road|trees|either|side,a road with trees on either side,Annie Spratt
LKNDYCZYBRCR,G00173,Yellow Pillar Candle In Black Lantern,https://dy-us-playground.onrender.com/,809.75,True,https://images.unsplash.com/photo-1510218830377-2e994ea9087d?w=200,art|photography|nature,yellow|pillar|candle|black|lantern,yellow pillar candle in black lantern,Marko Blažević
1X8KE4BTRBT1,G00174,Photo Of Orange And Green Squash Lot,https://dy-us-playground.onrender.com/,1175.06,False,https://images.unsplash.com/photo-1509622905150-fa66d3906e09?w=200,art|photography|nature,photo|orange|green|squash|lot,photo of orange and green squash lot,Kerstin Wrba
KNIPH6LEDNR3,G00174,Macro Photography Of Orange Leaf Tree,https://dy-us-playground.onrender.com/,1351.12,False,https://images.unsplash.com/photo-1573776396359-5576727fa835?w=200,art|photography|nature,macro|photography|orange|leaf|tree,macro photography of orange leaf tree,Jason Leem
UBOU8XN94DXE,G00174,A Hillside Covered In Lots Of Colorful,https://dy-us-playground.onrender.com/,1928.3,True,https://plus.unsplash.com/premium_photo-1668456464829-d1fcceaa4ee5?w=200,art|photography|nature,hillside|covered|lots|colorful|trees,a hillside covered in lots of colorful trees,Ales Krivec
9NDCZQMJST7D,G00174,Water Ripple With Maple Leaves,https://dy-us-playground.onrender.com/,1131.36,False,https://images.unsplash.com/photo-1513986615308-8f59cc8a16e1?w=200,art|photography|nature,water|ripple|maple|leaves,water ripple with maple leaves,Mitchell  McCleary
9PPG622OY21D,G00297,The Sun Is Shining Over A Mountain,https://dy-us-playground.onrender.com/,37.23,False,https://plus.unsplash.com/premium_photo-1697206208252-1f891e6e21a2?w=200,art|photography|mountain,sun|is|shining|over|mountain|lake,the sun is shining over a mountain lake,Ales Krivec
CDI35QAM8B3B,G00174,Closeup Photography Of Maple Leafs With Shallow,https://dy-us-playground.onrender.com/,1502.86,True,https://images.unsplash.com/photo-1501973801540-537f08ccae7b?w=200,art|photography|nature,close|up|photography|maple|leafs|shallow|depth|field,close-up photography of maple leafs with shallow depth of field,Matt
LLKVZR3R796Y,G00174,A Table Topped With A White Vase,https://dy-us-playground.onrender.com/,1159.19,True,https://plus.unsplash.com/premium_photo-1690573411575-ef21cb1e1d85?w=200,art|photography|nature,table|topped|white|vase|filled|flowers,a table topped with a white vase filled with flowers,Anita Austvika
26H36NCAIQMH,G00175,Dried Maple Leaves On Body Of Water,https://dy-us-playground.onrender.com/,1459.6,True,https://images.unsplash.com/photo-1445998559126-132150395033?w=200,art|photography|nature,dried|maple|leaves|body|water|near|leaf,dried maple leaves on body of water near maple leaf trees,Aaron Burden
EV93REM96ICQ,G00175,A Cobblestone Street With A Row Of,https://dy-us-playground.onrender.com/,666.01,False,https://plus.unsplash.com/premium_photo-1699626665487-12e6eb2c5c35?w=200,art|photography|nature,cobblestone|street|row|old|buildings,a cobblestone street with a row of old buildings,Georgi Kalaydzhiev
ZO0KCXNWLYTW,G00175,Selective Photography Of Dried Leaf,https://dy-us-playground.onrender.com/,1882.95,False,https://images.unsplash.com/photo-1478733672327-ce27bc999503?w=200,art|photography|nature,selective|photography|dried|leaf,selective photography of dried leaf,Annie Spratt
MFIIMJAX4LTC,G00175,A Body Of Water Surrounded By Rocks,https://dy-us-playground.onrender.com/,1472.45,False,https://plus.unsplash.com/premium_photo-1697233664322-70958766190e?w=200,art|photography|nature,body|water|surrounded|by|rocks|trees,a body of water surrounded by rocks and trees,Arnaud Mariat
ZWY3IT1LRU3O,G00175,Micro Photography Of Leaves,https://dy-us-playground.onrender.com/,856.26,False,https://images.unsplash.com/photo-1543683840-c66117bdb1f8?w=200,art|photography|nature,micro|photography|leaves,micro photography of leaves,Oliver Hihn
V5J819SHEGRX,G00175,A Bunch Of Leaves That Are Laying,https://dy-us-playground.onrender.com/,1904.03,True,https://plus.unsplash.com/premium_photo-1665956065384-6f8f2dc08f0e?w=200,art|photography|nature,bunch|leaves|are|laying|ground,a bunch of leaves that are laying on the ground,Hans
0FS49U26HL9N,G00176,Low Angle View Of Yellow And Red,https://dy-us-playground.onrender.com/,468.8,True,https://images.unsplash.com/photo-1476728986388-24bf950ea3b3?w=200,art|photography|nature,low|angle|view|yellow|red|tree,low angle view of yellow and red tree,Fineas Anton
YCSGRDFLX98H,G00176,Photo Of Calm Body Of Water Near,https://dy-us-playground.onrender.com/,895.81,False,https://images.unsplash.com/photo-1509993960109-abdfeec04013?w=200,art|photography|nature,photo|calm|body|water|near|trees,photo of calm body of water near trees,Benjaminrobyn Jespersen
SRSMOXKPDTNR,G00176,Close Up Photo Of Maple Tree,https://dy-us-playground.onrender.com/,1816.7,True,https://images.unsplash.com/photo-1508490385390-2b0baa98f428?w=200,art|photography|nature,close|up|photo|maple|tree,close up photo of maple tree,Evgeni Evgeniev
5KYU9N03267K,G00176,Shallow Photography Of Maple Leaf,https://dy-us-playground.onrender.com/,932.69,False,https://images.unsplash.com/photo-1515094854286-bc6b38a1326f?w=200,art|photography|nature,shallow|photography|maple|leaf,shallow photography of maple leaf,Stephen Ellis
ROP22LIMQF1J,G00297,Low Angle Of Forest At Daytime,https://dy-us-playground.onrender.com/,1720.53,False,https://images.unsplash.com/photo-1508138142660-302e69e74271?w=200,art|photography|forest,low|angle|forest|at|daytime,low angle of forest at daytime,David Kovalenko
PFRQBJZ2I8W7,G00297,Trees On Top Of Mountain,https://dy-us-playground.onrender.com/,968.85,True,https://images.unsplash.com/photo-1496660887775-12d35540ea00?w=200,art|photography|mountain,trees|top|mountain,trees on top of mountain,Ricardo Gomez Angel
ZAPSECE6Q53D,G00176,Orange And Yellow Dried Leaves On Tree,https://dy-us-playground.onrender.com/,753.1,False,https://images.unsplash.com/photo-1546222974-c49a0534a629?w=200,art|photography|nature,orange|yellow|dried|leaves|tree,orange and yellow dried leaves on tree,Katie Moum
XML1W0YB76DV,G00298,An Aerial View Of A Forest With,https://dy-us-playground.onrender.com/,1761.88,False,https://plus.unsplash.com/premium_photo-1675344576121-81e305536fd3?w=200,art|photography|forest,aerial|view|forest|lots|trees,an aerial view of a forest with lots of trees,Martin Sanchez
SE14G0Q20H1M,G00176,Highangle View Of Concrete Building And Stairs,https://dy-us-playground.onrender.com/,162.16,False,https://images.unsplash.com/photo-1508804052814-cd3ba865a116?w=200,art|photography|nature,high|angle|view|concrete|building|stairs,high-angle view of concrete building and stairs,Hanson Lu
VRO4RXA8W688,G00177,The Sun Is Shining Through The Trees,https://dy-us-playground.onrender.com/,215.6,False,https://plus.unsplash.com/premium_photo-1697644693195-3a4ae7cbf9f5?w=200,art|photography|nature,sun|is|shining|through|trees|road,the sun is shining through the trees on the road,Sandra Seitamaa
OM89WKGW2B0E,G00177,Trees Reflecting On Body Of Water,https://dy-us-playground.onrender.com/,316.66,False,https://images.unsplash.com/photo-1496060169243-453fde45943b?w=200,art|photography|nature,trees|reflecting|body|water,trees reflecting on body of water,Sam Ferrara
PF00NAFFO0XL,G00177,Brown Leaf Trees,https://dy-us-playground.onrender.com/,671.46,False,https://images.unsplash.com/photo-1509833214245-2078371af406?w=200,art|photography|nature,brown|leaf|trees,brown leaf trees,Val Vesa
2ZZHJWT58Y63,G00177,Four Boats Docked Near Land Surrounded By,https://dy-us-playground.onrender.com/,532.59,False,https://images.unsplash.com/photo-1425969195258-f23f055ef995?w=200,art|photography|nature,four|boats|docked|near|land|surrounded|by|green,four boats docked near land surrounded by green leaf trees,Hannu Keski-Hakuni
B5H3KEYWN27R,G00177,Hello Autumn Cozy Slow Living Pumpkin Cozy,https://dy-us-playground.onrender.com/,238.88,False,https://plus.unsplash.com/premium_photo-1661765406035-756ad46e1221?w=200,art|photography|nature,hello|autumn|cozy|slow|living|pumpkin|sweaters,"Hello autumn, cozy slow living. Pumpkin, cozy sweaters, autumn leaves, burning candle and vintage book in golden lights bokeh on white wooden background in room.  Happy Thanksgiving",Getty Images
HYWB0J26B71C,G00177,Brown Squirrel On Green Leafed Tree,https://dy-us-playground.onrender.com/,949.2,False,https://images.unsplash.com/photo-1518770352423-dce09a3d3307?w=200,art|photography|nature,brown|squirrel|green|leafed|tree,brown squirrel on green leafed tree,Transly Translation Agency
NN59C00BHGXE,G00178,Wooden Dock Over Body Of Water,https://dy-us-playground.onrender.com/,1833.82,False,https://images.unsplash.com/photo-1509378888692-76a21758a215?w=200,art|photography|nature,wooden|dock|over|body|water,wooden dock over body of water,Kevin Schmid
62B6RSB61K9G,G00178,A Body Of Water With Trees In,https://dy-us-playground.onrender.com/,468.76,True,https://plus.unsplash.com/premium_photo-1673451722547-450e1362cb39?w=200,art|photography|nature,body|water|trees|background,a body of water with trees in the background,Ales Krivec
O0DW77Q70BZZ,G00298,Withering Trees Near Snowcovered Mountains,https://dy-us-playground.onrender.com/,1572.89,True,https://images.unsplash.com/photo-1479968129048-7372423067cf?w=200,art|photography|winter,withering|trees|near|snow|covered|mountains,withering trees near snow-covered mountains,Nathan Anderson
HBYPUGWCZIR2,G00178,In Distant Photo Of Tall Trees,https://dy-us-playground.onrender.com/,620.18,True,https://images.unsplash.com/photo-1510065323172-bd8a4e8ae1e2?w=200,art|photography|nature,distant|photo|tall|trees,in distant photo of tall trees,Cristina Gottardi
KRP59XPUZQT9,G00178,Road With Falling Leaves In Between Of,https://dy-us-playground.onrender.com/,1194.63,True,https://images.unsplash.com/photo-1501261379837-c3b516327829?w=200,art|photography|nature,road|falling|leaves|between|trees,road with falling leaves in between of trees,John Mccann
UGUNI8YZ2LV7,G00178,Woman Throwing Maple Leaves,https://dy-us-playground.onrender.com/,959.76,True,https://images.unsplash.com/photo-1481127950397-88e4c4f4b83b?w=200,art|photography|nature,woman|throwing|maple|leaves,woman throwing maple leaves,Jakob Owens
6JH7AK3W5UGJ,G00178,Focus Photography Of Pumpkin,https://dy-us-playground.onrender.com/,1966.12,False,https://images.unsplash.com/photo-1506900039127-b1cb41deb557?w=200,art|photography|nature,focus|photography|pumpkin,focus photography of pumpkin,Aaron Burden
OXUCSEEMZTRL,G00179,An Empty Road Surrounded By Trees With,https://dy-us-playground.onrender.com/,730.98,True,https://plus.unsplash.com/premium_photo-1698001750831-dc8331d76fd8?w=200,art|photography|nature,empty|road|surrounded|by|trees|yellow|leaves,an empty road surrounded by trees with yellow leaves,Hans
PSC7JDW3JSAY,G00179,Brown Withered Leaves With Water Dews Closeup,https://dy-us-playground.onrender.com/,1610.19,True,https://images.unsplash.com/photo-1510495953850-ddd057203644?w=200,art|photography|nature,brown|withered|leaves|water|dews|closeup|photo,brown withered leaves with water dews closeup photo,Daniel Frank
BGFR6898N04Y,G00307,White And Gray Cathedral Surround By Trees,https://dy-us-playground.onrender.com/,1176.06,True,https://images.unsplash.com/photo-1548781058-20cc6d895789?w=200,animals|pets|cats|nature,white|gray|cathedral|surround|by|trees,white and gray cathedral surround by trees,Julia Solonina
9JXDWR06JIBP,G00179,A Bunch Of Leaves That Are Laying,https://dy-us-playground.onrender.com/,1881.54,True,https://images.unsplash.com/photo-1637162330294-28cc8540d41d?w=200,art|photography|nature,bunch|leaves|are|laying|ground,a bunch of leaves that are laying on the ground,Hans
J8XAWORSISE6,G00179,An Overhead View Of A Tree Filled,https://dy-us-playground.onrender.com/,1808.03,False,https://plus.unsplash.com/premium_photo-1696271719657-3b39e3873a4b?w=200,art|photography|nature,overhead|view|tree|filled|lots|leaves,an overhead view of a tree filled with lots of leaves,Martin Sanchez
DGWC4VTEK7IH,G00179,Gray Wooden Fence Post Near Green Leaf,https://dy-us-playground.onrender.com/,1271.24,False,https://images.unsplash.com/photo-1444323696443-1b5cedba84bc?w=200,art|photography|nature,gray|wooden|fence|post|near|green|leaf|trees,gray wooden fence post near green leaf trees at daytime,Micah Hallahan
QNIZI0WMXXPZ,G00179,Gray Road In Between Tall Tress At,https://dy-us-playground.onrender.com/,1080.69,False,https://images.unsplash.com/photo-1507237081139-5dfb209dba79?w=200,art|photography|nature,gray|road|between|tall|tress|at|daytime,gray road in between tall tress at daytime,Max Langelott
HGXPP5MN8J8C,G00180,A Table Topped With Plates Of Food,https://dy-us-playground.onrender.com/,156.32,True,https://plus.unsplash.com/premium_photo-1694425773046-31e088f7a7dd?w=200,art|photography|nature,table|topped|plates|food|cup|coffee,a table topped with plates of food and a cup of coffee,Kateryna Hliznitsova
N5YI6CYH314O,G00180,Maple Leaf,https://dy-us-playground.onrender.com/,1210.29,True,https://images.unsplash.com/photo-1475178044550-f4ed5e2d6094?w=200,art|photography|nature,maple|leaf,maple leaf,Kaye Hanson
XH1HYXF31Y7T,G00180,Autumn Composition Close Up Of Wet Colorful,https://dy-us-playground.onrender.com/,943.82,False,https://plus.unsplash.com/premium_photo-1663133689788-de4717f05f30?w=200,art|photography|nature,autumn|composition|close|up|wet|colorful|leaves|studio,Autumn composition. Close up of wet colorful leaves. Studio shot.,Getty Images
ZSJ2QZD446IJ,G00180,Aerial View Of Trees,https://dy-us-playground.onrender.com/,605.88,False,https://images.unsplash.com/photo-1508791573065-57c595096106?w=200,art|photography|nature,aerial|view|trees,aerial view of trees,Luca Bravo
W71KDTGCJFRQ,G00180,A Tree With Yellow Leaves In The,https://dy-us-playground.onrender.com/,1176.79,False,https://plus.unsplash.com/premium_photo-1665772800949-d16a87be214d?w=200,art|photography|nature,tree|yellow|leaves|fall,a tree with yellow leaves in the fall,Hans
7W2FU5P9KMIF,G00298,Winding Road Near Mountains And Forest During,https://dy-us-playground.onrender.com/,1664.18,True,https://images.unsplash.com/photo-1515445702422-3a80ccfdb236?w=200,art|photography|forest,winding|road|near|mountains|forest|during|daytime,winding road near mountains and forest during daytime,Joel & Jasmin Førestbird
Z2QA31QE3OQG,G00180,A Field Of Flowers With A Tree,https://dy-us-playground.onrender.com/,1582.41,False,https://plus.unsplash.com/premium_photo-1673799490772-2ea0b711e43b?w=200,art|photography|nature,field|flowers|tree|background,a field of flowers with a tree in the background,Ales Krivec
V117DKJJ3NW3,G00181,White Flowers In Shallow Focus Photography,https://dy-us-playground.onrender.com/,648.72,False,https://images.unsplash.com/photo-1503919483171-9ffc1debc390?w=200,art|photography|nature,white|flowers|shallow|focus|photography,white flowers in shallow focus photography,Daiga Ellaby
GIZSTYWJO7J8,G00181,Low Angle Photo Of Cherry Blossoms Tree,https://dy-us-playground.onrender.com/,211.68,False,https://images.unsplash.com/photo-1462275646964-a0e3386b89fa?w=200,art|photography|nature,low|angle|photo|cherry|blossoms|tree,low angle photo of cherry blossoms tree,Arno Smit
BM60ZF3FNBSQ,G00298,A Forest Filled With Lots Of Blue,https://dy-us-playground.onrender.com/,1417.98,False,https://plus.unsplash.com/premium_photo-1720524513100-2fa5f656272f?w=200,art|photography|forest,forest|filled|lots|blue|flowers,A forest filled with lots of blue flowers,Joshua Earle
NLIP5YVR6XRW,G00181,White Flowers Under Blue Sky During Daytime,https://dy-us-playground.onrender.com/,197.72,False,https://images.unsplash.com/photo-1586952205040-22514ffab1a1?w=200,art|photography|nature,white|flowers|under|blue|sky|during|daytime,white flowers under blue sky during daytime,Aamyr
7UTUH7IDSP2N,G00181,Pink Flowers In Tilt Shift Lens,https://dy-us-playground.onrender.com/,1428.98,True,https://images.unsplash.com/photo-1600647993560-11a92e039466?w=200,art|photography|nature,pink|flowers|tilt|shift|lens,pink flowers in tilt shift lens,Jei Lee
1TS6OS7OVX0O,G00181,A Bouquet Of Red Tulips On A,https://dy-us-playground.onrender.com/,385.34,True,https://plus.unsplash.com/premium_photo-1676400614009-3b230ef8be6d?w=200,art|photography|nature,bouquet|red|tulips|purple|background,a bouquet of red tulips on a purple background,Lala Azizli
6OZCI999AWHB,G00367,Yellow Bird Perched On White Flower,https://dy-us-playground.onrender.com/,18.33,True,https://images.unsplash.com/photo-1620694563886-c3a80ec55f41?w=200,animals|wildlife|birds|nature,yellow|bird|perched|white|flower,yellow bird perched on white flower,Mark Olsen
0HXA1VC17DUJ,G00181,A Bunch Of White And Yellow Flowers,https://dy-us-playground.onrender.com/,413.39,True,https://plus.unsplash.com/premium_photo-1664008141848-5366dafbbe2b?w=200,art|photography|nature,bunch|white|yellow|flowers|field,a bunch of white and yellow flowers in a field,Annie Spratt
DDT4YEACG8X1,G00182,Body Of Water Beside Cherry Blossom Trees,https://dy-us-playground.onrender.com/,1876.6,False,https://images.unsplash.com/photo-1526344966-89049886b28d?w=200,art|photography|nature,body|water|beside|cherry|blossom|trees,body of water beside cherry blossom trees,Mark Tegethoff
CLE227PA48S3,G00182,White Petaled Flowers During Day,https://dy-us-playground.onrender.com/,906.3,True,https://images.unsplash.com/photo-1530092285049-1c42085fd395?w=200,art|photography|nature,white|petaled|flowers|during|day,white petaled flowers during day,Mink Mingle
JHRG44HB0HT8,G00182,Green Leafed Plant,https://dy-us-playground.onrender.com/,139.41,False,https://images.unsplash.com/photo-1520121401995-928cd50d4e27?w=200,art|photography|nature,green|leafed|plant,green leafed plant,Ash Amplifies
PPUZF54MCTBN,G00182,Assorted Color Flower Field During Daytime,https://dy-us-playground.onrender.com/,843.99,True,https://images.unsplash.com/photo-1554738458-6c6ae81806fb?w=200,art|photography|nature,assorted|color|flower|field|during|daytime,assorted color flower field during daytime,MAK
FRURGXZAJNC3,G00182,Selective Focus Photo Of White Flowerbud,https://dy-us-playground.onrender.com/,377.94,False,https://images.unsplash.com/photo-1485148470689-9e57a229c0f8?w=200,art|photography|nature,selective|focus|photo|white|flowerbud,selective focus photo of white flowerbud,Annie Spratt
IBDCTBNGRPU5,G00182,White And Yellow Flower Under Blue Sky,https://dy-us-playground.onrender.com/,959.87,True,https://images.unsplash.com/photo-1619293195798-07fc2dec8323?w=200,art|photography|nature,white|yellow|flower|under|blue|sky|during|daytime,white and yellow flower under blue sky during daytime,Atakan Narman
GBI9N7KCYFA7,G00183,Yellow Flower Field Under Clear Sky,https://dy-us-playground.onrender.com/,798.09,True,https://images.unsplash.com/photo-1491591462767-3b91b2a19487?w=200,art|photography|nature,yellow|flower|field|under|clear|sky,yellow flower field under clear sky,Jeremy Bishop
MXETOHQRITCM,G00183,Shallow Focus Photography Of White Flowers,https://dy-us-playground.onrender.com/,1416.74,False,https://images.unsplash.com/photo-1489537235181-fc05daed5805?w=200,art|photography|nature,shallow|focus|photography|white|flowers,shallow focus photography of white flowers,Anthony DELANOIX
603FOS7UX2TR,G00183,White Flowers Under Blue Sky During Daytime,https://dy-us-playground.onrender.com/,160.9,True,https://images.unsplash.com/photo-1586911264581-b2c2155d2429?w=200,art|photography|nature,white|flowers|under|blue|sky|during|daytime,white flowers under blue sky during daytime,Filip Baotić
KVZ6OZ86DY6U,G00298,Green And Pink Trees Beside River During,https://dy-us-playground.onrender.com/,1122.93,False,https://images.unsplash.com/photo-1597205820234-31fd66836ca2?w=200,art|photography|nature,green|pink|trees|beside|river|during|daytime,green and pink trees beside river during daytime,Joanna Huang
O88396UOFM5W,G00298,Cherry Blossom Trees Near River,https://dy-us-playground.onrender.com/,1111.01,False,https://images.unsplash.com/photo-1493589976221-c2357c31ad77?w=200,art|photography|nature,cherry|blossom|trees|near|river,cherry blossom trees near river,Redd Francisco
LAR6GZGTTFHY,G00183,Selective Focus Photography Of Purple And Pink,https://dy-us-playground.onrender.com/,855.52,False,https://images.unsplash.com/photo-1558172474-9c7c194c7d06?w=200,art|photography|nature,selective|focus|photography|purple|pink|flower|field,selective focus photography of purple and pink flower field,Delphine Ducaruge
DP1AIQ2VNEBG,G00183,Green Trees,https://dy-us-playground.onrender.com/,1297.27,True,https://images.unsplash.com/photo-1494280986787-c49b328829dd?w=200,art|photography|nature,green|trees,green trees,Rodion Kutsaiev
K7XLG1SOHZB3,G00183,Cherry Blossom,https://dy-us-playground.onrender.com/,31.68,True,https://images.unsplash.com/photo-1556066138-cfac27159329?w=200,art|photography|nature,cherry|blossom,cherry blossom,Tatiana Rodriguez
6CFSAEHZZFUK,G00184,Yellow And White Flower Field During Daytime,https://dy-us-playground.onrender.com/,1171.26,False,https://images.unsplash.com/photo-1614888773556-4bf9ab1a8675?w=200,art|photography|nature,yellow|white|flower|field|during|daytime,yellow and white flower field during daytime,Clémence Taillez
B1I675QEXAE9,G00184,Yellow Petal Flower On Clear Glass Vase,https://dy-us-playground.onrender.com/,638.67,True,https://images.unsplash.com/photo-1485431142439-206ba3a9383e?w=200,art|photography|nature,yellow|petal|flower|clear|glass|vase,yellow petal flower on clear glass vase,Annie Spratt
6G9ADML7P3QB,G00184,A Painting Of A Field Of Wild,https://dy-us-playground.onrender.com/,1216.0,False,https://plus.unsplash.com/premium_photo-1709492256417-816ffcb88cc5?w=200,art|photography|nature,painting|field|wild|flowers,a painting of a field of wild flowers,Alex Shuper
94ZK2I7WX39E,G00184,Red Flower Field,https://dy-us-playground.onrender.com/,419.45,False,https://images.unsplash.com/photo-1543862475-eb136770ae9b?w=200,art|photography|nature,red|flower|field,red flower field,Alexandr Hovhannisyan
N8LTRMNLY0K2,G00184,Beautiful Cherry Blossoms Trees Blooming In Spring,https://dy-us-playground.onrender.com/,990.03,False,https://plus.unsplash.com/premium_photo-1661878589476-bcad7fe1b8c5?w=200,art|photography|nature,beautiful|cherry|blossoms|trees|blooming|spring,Beautiful cherry blossoms trees blooming in spring.,Getty Images
9DOOSZOQXCRH,G00184,Focus Photo Of Pink Petaled Flowers,https://dy-us-playground.onrender.com/,884.96,False,https://images.unsplash.com/photo-1491036775913-3fbc5c455842?w=200,art|photography|nature,focus|photo|pink|petaled|flowers,focus photo of pink petaled flowers,Nikhil kumar
O0KFJSR0VZQZ,G00185,A Tree With Yellow Flowers And Leaves,https://dy-us-playground.onrender.com/,992.44,True,https://plus.unsplash.com/premium_photo-1663954862772-a29434a37222?w=200,art|photography|nature,tree|yellow|flowers|leaves|against|blue|sky,a tree with yellow flowers and leaves against a blue sky,Polina Kuzovkova
TFNX1KG7HFDF,G00185,Purplepetaled Flowers,https://dy-us-playground.onrender.com/,1148.05,True,https://images.unsplash.com/photo-1577862236121-c237c73ef4ed?w=200,art|photography|nature,purple|petaled|flowers,purple-petaled flowers,chi liu
8SPLD5ZUDRS9,G00185,Pink Cherry Blossom In Close Up Photography,https://dy-us-playground.onrender.com/,1849.75,False,https://images.unsplash.com/photo-1585003387496-7ef0cc60267d?w=200,art|photography|nature,pink|cherry|blossom|close|up|photography,pink cherry blossom in close up photography,TOMOKO UJI
L5MHEG3PEDEM,G00185,A Table Topped With Lots Of Flowers,https://dy-us-playground.onrender.com/,584.79,True,https://plus.unsplash.com/premium_photo-1677682897278-a0565677945a?w=200,art|photography|nature,table|topped|lots|flowers|eggs,a table topped with lots of flowers and eggs,Olivie Strauss
IUWJEDMH2NDF,G00185,Butterfly In Flower During Daytime,https://dy-us-playground.onrender.com/,384.48,False,https://images.unsplash.com/photo-1489311778769-38fbf664895a?w=200,art|photography|nature,butterfly|flower|during|daytime,butterfly in flower during daytime,Boris  Smokrovic
X3H3C1YAOB93,G00185,Orange Flowers,https://dy-us-playground.onrender.com/,1104.56,False,https://images.unsplash.com/photo-1465146344425-f00d5f5c8f07?w=200,art|photography|nature,orange|flowers,orange flowers,enrico bet
8QLZV49VVWZO,G00186,White Petaled Flowers,https://dy-us-playground.onrender.com/,1984.72,True,https://images.unsplash.com/photo-1431444393712-19267bd26144?w=200,art|photography|nature,white|petaled|flowers,white petaled flowers,Alexandru Tudorache
66KMIA89EVO8,G00186,A Pink Tree In A Grassy Field,https://dy-us-playground.onrender.com/,278.1,False,https://plus.unsplash.com/premium_photo-1709579654090-3f3ca8f8416b?w=200,art|photography|nature,pink|tree|grassy|field|next|to|body|water,a pink tree in a grassy field next to a body of water,Alex Shuper
LW4304W2YWV8,G00186,Greenleafed Plant,https://dy-us-playground.onrender.com/,501.05,True,https://images.unsplash.com/photo-1562562219-52f715a0e690?w=200,art|photography|nature,green|leafed|plant,green-leafed plant,Chandra Oh
E375TFHLMX0T,G00186,A Painting Of A Tree In The,https://dy-us-playground.onrender.com/,1188.6,True,https://plus.unsplash.com/premium_photo-1710787193520-74df05ed7736?w=200,art|photography|nature,painting|tree|middle|field,a painting of a tree in the middle of a field,Alex Shuper
6SSFUGORSJ8S,G00367,Selective Focus Photography Of Yellow Bird On,https://dy-us-playground.onrender.com/,333.22,True,https://images.unsplash.com/photo-1525275963076-7a70249a9925?w=200,animals|wildlife|birds|nature,selective|focus|photography|yellow|bird|tree|branch,selective focus photography of yellow bird on tree branch,Ray Hennessy
L1W459I5PU78,G00186,Shallow Focus Photography Of White Flowers,https://dy-us-playground.onrender.com/,438.38,True,https://images.unsplash.com/photo-1532774979012-71b828494997?w=200,art|photography|nature,shallow|focus|photography|white|flowers,shallow focus photography of white flowers,Annie Spratt
D2Q4PEX9USE0,G00299,A Painting Of A River Surrounded By,https://dy-us-playground.onrender.com/,657.38,False,https://plus.unsplash.com/premium_photo-1711434824963-ca894373272e?w=200,art|photography|nature,painting|river|surrounded|by|pink|flowers,a painting of a river surrounded by pink flowers,A Chosen Soul
X12JISWWUUTB,G00186,Pink And White Flowers In Macro Lens,https://dy-us-playground.onrender.com/,997.74,True,https://images.unsplash.com/photo-1601120102192-0fa7cb74ae4c?w=200,art|photography|nature,pink|white|flowers|macro|lens,pink and white flowers in macro lens,Mitchell Luo
7VFQ66NPB8EM,G00187,A Person Holding A Potted Plant In,https://dy-us-playground.onrender.com/,395.05,False,https://plus.unsplash.com/premium_photo-1679590626149-7c31860ad2b1?w=200,art|photography|nature,person|holding|potted|plant|their|hands,a person holding a potted plant in their hands,A. C.
K1MT8M6MRQYL,G00187,Selective Photography Of White Petaled Flowers,https://dy-us-playground.onrender.com/,236.05,False,https://images.unsplash.com/photo-1521624213010-9fb0f30dcd20?w=200,art|photography|nature,selective|photography|white|petaled|flowers,selective photography of white petaled flowers,simon
SEYENTQNEKZ1,G00187,A Field Full Of White Flowers And,https://dy-us-playground.onrender.com/,1646.44,True,https://plus.unsplash.com/premium_photo-1667121496133-3975a3515c06?w=200,art|photography|nature,field|full|white|flowers|trees,a field full of white flowers and trees,Ales Krivec
8LUUSUWOXQXD,G00187,Purple Petal Flower Closeup Photo,https://dy-us-playground.onrender.com/,98.84,False,https://images.unsplash.com/photo-1490918686724-6b23c27c03d1?w=200,art|photography|nature,purple|petal|flower|close|up|photo,purple petal flower close-up photo,Aaron Burden
GP8Y9GD1T374,G00187,Wheat Field,https://dy-us-playground.onrender.com/,1691.18,True,https://images.unsplash.com/photo-1567244401854-5f3a2619804d?w=200,art|photography|nature,wheat|field,wheat field,Rafael Macedo
ZUS8YERZS0QJ,G00309,Dandelion Flower Field,https://dy-us-playground.onrender.com/,673.8,False,https://images.unsplash.com/photo-1575721697801-937774cc44ab?w=200,animals|wildlife|big-cats|lions|nature,dandelion|flower|field,dandelion flower field,Uwe Conrad
34OSKBWI6Q3O,G00187,A Woman Holding A Bunch Of Orange,https://dy-us-playground.onrender.com/,1195.49,True,https://plus.unsplash.com/premium_photo-1710378174706-424db1727fd1?w=200,art|photography|nature,woman|holding|bunch|orange|flowers,a woman holding a bunch of orange flowers,tabitha turner
4VDFSJCUC5W0,G00188,Purple Flower On Green Grass Field During,https://dy-us-playground.onrender.com/,1893.49,False,https://images.unsplash.com/photo-1596314380942-5d0db6e93478?w=200,art|photography|nature,purple|flower|green|grass|field|during|daytime,purple flower on green grass field during daytime,yann behr
V00IOP6Q7WXK,G00188,A Field Of Blue Flowers Surrounded By,https://dy-us-playground.onrender.com/,985.03,False,https://plus.unsplash.com/premium_photo-1719930222484-86600f8c74da?w=200,art|photography|nature,field|blue|flowers|surrounded|by|trees,A field of blue flowers surrounded by trees,Joshua Earle
7DY0Q1PUCFYG,G00188,Road In Between Of Grass Field Near,https://dy-us-playground.onrender.com/,250.52,False,https://images.unsplash.com/photo-1416230789844-1998de481fdc?w=200,art|photography|nature,road|between|grass|field|near|trees|at|daytime,road in between of grass field near trees at daytime,Anisur Rahman
4S06G1BPSZFN,G00188,A Wooden Chair Sitting On Top Of,https://dy-us-playground.onrender.com/,510.3,False,https://plus.unsplash.com/premium_photo-1711205964919-05279d2f1706?w=200,art|photography|nature,wooden|chair|sitting|top|lush|green|field,a wooden chair sitting on top of a lush green field,Unsplash+ Community
X87NITUNFQZM,G00188,White Petaled Flower,https://dy-us-playground.onrender.com/,1602.6,False,https://images.unsplash.com/photo-1554303867-f61340bb2cf5?w=200,art|photography|nature,white|petaled|flower,white petaled flower,TOMOKO UJI
7P29GH9V8NZT,G00188,A Bunch Of Flowers And Eggs On,https://dy-us-playground.onrender.com/,1351.57,True,https://plus.unsplash.com/premium_photo-1677682897703-246a296ddc74?w=200,art|photography|nature,bunch|flowers|eggs|table,a bunch of flowers and eggs on a table,Olivie Strauss
IZE35B6QS5B2,G00189,Yellow Flower Field During Daytime,https://dy-us-playground.onrender.com/,1897.13,True,https://images.unsplash.com/photo-1547590128-c982403a5aaf?w=200,art|photography|nature,yellow|flower|field|during|daytime,yellow flower field during daytime,Humam
WSQ84QLOXTTC,G00189,Red And Yellow Flower Field Under Blue,https://dy-us-playground.onrender.com/,1057.11,True,https://images.unsplash.com/photo-1584963237901-8ff959b9b4b0?w=200,art|photography|nature,red|yellow|flower|field|under|blue|sky|during,red and yellow flower field under blue sky during daytime,Kouji Tsuru
D11I8F4V7JAG,G00189,A Bunch Of Flowers Sitting On Top,https://dy-us-playground.onrender.com/,1190.21,True,https://plus.unsplash.com/premium_photo-1678836292815-821271feac30?w=200,art|photography|nature,bunch|flowers|sitting|top|wooden|table,a bunch of flowers sitting on top of a wooden table,Monika Grabkowska
8X26CZ4WEOG9,G00189,White Purple And Yellow Stones,https://dy-us-playground.onrender.com/,485.55,False,https://images.unsplash.com/photo-1488867605300-0380106bc701?w=200,art|photography|nature,white|purple|yellow|stones,"white, purple, and yellow stones",Annie Spratt
CM6KC8NKNMDO,G00189,Aerial Photography Of Flowers At Daytime,https://dy-us-playground.onrender.com/,1981.27,True,https://images.unsplash.com/photo-1470240731273-7821a6eeb6bd?w=200,art|photography|nature,aerial|photography|flowers|at|daytime,aerial photography of flowers at daytime,Joel Holland
BQY9NXLK4GJ7,G00189,Orange Petaled Flowers,https://dy-us-playground.onrender.com/,883.83,True,https://images.unsplash.com/photo-1490750967868-88aa4486c946?w=200,art|photography|nature,orange|petaled|flowers,orange petaled flowers,Sergey Shmidt
6SFFPDVWZQ01,G00190,Pink And White Flowers Under White Sky,https://dy-us-playground.onrender.com/,583.29,False,https://images.unsplash.com/photo-1602615576820-ea14cf3e476a?w=200,art|photography|nature,pink|white|flowers|under|sky|during|daytime,pink and white flowers under white sky during daytime,TOMOKO UJI
C1BXTANKS9U9,G00299,A View Of A Mountain With Yellow,https://dy-us-playground.onrender.com/,1007.72,False,https://plus.unsplash.com/premium_photo-1674917070243-905c3bbf1576?w=200,art|photography|mountain,view|mountain|yellow|flowers|foreground,a view of a mountain with yellow flowers in the foreground,Ales Krivec
F8OFLTWITVKE,G00190,Selective Focus Photography Of Pink Petaled Flower,https://dy-us-playground.onrender.com/,1418.89,False,https://images.unsplash.com/photo-1522748906645-95d8adfd52c7?w=200,art|photography|nature,selective|focus|photography|pink|petaled|flower,selective focus photography of pink petaled flower,TOMOKO UJI
XYFLKZ4Y7DOW,G00190,Close Shot Of Yellow Flowers,https://dy-us-playground.onrender.com/,1374.09,False,https://images.unsplash.com/photo-1523766775147-152d0d6e2adb?w=200,art|photography|nature,close|shot|yellow|flowers,close shot of yellow flowers,Masaaki Komori
I59XWUJG22DM,G00190,Green Grass Field Sunset Scenery,https://dy-us-playground.onrender.com/,75.98,False,https://images.unsplash.com/photo-1560258018-c7db7645254e?w=200,art|photography|nature,green|grass|field|sunset|scenery,green grass field sunset scenery,Aniket Bhattacharya
D01DCOFPTQT4,G00190,Pink Flowers With White Background,https://dy-us-playground.onrender.com/,625.61,True,https://images.unsplash.com/photo-1602934585418-f588bea4215c?w=200,art|photography|nature,pink|flowers|white|background,pink flowers with white background,TOMOKO UJI
2181MGCHDE6K,G00190,Assorted Flowers,https://dy-us-playground.onrender.com/,1653.47,False,https://images.unsplash.com/photo-1518943701174-17e4aff936d4?w=200,art|photography|nature,assorted|flowers,assorted flowers,Anton Darius
XZZYIQG3VO2K,G00191,A Herd Of Sheep Standing On Top,https://dy-us-playground.onrender.com/,1034.0,True,https://plus.unsplash.com/premium_photo-1711217237364-827b31b57e92?w=200,art|photography|nature,herd|sheep|standing|top|lush|green|hillside,a herd of sheep standing on top of a lush green hillside,Planet Volumes
9P132INCU7QB,G00191,Sakura Tree In Bloom,https://dy-us-playground.onrender.com/,1715.65,False,https://images.unsplash.com/photo-1516205651411-aef33a44f7c2?w=200,art|photography|nature,sakura|tree|bloom,sakura tree in bloom,Meriç Dağlı
JKIZ21P7MM1L,G00191,Green Grass Field With Trees During Daytime,https://dy-us-playground.onrender.com/,489.53,False,https://images.unsplash.com/photo-1609669456419-a00d51aa0eec?w=200,art|photography|nature,green|grass|field|trees|during|daytime,green grass field with trees during daytime,Jan Huber
M87DL8JMID80,G00191,A Bunch Of Flowers That Are In,https://dy-us-playground.onrender.com/,1598.17,True,https://plus.unsplash.com/premium_photo-1690031000842-1ac0508f18b7?w=200,art|photography|nature,bunch|flowers|are|grass,a bunch of flowers that are in the grass,Elisabeth Jurenka
ZQ0R6MD4LV36,G00191,Pink And White Flowers In Tilt Shift,https://dy-us-playground.onrender.com/,1102.7,False,https://images.unsplash.com/photo-1608463026422-8f43ab4ebac0?w=200,art|photography|nature,pink|white|flowers|tilt|shift|lens,pink and white flowers in tilt shift lens,Foad Roshan
VV0ZMCVS5X9G,G00191,A Bunch Of Pink Flowers On A,https://dy-us-playground.onrender.com/,1281.9,False,https://plus.unsplash.com/premium_photo-1710011850786-85eb679110bb?w=200,art|photography|nature,bunch|pink|flowers|tree,a bunch of pink flowers on a tree,Alexander Mils
6DU6CWW7NNJU,G00192,Shallow Focus Photography Of White Flowers,https://dy-us-playground.onrender.com/,1303.43,False,https://images.unsplash.com/photo-1489919712052-23b74fe5bbf2?w=200,art|photography|nature,shallow|focus|photography|white|flowers,shallow focus photography of white flowers,Mila Young
5AQVV5E6BB6J,G00192,Assortedcolor Flowers,https://dy-us-playground.onrender.com/,43.13,True,https://images.unsplash.com/photo-1559150182-a7144f7628f9?w=200,art|photography|nature,assorted|color|flowers,assorted-color flowers,Yoksel 🌿 Zok
5TGLHCGUX1TO,G00299,A Field Of Wildflowers With Mountains In,https://dy-us-playground.onrender.com/,524.95,False,https://plus.unsplash.com/premium_photo-1675601671458-9dcf1753cacc?w=200,art|photography|mountain,field|wildflowers|mountains|background,a field of wildflowers with mountains in the background,Massimiliano Morosinotto
TT60WY2WY4X7,G00192,Closeup Photo Of Purple Petaled Flower,https://dy-us-playground.onrender.com/,200.57,True,https://images.unsplash.com/photo-1458941055256-4c1ba58abbc5?w=200,art|photography|nature,close|up|photo|purple|petaled|flower,close-up photo of purple petaled flower,Aaron Burden
PZ39KWAKERJ4,G00192,A Field Full Of White Flowers With,https://dy-us-playground.onrender.com/,1668.31,False,https://plus.unsplash.com/premium_photo-1667121496100-ca96e50fbb29?w=200,art|photography|nature,field|full|white|flowers|trees|background,a field full of white flowers with trees in the background,Ales Krivec
HL9VTVZ0VOAH,G00192,Yellow Flower Field During Sunset,https://dy-us-playground.onrender.com/,772.75,False,https://images.unsplash.com/photo-1590791771873-d8df9309aa8d?w=200,art|photography|nature,yellow|flower|field|during|sunset,yellow flower field during sunset,Robin Mathlener
TGSI7DYAKA6P,G00192,A Tree With A Swing Hanging From,https://dy-us-playground.onrender.com/,505.46,True,https://plus.unsplash.com/premium_photo-1667423049497-291580083466?w=200,art|photography|nature,tree|swing|hanging|it,a tree with a swing hanging from it,George C
VZQPFUE9D4GJ,G00193,Green Grass Field With Trees During Daytime,https://dy-us-playground.onrender.com/,779.41,False,https://images.unsplash.com/photo-1590273466070-40c466b4432d?w=200,art|photography|nature,green|grass|field|trees|during|daytime,green grass field with trees during daytime,Johannes Plenio
E5YY1EM1S972,G00193,A Lone Tree On Top Of A,https://dy-us-playground.onrender.com/,1805.41,True,https://plus.unsplash.com/premium_photo-1710197034930-e55ebfa7f6ac?w=200,art|photography|nature,lone|tree|top|grassy|hill,a lone tree on top of a grassy hill,Alex Shuper
3ZP6U12WI8Y1,G00193,White And Pink Flowers Under Blue Sky,https://dy-us-playground.onrender.com/,887.5,True,https://images.unsplash.com/photo-1603436262790-87a71fd759f9?w=200,art|photography|nature,white|pink|flowers|under|blue|sky|during|daytime,white and pink flowers under blue sky during daytime,yue su
2TNCABXZTB48,G00299,The Sun Is Setting Over A Mountain,https://dy-us-playground.onrender.com/,79.45,False,https://plus.unsplash.com/premium_photo-1674917000586-b7564f21540e?w=200,art|photography|mountain,sun|is|setting|over|mountain|wildflowers|foreground,the sun is setting over a mountain with wildflowers in the foreground,Ales Krivec
QOQK9E684GP9,G00193,Gray Concrete Road Top Between Green Trees,https://dy-us-playground.onrender.com/,1538.99,True,https://images.unsplash.com/photo-1420593248178-d88870618ca0?w=200,art|photography|nature,gray|concrete|road|top|between|green|trees,gray concrete road top between green trees,Studio Dekorasyon
50LZJTWEGSFE,G00193,Low Angle Of Pink Flowering Tree,https://dy-us-playground.onrender.com/,600.61,True,https://images.unsplash.com/photo-1462524500090-89443873e2b4?w=200,art|photography|nature,low|angle|pink|flowering|tree,low angle of pink flowering tree,Anders Jildén
L978R3NKRP0H,G00193,White And Pink Flowers On White Ceramic,https://dy-us-playground.onrender.com/,1515.28,True,https://images.unsplash.com/photo-1617140952698-08a287842fcb?w=200,art|photography|nature,white|pink|flowers|ceramic|teacup|table,white and pink flowers on white ceramic teacup on white table,Sixteen Miles Out
UCHOFHGTZ4WI,G00194,White Sheep Near The Brown Board,https://dy-us-playground.onrender.com/,591.89,True,https://images.unsplash.com/photo-1448227700746-d8eab5a1b9d7?w=200,art|photography|nature,white|sheep|near|brown|board,white sheep near the brown board,Rod Long
2FICP43HHVOJ,G00194,Pink And Yellow Tulips Field,https://dy-us-playground.onrender.com/,178.08,False,https://images.unsplash.com/photo-1602953589577-a7e91286f5ac?w=200,art|photography|nature,pink|yellow|tulips|field,pink and yellow tulips field,Maddie H.
5IDG1QUDQ79E,G00194,Photo Of Empty Park During Daytime,https://dy-us-playground.onrender.com/,1960.93,True,https://images.unsplash.com/photo-1519331379826-f10be5486c6f?w=200,art|photography|nature,photo|empty|park|during|daytime,photo of empty park during daytime,Mike Benna
K7SBLSNJ6YXW,G00367,Orange And Black Bird On Pink Flower,https://dy-us-playground.onrender.com/,267.84,False,https://images.unsplash.com/photo-1591094963109-7b8e84366d9f?w=200,animals|wildlife|birds|nature,orange|black|bird|pink|flower,orange and black bird on pink flower,Ray Hennessy
9MZY5NKT7FUB,G00194,A Painting Of A Field Of Grass,https://dy-us-playground.onrender.com/,215.06,False,https://plus.unsplash.com/premium_photo-1709431143193-b9a7c479d05f?w=200,art|photography|nature,painting|field|grass|flowers,a painting of a field of grass and flowers,Alex Shuper
EBH63TJLKK6H,G00194,Pink And White Rose Lot,https://dy-us-playground.onrender.com/,1038.72,False,https://images.unsplash.com/photo-1456415333674-42b11b9f5b7b?w=200,art|photography|nature,pink|white|rose|lot,pink and white rose lot,Gábor Juhász
JIHMJQ1J78W5,G00194,Close Up Photo Of Blue Petaled Flower,https://dy-us-playground.onrender.com/,1155.35,False,https://images.unsplash.com/photo-1520690214124-2405c5217036?w=200,art|photography|nature,close|up|photo|blue|petaled|flower,close up photo of blue petaled flower,TOMOKO UJI
80RS8TYHV54D,G00195,Purple Petaled Flower,https://dy-us-playground.onrender.com/,57.37,True,https://images.unsplash.com/photo-1431698194201-465e7d003539?w=200,art|photography|nature,purple|petaled|flower,purple petaled flower,Biegun Wschodni
VABUKB9MZ8ZD,G00195,Red Ladybug Perched On Yellow Flower In,https://dy-us-playground.onrender.com/,1306.25,False,https://images.unsplash.com/photo-1610910905930-cc7a23d3505d?w=200,art|photography|nature,red|ladybug|perched|yellow|flower|close|up|photography,red ladybug perched on yellow flower in close up photography during daytime,Tschernjawski Sergej
9HLKIHTCFN3H,G00195,A Boat Sitting On Top Of A,https://dy-us-playground.onrender.com/,1938.72,True,https://plus.unsplash.com/premium_photo-1711140054428-519118b18813?w=200,art|photography|nature,boat|sitting|top|lush|green|field,a boat sitting on top of a lush green field,Unsplash+ Community
7D5X56U4T3GL,G00195,Selective Focus Photo Of White Flowers,https://dy-us-playground.onrender.com/,1006.59,True,https://images.unsplash.com/photo-1556486941-203a90a452c0?w=200,art|photography|nature,selective|focus|photo|white|flowers,selective focus photo of white flowers,TOMOKO UJI
V2RZ79GI7744,G00195,Green Tree On Green Grass Field During,https://dy-us-playground.onrender.com/,1520.32,True,https://images.unsplash.com/photo-1590252497923-3c2b38e85d37?w=200,art|photography|nature,green|tree|grass|field|during|daytime,green tree on green grass field during daytime,Lukas Gächter
T5HLXCSVIJ2E,G00195,A Blurry Photo Of A Plant With,https://dy-us-playground.onrender.com/,1899.0,False,https://images.unsplash.com/photo-1623181392587-1d107a876150?w=200,art|photography|nature,blurry|photo|plant|background,a blurry photo of a plant with a blurry background,Moritz Lüdtke
CVCQM4T8RXVN,G00299,Yellow And Red Flowers On Green Grass,https://dy-us-playground.onrender.com/,1747.5,False,https://images.unsplash.com/photo-1615360866421-81bf0b730a84?w=200,art|photography|mountain,yellow|red|flowers|green|grass|field|near|mountain,yellow and red flowers on green grass field near mountain under blue sky during daytime,ryan serito
4NM7AQP1LC5N,G00196,Yellow And Red Tulip Flowers Under Hot,https://dy-us-playground.onrender.com/,1014.04,False,https://images.unsplash.com/photo-1544726368-8f4b5475a7e4?w=200,art|photography|nature,yellow|red|tulip|flowers|under|hot|air|balloons,yellow and red tulip flowers under hot air balloons,Cole Keister
STO6OYVOWQIJ,G00196,Pink Cherry Blossom Under Blue Sky During,https://dy-us-playground.onrender.com/,348.54,True,https://images.unsplash.com/photo-1615958354408-c15ad934a549?w=200,art|photography|nature,pink|cherry|blossom|under|blue|sky|during|daytime,pink cherry blossom under blue sky during daytime,Iewek Gnos
GA1VM3R1QBWN,G00196,Pink And White Petaled Flowers,https://dy-us-playground.onrender.com/,810.2,True,https://images.unsplash.com/photo-1555931156-73ca648e3c9c?w=200,art|photography|nature,pink|white|petaled|flowers,pink and white petaled flowers,TOMOKO UJI
USN9122H5X17,G00196,Pink Cherry Blossom In Close Up Photography,https://dy-us-playground.onrender.com/,1364.35,False,https://images.unsplash.com/photo-1584831748175-357027100c43?w=200,art|photography|nature,pink|cherry|blossom|close|up|photography,pink cherry blossom in close up photography,TOMOKO UJI
382Q2E04IW5Z,G00196,White Petaled Flowers,https://dy-us-playground.onrender.com/,417.14,False,https://images.unsplash.com/photo-1555143929-a40c91212992?w=200,art|photography|nature,white|petaled|flowers,white petaled flowers,Sid Sun
35CJGLP203DM,G00299,Tulip Field Under Forest,https://dy-us-playground.onrender.com/,1640.54,True,https://images.unsplash.com/photo-1429979787503-f2d7d20550c8?w=200,art|photography|forest,tulip|field|under|forest,tulip field under forest,Ales Krivec
JZCZH3AEG1CV,G00196,A Close Up Of A Flower With,https://dy-us-playground.onrender.com/,1520.33,True,https://plus.unsplash.com/premium_photo-1677560614396-416d97638016?w=200,art|photography|nature,close|up|flower|sky|background,a close up of a flower with a sky background,Summer Time
C6WBL61YUAC2,G00197,White Cherry Blossom Under Blue Sky During,https://dy-us-playground.onrender.com/,100.51,True,https://images.unsplash.com/photo-1585234839491-6d2fba9c0646?w=200,art|photography|nature,white|cherry|blossom|under|blue|sky|during|daytime,white cherry blossom under blue sky during daytime,Jessica Fadel
OK27G5VSFOCX,G00197,White Goat Beside Fence,https://dy-us-playground.onrender.com/,1600.1,False,https://images.unsplash.com/photo-1523281407698-d23331543d99?w=200,art|photography|nature,white|goat|beside|fence,white goat beside fence,Erik-Jan Leusink
48SA3J9II2VN,G00197,Shallow Focus Photography Of Tree With Pink,https://dy-us-playground.onrender.com/,1827.97,True,https://images.unsplash.com/photo-1523528283115-9bf9b1699245?w=200,art|photography|nature,shallow|focus|photography|tree|pink|flowers,shallow focus photography of tree with pink flowers,TOMOKO UJI
GUWISJ4FGN7E,G00197,Green Grass With Dew,https://dy-us-playground.onrender.com/,1809.53,True,https://images.unsplash.com/photo-1566155119454-2b581dd44c59?w=200,art|photography|nature,green|grass|dew,green grass with dew,Johannes Plenio
WAQAD4A4FSNF,G00197,Pink And White Flowers During Daytime,https://dy-us-playground.onrender.com/,1796.48,False,https://images.unsplash.com/photo-1587871892657-7127046531c1?w=200,art|photography|nature,pink|white|flowers|during|daytime,pink and white flowers during daytime,Yan Liu
9R1ALNA28SRA,G00197,Selective Focus Photography Of Purple Flower,https://dy-us-playground.onrender.com/,1449.81,True,https://images.unsplash.com/photo-1525328185020-b50a73fe2eb8?w=200,art|photography|nature,selective|focus|photography|purple|flower,selective focus photography of purple flower,Wilfried Santer
L0M4DP9OUJ7Q,G00198,Selective Focus Photography Of Yellow Petaled Flower,https://dy-us-playground.onrender.com/,313.74,False,https://images.unsplash.com/photo-1521327475465-c56627c81dce?w=200,art|photography|nature,selective|focus|photography|yellow|petaled|flower|at|daytime,selective focus photography of yellow petaled flower at daytime,Masaaki Komori
LBS5H1N0Q2IB,G00198,White Flower Buds In Tilt Shift Lens,https://dy-us-playground.onrender.com/,1519.84,True,https://images.unsplash.com/photo-1618139482617-2254e52c0d78?w=200,art|photography|nature,white|flower|buds|tilt|shift|lens,white flower buds in tilt shift lens,Yoksel 🌿 Zok
MM9LZHV3N7F4,G00198,Yellow Flower In Close Up Photography,https://dy-us-playground.onrender.com/,1745.1,False,https://images.unsplash.com/photo-1615780291330-202b539e2a5b?w=200,art|photography|nature,yellow|flower|close|up|photography,yellow flower in close up photography,Samantha Fortney
TKZ62D5U4PBI,G00198,Pink Cherry Blossom In Close Up Photography,https://dy-us-playground.onrender.com/,227.99,True,https://images.unsplash.com/photo-1615980251529-f31d82558bf1?w=200,art|photography|nature,pink|cherry|blossom|close|up|photography,pink cherry blossom in close up photography,TOMOKO UJI
BQSSTA5G2YR9,G00318,Wild Bengal Tiger In The Cave India,https://dy-us-playground.onrender.com/,163.42,False,https://plus.unsplash.com/premium_photo-1661847643150-4e06569d2ec1?w=200,animals|wildlife|big-cats|tigers|nature,wild|bengal|tiger|cave|india|bandhavgarh|national|park,Wild Bengal Tiger in the cave. India. Bandhavgarh National Park. Madhya Pradesh. An excellent illustration.,Getty Images
0K9PLH32Z5KC,G00318,Tiger On Brown Tree Log,https://dy-us-playground.onrender.com/,398.57,True,https://images.unsplash.com/photo-1615824996195-f780bba7cfab?w=200,animals|wildlife|big-cats|tigers|nature,tiger|brown|tree|log,tiger on brown tree log,Rishabh Pandoh
ZR0S0JRLK2NT,G00318,Brown And Black Tiger In Close Up,https://dy-us-playground.onrender.com/,1728.04,True,https://images.unsplash.com/photo-1605092676920-8ac5ae40c7c8?w=200,animals|wildlife|big-cats|tigers|nature,brown|black|tiger|close|up|photography,brown and black tiger in close up photography,Donnie Ray Crisp
PJA6UI6YV9RM,G00318,Brown And Black Tiger On Focus Photography,https://dy-us-playground.onrender.com/,1663.14,True,https://images.unsplash.com/photo-1549480017-d76466a4b7e8?w=200,animals|wildlife|big-cats|tigers|nature,brown|black|tiger|focus|photography,brown and black tiger on focus photography,A G
YU134N1O9ZRS,G00318,Tiger On Wood Slab,https://dy-us-playground.onrender.com/,480.91,False,https://images.unsplash.com/photo-1500463959177-e0869687df26?w=200,animals|wildlife|big-cats|tigers|nature,tiger|wood|slab,tiger on wood slab,Frida Lannerström
U6B6DH1214E1,G00319,Brown And Black Tiger Lying On Ground,https://dy-us-playground.onrender.com/,1756.85,False,https://images.unsplash.com/photo-1602491453631-e2a5ad90a131?w=200,animals|wildlife|big-cats|tigers|nature,brown|black|tiger|lying|ground,brown and black tiger lying on ground,Kar Ming Moo
XR4YOWGB63X4,G00319,Siberian Amur Tiger In A Jump Catches,https://dy-us-playground.onrender.com/,1927.64,False,https://plus.unsplash.com/premium_photo-1661963643193-8bedab8db800?w=200,animals|wildlife|big-cats|tigers|winter,siberian|amur|tiger|jump|catches|its|prey|very,Siberian (Amur) tiger in a jump catches its prey. Very dynamic shot. China. Harbin. Mudanjiang province. Hengdaohezi park. Siberian Tiger Park. Winter. Hard frost. (Panthera tgris altaica),Getty Images
0MFHK3TXX5V2,G00319,Tiger On Brown Grass During Daytime,https://dy-us-playground.onrender.com/,1828.0,True,https://images.unsplash.com/photo-1615474286632-e31ac3633d58?w=200,animals|wildlife|big-cats|tigers|nature,tiger|brown|grass|during|daytime,tiger on brown grass during daytime,Kartik Iyer
KF4OPBUBRWX3,G00319,Tiger In Forest,https://dy-us-playground.onrender.com/,1265.1,False,https://images.unsplash.com/photo-1537616930345-1d330ad3e0a9?w=200,animals|wildlife|big-cats|tigers|forest,tiger|forest,tiger in forest,Benjamin Raffetseder
6WINHLEI0I9E,G00319,Orange Tiger On Grey Concrete Flooring,https://dy-us-playground.onrender.com/,695.39,False,https://images.unsplash.com/photo-1477764250597-dffe9f601ae8?w=200,animals|wildlife|big-cats|tigers|nature,orange|tiger|grey|concrete|flooring,orange tiger on grey concrete flooring,Nick Karvounis
68CYE25OFV80,G00309,Photography Of Lion,https://dy-us-playground.onrender.com/,35.44,True,https://images.unsplash.com/photo-1454023492550-5696f8ff10e1?w=200,animals|wildlife|big-cats|lions|nature,photography|lion,photography of lion,Jessica Weiller
FYC3URGYRWFF,G00319,A Tiger With Its Tongue Out,https://dy-us-playground.onrender.com/,1562.42,True,https://plus.unsplash.com/premium_photo-1669725687150-15c603ac6a73?w=200,animals|wildlife|big-cats|tigers|nature,tiger|its|tongue|out,a tiger with its tongue out,Pierre Lemos
9IMDN5AH45DN,G00320,A Close Up Of A Tiger Looking,https://dy-us-playground.onrender.com/,123.76,True,https://plus.unsplash.com/premium_photo-1664304407166-c6ae8337864f?w=200,animals|wildlife|big-cats|tigers|nature,close|up|tiger|looking|at|camera,a close up of a tiger looking at the camera,Getty Images
MGH2T5XTT87X,G00320,Tiger On Brown Tree Branch During Daytime,https://dy-us-playground.onrender.com/,1222.16,False,https://images.unsplash.com/photo-1582481960493-26179ea458e0?w=200,animals|wildlife|big-cats|tigers|nature,tiger|brown|tree|branch|during|daytime,tiger on brown tree branch during daytime,Clovis Wood
VO0HG7FQLWK7,G00320,A Close Up Of A Tigers Face,https://dy-us-playground.onrender.com/,1137.02,True,https://images.unsplash.com/photo-1640957507202-6e5ad7cd3365?w=200,animals|wildlife|big-cats|tigers|nature,close|up|tiger|s|face|blurry|background,a close up of a tiger's face with a blurry background,Sascha Bosshard
BE2J4B8Z7WNK,G00320,A Close Up Of A Tiger Laying,https://dy-us-playground.onrender.com/,1536.04,False,https://plus.unsplash.com/premium_photo-1664302788765-6de1e3b0e80b?w=200,animals|wildlife|big-cats|tigers|nature,close|up|tiger|laying|bed,a close up of a tiger laying on a bed,Getty Images
SHPM2WCGGVK5,G00320,Brown White And Black Tiger,https://dy-us-playground.onrender.com/,141.25,False,https://images.unsplash.com/photo-1619475762212-da12e5e15f18?w=200,animals|wildlife|big-cats|tigers|nature,brown|white|black|tiger,brown white and black tiger,Mohamed Elsayed
BNQW2GX4DVBD,G00320,Tiger Lying On Ground Near Green Leaves,https://dy-us-playground.onrender.com/,1234.49,False,https://images.unsplash.com/photo-1602612639468-cd507b1cada9?w=200,animals|wildlife|big-cats|tigers|nature,tiger|lying|ground|near|green|leaves|during|daytime,tiger lying on ground near green leaves during daytime,Waldemar Brandt
UUC1SZMH0EO5,G00321,Brown And White Tiger Lying On Ground,https://dy-us-playground.onrender.com/,975.98,False,https://images.unsplash.com/photo-1616869736815-3362745ab32d?w=200,animals|wildlife|big-cats|tigers|nature,brown|white|tiger|lying|ground,brown and white tiger lying on ground,Janosch Diggelmann
J8BXY0RPGGLH,G00321,Two Orange And Black Tigers,https://dy-us-playground.onrender.com/,1440.93,True,https://images.unsplash.com/photo-1573408465828-9425dbcecda4?w=200,animals|wildlife|big-cats|tigers|nature,two|orange|black|tigers,two orange and black tigers,Nathalie ANDRE
201LVE9J3XY0,G00321,Tiger Walking On Brown Grass,https://dy-us-playground.onrender.com/,1295.8,False,https://images.unsplash.com/photo-1617977505056-f5ea2633eda5?w=200,animals|wildlife|big-cats|tigers|nature,tiger|walking|brown|grass,tiger walking on brown grass,Kartik Iyer
4JO9SPLUQNA5,G00321,Tiger,https://dy-us-playground.onrender.com/,587.44,False,https://images.unsplash.com/photo-1501705388883-4ed8a543392c?w=200,animals|wildlife|big-cats|tigers|nature,tiger,tiger,Frida Lannerström
7XGV7BSAMCFI,G00321,A Close Up Of A Tiger Looking,https://dy-us-playground.onrender.com/,1934.82,False,https://images.unsplash.com/photo-1570250363652-0d8340128223?w=200,animals|wildlife|big-cats|tigers|nature,close|up|tiger|looking|at|camera,a close up of a tiger looking at the camera,mana5280
O6P0QKGGFMYE,G00321,A Tiger Walking On A Dirt Road,https://dy-us-playground.onrender.com/,1114.65,True,https://images.unsplash.com/photo-1665129967399-f28a228d064e?w=200,animals|wildlife|big-cats|tigers|nature,tiger|walking|dirt|road,a tiger walking on a dirt road,UPASANA SAIGAL
0VHL03JIIS5M,G00322,A Tiger Walking Across A Dirt Field,https://dy-us-playground.onrender.com/,1738.6,False,https://plus.unsplash.com/premium_photo-1707554248739-0476b49c9055?w=200,animals|wildlife|big-cats|tigers|nature,tiger|walking|across|dirt|field|next|to|tree,a tiger walking across a dirt field next to a tree,Abhijit Sinha
8ONOVM1RSUAU,G00322,A White Tiger Standing Next To A,https://dy-us-playground.onrender.com/,1687.32,False,https://images.unsplash.com/photo-1642922050395-8a8cd336cfa2?w=200,animals|wildlife|big-cats|tigers|nature,white|tiger|standing|next|to|tree,a white tiger standing next to a tree,Peter van der Vaart
RR3B4TVFA1SP,G00322,Tigers Fighting On Swamp,https://dy-us-playground.onrender.com/,1756.44,False,https://images.unsplash.com/photo-1500635523027-2f05e513f066?w=200,animals|wildlife|big-cats|tigers|nature,tigers|fighting|swamp,tigers fighting on swamp,Frida Lannerström
CV6G8X5TJGJN,G00322,A Close Up Of A Tigers Face,https://dy-us-playground.onrender.com/,896.29,True,https://images.unsplash.com/photo-1730014392438-317437a03007?w=200,animals|wildlife|big-cats|tigers|night,close|up|tiger|s|face|dark,A close up of a tiger's face in the dark,Harshit Suryawanshi
IL8H1PV861QF,G00322,Selective Focus Of Tiger Laying On Ground,https://dy-us-playground.onrender.com/,1958.82,True,https://images.unsplash.com/photo-1500467525088-aafe28c0a95e?w=200,animals|wildlife|big-cats|tigers|nature,selective|focus|tiger|laying|ground,selective focus of tiger laying on ground,Frida Lannerström
KO91E9GRIBJQ,G00322,Bengal Tiger Lying Under Tree,https://dy-us-playground.onrender.com/,59.46,True,https://images.unsplash.com/photo-1553054366-ebbf4296eb32?w=200,animals|wildlife|big-cats|tigers|nature,bengal|tiger|lying|under|tree,Bengal tiger lying under tree,Javier Virues-Ortega
LLKMOWVX4I9V,G00323,Adult Tiger On Water,https://dy-us-playground.onrender.com/,154.99,False,https://images.unsplash.com/photo-1538044748760-9a9be5de3a17?w=200,animals|wildlife|big-cats|tigers|nature,adult|tiger|water,adult tiger on water,Pamela Chávez
MRRJEVDTFWWD,G00323,Photograph Of Sleeping Tiger,https://dy-us-playground.onrender.com/,1315.61,True,https://images.unsplash.com/photo-1430876988766-1be68caef0e4?w=200,animals|wildlife|big-cats|tigers|nature,photograph|sleeping|tiger,photograph of sleeping tiger,Edewaa Foster
XH8WMTZZRXJL,G00323,Tiger On Grass Field During Daytime,https://dy-us-playground.onrender.com/,1988.75,True,https://images.unsplash.com/photo-1506108928571-9f4b11ba3f10?w=200,animals|wildlife|big-cats|tigers|nature,tiger|grass|field|during|daytime,tiger on grass field during daytime,Vincent van Zalinge
JAVHRBZLZ3UC,G00323,Stunning Portrait Of Tiger Panthera Tigris Walking,https://dy-us-playground.onrender.com/,772.74,False,https://plus.unsplash.com/premium_photo-1664297529636-fd2d05964a1e?w=200,animals|wildlife|big-cats|tigers|nature,stunning|portrait|tiger|panthera|tigris|walking|through|long,Stunning portrait of tiger Panthera Tigris walking through long grass in vibrant landscape,Getty Images
TG4FC418D8X8,G00323,Tiger Lying On Brown Log,https://dy-us-playground.onrender.com/,634.8,False,https://images.unsplash.com/photo-1631103876222-8f8ed3a1a747?w=200,animals|wildlife|big-cats|tigers|nature,tiger|lying|brown|log,tiger lying on brown log,Jennifer Ermler
ONAYYAWXLWXF,G00323,A Close Up Of A Tigers Face,https://dy-us-playground.onrender.com/,158.35,False,https://plus.unsplash.com/premium_photo-1664302786377-617783535928?w=200,animals|wildlife|big-cats|tigers|nature,close|up|tiger|s|face|blurry|background,a close up of a tiger's face with a blurry background,Getty Images
UVCVLD5U6WPU,G00324,Brown Tiger,https://dy-us-playground.onrender.com/,350.56,True,https://images.unsplash.com/photo-1569502166343-cf6039a40c9e?w=200,animals|wildlife|big-cats|tigers|nature,brown|tiger,brown tiger,Kevin Woblick
MVMTVZJ3VEC0,G00324,A Close Up Of A Tiger With,https://dy-us-playground.onrender.com/,582.84,True,https://images.unsplash.com/photo-1704852154492-baad4710252e?w=200,animals|wildlife|big-cats|tigers|nature,close|up|tiger|trees|background,a close up of a tiger with trees in the background,Jack McCracken
1L34BRP43JGM,G00324,A Black And White Photo Of A,https://dy-us-playground.onrender.com/,650.86,True,https://images.unsplash.com/photo-1724441716992-b36c420bb834?w=200,animals|wildlife|big-cats|tigers|nature,black|white|photo|tiger|s|face,A black and white photo of a tiger's face,Lambert Huang
Z4U357WO7PHK,G00324,Photo Of Tigers Face,https://dy-us-playground.onrender.com/,1833.61,False,https://images.unsplash.com/photo-1488793207478-ff0892419e30?w=200,animals|wildlife|big-cats|tigers|nature,photo|tiger|s|face,photo of tiger's face,Ian Robinson
AL9UEOTAVKHG,G00324,A Close Up Of A Tiger On,https://dy-us-playground.onrender.com/,1356.0,False,https://images.unsplash.com/photo-1726688355874-9307de791844?w=200,animals|wildlife|big-cats|tigers|nature,close|up|tiger|dirt|road,A close up of a tiger on a dirt road,Lambert Huang
37TB4GL7FP6K,G00324,A Tiger Laying In The Grass Looking,https://dy-us-playground.onrender.com/,1384.58,True,https://images.unsplash.com/photo-1686648420191-3a4d35073fd6?w=200,animals|wildlife|big-cats|tigers|nature,tiger|laying|grass|looking|at|camera,a tiger laying in the grass looking at the camera,Rob Potter
QHZZYDU3QEFB,G00325,Brown And Black Tiger Lying On Green,https://dy-us-playground.onrender.com/,1352.34,False,https://images.unsplash.com/photo-1452001603782-7d4e7d931173?w=200,animals|wildlife|big-cats|tigers|nature,brown|black|tiger|lying|green|grass|during|daytime,brown and black tiger lying on green grass during daytime,Jack Merlin
BUAQ1W8KD3WX,G00325,Tiger On Brown Wooden Log,https://dy-us-playground.onrender.com/,107.25,False,https://images.unsplash.com/photo-1615824995796-bf09f4f769bc?w=200,animals|wildlife|big-cats|tigers|nature,tiger|brown|wooden|log,tiger on brown wooden log,Rishabh Pandoh
FVF96KU8GXVD,G00325,A Tiger Swimming In A Body Of,https://dy-us-playground.onrender.com/,1510.37,False,https://plus.unsplash.com/premium_photo-1664304303312-cd64539938f4?w=200,animals|wildlife|big-cats|tigers|nature,tiger|swimming|body|water,a tiger swimming in a body of water,Getty Images
QFA222EOHEBX,G00325,Brown Tiger Lying On Brown Surface,https://dy-us-playground.onrender.com/,1887.96,False,https://images.unsplash.com/photo-1553458255-dad2179d0be0?w=200,animals|wildlife|big-cats|tigers|nature,brown|tiger|lying|surface,brown tiger lying on brown surface,Dušan veverkolog
3CFBP8EPVHOH,G00325,Tiger On Brown Grass During Daytime,https://dy-us-playground.onrender.com/,768.17,False,https://images.unsplash.com/photo-1615551298862-0795063e3f1e?w=200,animals|wildlife|big-cats|tigers|nature,tiger|brown|grass|during|daytime,tiger on brown grass during daytime,Kartik Iyer
R7O2JTURQQQ5,G00325,Tiger Lying On Gray Concrete Floor During,https://dy-us-playground.onrender.com/,1916.0,False,https://images.unsplash.com/photo-1598214325784-4b28e27e64e9?w=200,animals|wildlife|big-cats|tigers|nature,tiger|lying|gray|concrete|floor|during|daytime,tiger lying on gray concrete floor during daytime,Simon Infanger
YG4OQM7LAP5Q,G00326,A Tiger Drinking Water From A Small,https://dy-us-playground.onrender.com/,1126.34,False,https://plus.unsplash.com/premium_photo-1719922590335-c90c33ab7511?w=200,animals|wildlife|big-cats|tigers|nature,tiger|drinking|water|small|pond,A tiger drinking water from a small pond,Abhijit Sinha
A1YYUCXV4C4I,G00326,Shallow Focus Of Tiger Beside Green Leafed,https://dy-us-playground.onrender.com/,1083.0,False,https://images.unsplash.com/photo-1545462616-efed1939219f?w=200,animals|wildlife|big-cats|tigers|nature,shallow|focus|tiger|beside|green|leafed|plant,shallow focus of tiger beside green leafed plant,Rick L
K424XPGZ9KFN,G00326,Tiger On Green Grass During Daytime,https://dy-us-playground.onrender.com/,577.7,True,https://images.unsplash.com/photo-1582481960288-15af1960f22b?w=200,animals|wildlife|big-cats|tigers|nature,tiger|green|grass|during|daytime,tiger on green grass during daytime,Clovis Wood
FD1RUZKG437U,G00326,A Tiger Walking Across A Dirt Road,https://dy-us-playground.onrender.com/,1498.69,False,https://plus.unsplash.com/premium_photo-1719922537914-526b2802c367?w=200,animals|wildlife|big-cats|tigers|nature,tiger|walking|across|dirt|road,A tiger walking across a dirt road,Abhijit Sinha
7HU3709F4URX,G00326,Tiger Lying On Tree Branch During Daytime,https://dy-us-playground.onrender.com/,968.47,True,https://images.unsplash.com/photo-1580069329146-95c480a26866?w=200,animals|wildlife|big-cats|tigers|nature,tiger|lying|tree|branch|during|daytime,tiger lying on tree branch during daytime,George Gillams
HW0FEZE2J197,G00326,Tiger Walking From The Pool,https://dy-us-playground.onrender.com/,971.68,True,https://images.unsplash.com/photo-1534093476607-768e70444514?w=200,animals|wildlife|big-cats|tigers|nature,tiger|walking|pool,tiger walking from the pool,Humphrey M
VJUCM8PASB5S,G00327,Brown And Black Tiger Walking On Brown,https://dy-us-playground.onrender.com/,985.97,False,https://images.unsplash.com/photo-1600094329158-324f92d960cb?w=200,animals|wildlife|big-cats|tigers|nature,brown|black|tiger|walking|concrete|floor,brown and black tiger walking on brown concrete floor,Samuele Giglio
IYY78ZMCDGF4,G00198,A Close Up Of A Animal Print,https://dy-us-playground.onrender.com/,1571.22,False,https://plus.unsplash.com/premium_photo-1673469105043-0fb8dc36f286?w=200,art|photography|nature,close|up|animal|print|fabric,a close up of a animal print fabric,Blake Cheek
F4Z2J85KXLTI,G00327,Brown Tiger Lying On Ground During Daytime,https://dy-us-playground.onrender.com/,1344.11,True,https://images.unsplash.com/photo-1572793801847-ea40dd2c1b17?w=200,animals|wildlife|big-cats|tigers|nature,brown|tiger|lying|ground|during|daytime,brown tiger lying on ground during daytime,Waldemar Brandt
NFLRSDKJ5JWM,G00327,A Tiger Walking Through A Lush Green,https://dy-us-playground.onrender.com/,655.48,True,https://images.unsplash.com/photo-1730014392621-10de7b9bc20f?w=200,animals|wildlife|big-cats|tigers|forest,tiger|walking|through|lush|green|forest,A tiger walking through a lush green forest,Harshit Suryawanshi
GS9AOMZ0KOMK,G00327,A Close Up Of A Tiger Laying,https://dy-us-playground.onrender.com/,1163.14,True,https://images.unsplash.com/photo-1731434973372-9fb110557044?w=200,animals|wildlife|big-cats|tigers|nature,close|up|tiger|laying|ground,A close up of a tiger laying on the ground,Chad Montgomery
BOA6BP9FI94L,G00327,Brown And White Tiger On Black Background,https://dy-us-playground.onrender.com/,1392.67,True,https://images.unsplash.com/photo-1590767413066-12029959a235?w=200,animals|wildlife|big-cats|tigers|nature,brown|white|tiger|black|background,brown and white tiger on black background,Efe Yağız Soysal
VSNDSPJ290EV,G00327,White Tiger On Water During Daytime,https://dy-us-playground.onrender.com/,17.83,True,https://images.unsplash.com/photo-1612975631838-719497229ee4?w=200,animals|wildlife|big-cats|tigers|nature,white|tiger|water|during|daytime,white tiger on water during daytime,Alicia Chong
697D05GAMHST,G00328,White Tiger Standing On Grey Stone,https://dy-us-playground.onrender.com/,12.45,False,https://images.unsplash.com/photo-1507318584470-a67407ebe29a?w=200,animals|wildlife|big-cats|tigers|nature,white|tiger|standing|grey|stone,white tiger standing on grey stone,Wayne Chan
XKX49ZQ473CN,G00328,Bengal Tiger Sitting On Dock,https://dy-us-playground.onrender.com/,866.78,False,https://images.unsplash.com/photo-1533878708770-661615198fb5?w=200,animals|wildlife|big-cats|tigers|nature,bengal|tiger|sitting|dock,bengal tiger sitting on dock,Briana Graham
6LJB9EY58541,G00328,A Close Up Of A Tiger Looking,https://dy-us-playground.onrender.com/,434.77,False,https://images.unsplash.com/photo-1641761890509-f0e666327dfb?w=200,animals|wildlife|big-cats|tigers|nature,close|up|tiger|looking|at|camera,a close up of a tiger looking at the camera,Gidon Wessner
R6803ZIPDQRQ,G00328,Tiger With Black Background,https://dy-us-playground.onrender.com/,82.44,False,https://images.unsplash.com/photo-1518799551598-7589ab033840?w=200,animals|wildlife|big-cats|tigers|nature,tiger|black|background,tiger with black background,Vlad Tchompalov
TGXM1BGFG4N3,G00328,A Tiger Walking On A Rock,https://dy-us-playground.onrender.com/,1974.59,True,https://images.unsplash.com/photo-1656926011586-ab33a00b9d4d?w=200,animals|wildlife|big-cats|tigers|nature,tiger|walking|rock,a tiger walking on a rock,Luis
VRZ32UARC02F,G00328,Brown White And Black Tiger,https://dy-us-playground.onrender.com/,178.19,True,https://images.unsplash.com/photo-1603123495144-59fa702e8dd0?w=200,animals|wildlife|big-cats|tigers|nature,brown|white|black|tiger,brown white and black tiger,Jeff Meigs
AP8XBHXKD8A7,G00329,A Tiger Lying On A Rock,https://dy-us-playground.onrender.com/,1078.94,True,https://images.unsplash.com/photo-1651464524587-e35be1f9b4cc?w=200,animals|wildlife|big-cats|tigers|nature,tiger|lying|rock,a tiger lying on a rock,Amanpreet Deol
J1IOVHLE5BZB,G00329,Brown And Black Tiger Lying On Ground,https://dy-us-playground.onrender.com/,1370.85,True,https://images.unsplash.com/photo-1628194702552-681690c48a80?w=200,animals|wildlife|big-cats|tigers|nature,brown|black|tiger|lying|ground|beside|green|leaves,brown and black tiger lying on ground beside green leaves during daytime,Rohan Rangaswami
NHFAOZFJKP9U,G00329,A Picture Of A Tiger With Its,https://dy-us-playground.onrender.com/,1094.4,False,https://plus.unsplash.com/premium_photo-1723107367857-45d09dd7a7d3?w=200,animals|wildlife|big-cats|tigers|nature,picture|tiger|its|mouth|open,A picture of a tiger with its mouth open,Zyanya Citlalli
CLQIBNIC3ZMV,G00329,A Tiger Walking Through A Forest On,https://dy-us-playground.onrender.com/,1014.96,False,https://images.unsplash.com/photo-1698382439843-ca033a6079c0?w=200,animals|wildlife|big-cats|tigers|forest,tiger|walking|through|forest|foggy|day,a tiger walking through a forest on a foggy day,Touann Gatouillat Vergos
7N7I9MZPLAJD,G00309,A Male Lion In Chobe National Park,https://dy-us-playground.onrender.com/,1037.56,False,https://plus.unsplash.com/premium_photo-1661900471228-f99877bcbef9?w=200,animals|wildlife|big-cats|lions|nature,male|lion|chobe|national|park|botswana,"A male lion in Chobe National Park, Botswana.",Getty Images
S6DSYYJIPVK4,G00329,Tiger Lying On Green Grass During Daytime,https://dy-us-playground.onrender.com/,1882.83,True,https://images.unsplash.com/photo-1623494344194-e6e9462ef944?w=200,animals|wildlife|big-cats|tigers|nature,tiger|lying|green|grass|during|daytime,tiger lying on green grass during daytime,Subhadeep Dishant
TN5TN3AAMZEG,G00329,A Statue Of A Tiger Sitting On,https://dy-us-playground.onrender.com/,637.04,False,https://plus.unsplash.com/premium_photo-1724883682264-ab7af3ca09ae?w=200,animals|wildlife|big-cats|tigers|nature,statue|tiger|sitting|top|rock,A statue of a tiger sitting on top of a rock,Planet Volumes
HUOCZSTYYFZM,G00330,Closeup Photography Of Tiger,https://dy-us-playground.onrender.com/,1990.9,False,https://images.unsplash.com/photo-1567601858514-da7c3584ff04?w=200,animals|wildlife|big-cats|tigers|nature,close|up|photography|tiger,close-up photography of tiger,Keyur Nandaniya
QHCC3PWTTQX0,G00330,Brown And Black Tiger Lying On Brown,https://dy-us-playground.onrender.com/,1505.77,True,https://images.unsplash.com/photo-1578181021677-a7d5c906b087?w=200,animals|wildlife|big-cats|tigers|nature,brown|black|tiger|lying|grass,brown and black tiger lying on brown grass,mana5280
M2PSC1GV9SON,G00330,A Tiger With Its Mouth Open,https://dy-us-playground.onrender.com/,1957.48,True,https://images.unsplash.com/photo-1648712553154-04e475e60183?w=200,animals|wildlife|big-cats|tigers|nature,tiger|its|mouth|open,a tiger with its mouth open,Tarryn Grignet
5DNVL2IM3HHL,G00330,Tiger Lying On Brown Rock,https://dy-us-playground.onrender.com/,1885.1,False,https://images.unsplash.com/photo-1587219408895-24918d2b78af?w=200,animals|wildlife|big-cats|tigers|nature,tiger|lying|brown|rock,tiger lying on brown rock,Sreehari Devadas
HQRTTZLJEP49,G00330,A Painting Of A Tiger And A,https://dy-us-playground.onrender.com/,211.39,True,https://plus.unsplash.com/premium_photo-1724314652701-2e9de1099eba?w=200,animals|wildlife|big-cats|tigers|mountain,painting|tiger|cub|mountain|landscape,A painting of a tiger and a tiger cub in a mountain landscape,YASA Design Studio
EXGN7HYLM8N0,G00330,A Couple Of Tigers Standing Next To,https://dy-us-playground.onrender.com/,613.61,True,https://images.unsplash.com/photo-1701368533954-f0dc06ebfbed?w=200,animals|wildlife|big-cats|tigers|nature,couple|tigers|standing|next|to|body|water,a couple of tigers standing next to a body of water,Debjoy Biswas
0VZZGY1OK5X3,G00331,Brown Tiger Standing Near Tree Branch,https://dy-us-playground.onrender.com/,471.22,False,https://images.unsplash.com/photo-1548184062-8ec2ca93a26c?w=200,animals|wildlife|big-cats|tigers|nature,brown|tiger|standing|near|tree|branch,brown tiger standing near tree branch,Waldemar Brandt
49P25FMT9GTS,G00331,A Tiger Walking Across A Dirt Field,https://dy-us-playground.onrender.com/,951.43,True,https://images.unsplash.com/photo-1648848788577-3db3250a113e?w=200,animals|wildlife|big-cats|tigers|nature,tiger|walking|across|dirt|field|next|to|fence,a tiger walking across a dirt field next to a fence,Ahmed Zalabany
K1ICVCGKTL1S,G00331,Tiger Walking On Brown Grass During Daytime,https://dy-us-playground.onrender.com/,1245.72,True,https://images.unsplash.com/photo-1615474610086-43a943cb4dc5?w=200,animals|wildlife|big-cats|tigers|nature,tiger|walking|brown|grass|during|daytime,tiger walking on brown grass during daytime,Kartik Iyer
BWRMNNDDQ5NZ,G00309,A Lion Standing On Top Of A,https://dy-us-playground.onrender.com/,1792.61,True,https://plus.unsplash.com/premium_photo-1664302698754-14128c74d56d?w=200,animals|wildlife|big-cats|lions|nature,lion|standing|top|grass|covered|field,a lion standing on top of a grass covered field,Getty Images
EE6HKHUK88LO,G00198,Adult Jaguar Lying On Stone,https://dy-us-playground.onrender.com/,4.86,False,https://images.unsplash.com/photo-1571070201382-a45dd17e17e2?w=200,art|photography|nature,adult|jaguar|lying|stone,adult jaguar lying on stone,Mohamed Jamil Latrach
6A453X3QJ1TE,G00199,A Small Kitten Sitting On A Stone,https://dy-us-playground.onrender.com/,189.31,False,https://plus.unsplash.com/premium_photo-1667099522743-6b233d408465?w=200,art|photography|nature,small|kitten|sitting|stone|step,a small kitten sitting on a stone step,Levi Meir Clancy
G38LV8KJDH95,G00331,Brown And Black Tiger Walking On Green,https://dy-us-playground.onrender.com/,1084.91,True,https://images.unsplash.com/photo-1548091680-6ba453318d61?w=200,animals|wildlife|big-cats|tigers|nature,brown|black|tiger|walking|green|grass,brown and black tiger walking on green grass,Stephanie LeBlanc
MGPZNXCOANP8,G00331,Stunning Portrait Image Of Hybrid White Tiger,https://dy-us-playground.onrender.com/,341.46,False,https://plus.unsplash.com/premium_photo-1661959833633-dca39426d5e0?w=200,animals|wildlife|big-cats|tigers|nature,stunning|portrait|image|hybrid|white|tiger|panthera|tigris,Stunning portrait image of hybrid white tiger Panthera Tigris in vibrant landscape and foliage,Getty Images
RYMJ5XBZE8UN,G00331,Brown And Black Tiger On Gray Ground,https://dy-us-playground.onrender.com/,1280.54,False,https://images.unsplash.com/photo-1589959116874-6216d692f81c?w=200,animals|wildlife|big-cats|tigers|nature,brown|black|tiger|gray|ground,brown and black tiger on gray ground,Tirza van Dijk
2NVV40XRKSY2,G00332,Stunning Portrait Image Of Hybrid White Tiger,https://dy-us-playground.onrender.com/,25.16,True,https://plus.unsplash.com/premium_photo-1661944203163-0dff84493df8?w=200,animals|wildlife|big-cats|tigers|nature,stunning|portrait|image|hybrid|white|tiger|panthera|tigris,Stunning portrait image of hybrid white tiger Panthera Tigris in vibrant landscape and foliage,Getty Images
ZO6BMOI2OE2Z,G00332,A Black And White Photo Of A,https://dy-us-playground.onrender.com/,270.76,True,https://images.unsplash.com/photo-1718052275067-47d733c47cec?w=200,animals|wildlife|big-cats|tigers|nature,black|white|photo|tiger|s|face,a black and white photo of a tiger's face,Michael van Gorkum
H4B5D7GGEKLY,G00332,Closeup Photography Of Bengal Tiger,https://dy-us-playground.onrender.com/,1606.41,True,https://images.unsplash.com/photo-1506779946949-49847699b34b?w=200,animals|wildlife|big-cats|tigers|nature,closeup|photography|bengal|tiger,closeup photography of bengal tiger,Vish K
08HN6SER38HX,G00332,A White Tiger Laying Down In The,https://dy-us-playground.onrender.com/,1141.53,True,https://plus.unsplash.com/premium_photo-1664302776810-695a0cb3f8fc?w=200,animals|wildlife|big-cats|tigers|nature,white|tiger|laying|down|grass,a white tiger laying down in the grass,Getty Images
XPIDRJ1VYUXQ,G00332,A Tiger Lying In The Dirt,https://dy-us-playground.onrender.com/,1600.75,True,https://images.unsplash.com/photo-1661222039249-02101c490c67?w=200,animals|wildlife|big-cats|tigers|nature,tiger|lying|dirt,a tiger lying in the dirt,Rohit Varma
2HS4CZCQDFPG,G00300,Singapore Zoo Singapore Siamangs Are The Largest,https://dy-us-playground.onrender.com/,937.7,False,https://plus.unsplash.com/premium_photo-1664304364184-82baeb977fd0?w=200,art|photography|forest,singapore|zoo|siamangs|are|largest|species|gibbon,"Singapore Zoo, Singapore. Siamangs are the largest species of gibbon, growing to heights of 75-90cm (30-35in). Their nature distribution is in Malaysia and Sumatra where they live in mountain forests. They are sociable animals, living in family groups.",Getty Images
3BNECGVS3K0N,G00332,Roaring Tiger Inside Zoo During Daytime,https://dy-us-playground.onrender.com/,151.64,True,https://images.unsplash.com/photo-1417721885406-d31aee8c2a79?w=200,animals|wildlife|big-cats|tigers|nature,roaring|tiger|inside|zoo|during|daytime,roaring tiger inside zoo during daytime,Paula Borowska
B2OH43TM7A5Y,G00309,A Male Lion With Blood On His,https://dy-us-playground.onrender.com/,778.41,False,https://plus.unsplash.com/premium_photo-1661910493936-448dea346d18?w=200,animals|wildlife|big-cats|lions|nature,male|lion|blood|his|mane|etosha|national|park,"A male lion with blood on his mane in Etosha National Park, Namibia.",Getty Images
UPU8B2ZOHIFJ,G00333,A Tiger Laying In The Grass Near,https://dy-us-playground.onrender.com/,1534.69,True,https://images.unsplash.com/photo-1680101299294-16cf58043cf0?w=200,animals|wildlife|big-cats|tigers|nature,tiger|laying|grass|near|some|trees,a tiger laying in the grass near some trees,Matt Benson
21SNKXV57UFR,G00333,A Tiger Is Running Through A Field,https://dy-us-playground.onrender.com/,1120.21,False,https://plus.unsplash.com/premium_photo-1723107368075-d1dd3f455cf2?w=200,animals|wildlife|big-cats|tigers|nature,tiger|is|running|through|field|trees,A tiger is running through a field of trees,Zyanya Citlalli
9KKGR4B0X1OM,G00333,Three Tigers Lying On Brown Sand Ay,https://dy-us-playground.onrender.com/,876.28,False,https://images.unsplash.com/photo-1496222994535-5f1f76905ea4?w=200,animals|wildlife|big-cats|tigers|nature,three|tigers|lying|brown|sand|ay|daytime,three tigers lying on brown sand ay daytime,Syna Tiger Resort
C6RKPDGQXA3R,G00333,White And Black Tiger Lying On Ground,https://dy-us-playground.onrender.com/,1572.84,False,https://images.unsplash.com/photo-1586959140245-62ae66f20b75?w=200,animals|wildlife|big-cats|tigers|nature,white|black|tiger|lying|ground,white and black tiger lying on ground,Dan Dennis
ILXYR5LVBO9C,G00333,Brown And Black Tiger Lying On Ground,https://dy-us-playground.onrender.com/,21.41,True,https://images.unsplash.com/photo-1601442980618-3bd859532b8a?w=200,animals|wildlife|big-cats|tigers|nature,brown|black|tiger|lying|ground,brown and black tiger lying on ground,Prakhar Priyraj
MD5IKSCKQAVV,G00333,Brown Tiger Lying On Gray Rock During,https://dy-us-playground.onrender.com/,431.32,False,https://images.unsplash.com/photo-1611364061471-d375d667a6ce?w=200,animals|wildlife|big-cats|tigers|nature,brown|tiger|lying|gray|rock|during|daytime,brown tiger lying on gray rock during daytime,Laura Nyhuis
8ILYRSFUVW9T,G00334,Tiger On Brown Tree Log,https://dy-us-playground.onrender.com/,672.26,True,https://images.unsplash.com/photo-1615824995968-f055b1e2644f?w=200,animals|wildlife|big-cats|tigers|nature,tiger|brown|tree|log,tiger on brown tree log,Rishabh Pandoh
H18LFZZ03EU1,G00199,Leopard Looking Away From Prey,https://dy-us-playground.onrender.com/,1435.92,False,https://plus.unsplash.com/premium_photo-1661837223561-401c4cc39312?w=200,art|photography|nature,leopard|looking|away|prey,Leopard looking away from prey,Getty Images
IJT2TCRLY78T,G00334,Brown And Black Tiger On Green Grass,https://dy-us-playground.onrender.com/,961.78,False,https://images.unsplash.com/photo-1594077716451-4767eca06006?w=200,animals|wildlife|big-cats|tigers|nature,brown|black|tiger|green|grass|during|daytime,brown and black tiger on green grass during daytime,Dominic I
8R4RL8ZG3TV0,G00334,A White Tiger Drinking Water From A,https://dy-us-playground.onrender.com/,1186.4,False,https://plus.unsplash.com/premium_photo-1664302779432-d8194b3c1220?w=200,animals|wildlife|big-cats|tigers|nature,white|tiger|drinking|water|pond,a white tiger drinking water from a pond,Getty Images
DYULDEQJS0IP,G00334,Brown Black And Gray Tiger Lying On,https://dy-us-playground.onrender.com/,1043.24,True,https://images.unsplash.com/photo-1578135612197-d261f4e2fa0c?w=200,animals|wildlife|big-cats|tigers|nature,brown|black|gray|tiger|lying|stone,"brown, black, and gray tiger lying on stone",Waldemar Brandt
2E9F9CN6F49Q,G00300,A Leopard Walking On A Tree Branch,https://dy-us-playground.onrender.com/,1950.86,False,https://plus.unsplash.com/premium_photo-1664302951530-f329f4986976?w=200,art|photography|forest,leopard|walking|tree|branch|forest,a leopard walking on a tree branch in a forest,Getty Images
OKDME0XCDAN0,G00334,Tiger Near Trees At Aytime,https://dy-us-playground.onrender.com/,475.99,False,https://images.unsplash.com/photo-1561125682-17d66ceacc4e?w=200,animals|wildlife|big-cats|tigers|nature,tiger|near|trees|at|aytime,tiger near trees at aytime,Keyur Nandaniya
WB24KU2M3FL1,G00334,A Couple Of Tigers Walking Across A,https://dy-us-playground.onrender.com/,108.7,False,https://plus.unsplash.com/premium_photo-1724883681365-c0bfd335ba5d?w=200,animals|wildlife|big-cats|tigers|nature,couple|tigers|walking|across|grass|covered|field,A couple of tigers walking across a grass covered field,Planet Volumes
9O3WEFAK4F8U,G00335,A Tiger Laying On Top Of A,https://dy-us-playground.onrender.com/,1531.26,False,https://images.unsplash.com/photo-1634463866964-ba0525bf8b69?w=200,animals|wildlife|big-cats|tigers|nature,tiger|laying|top|fallen|tree,a tiger laying on top of a fallen tree,Allyson Beaucourt
J61L99661DAB,G00199,Jumping Great White Shark Scientific Name Carcharodon,https://dy-us-playground.onrender.com/,1142.77,False,https://plus.unsplash.com/premium_photo-1664302154461-4ff6ab5590d8?w=200,art|photography|nature,jumping|great|white|shark|scientific|name|carcharodon|carcharias,Jumping Great White Shark.   Scientific name: Carcharodon carcharias. South Africa,Getty Images
LLKKGXJF6CDP,G00335,Brown And Black Tiger Walking On Forest,https://dy-us-playground.onrender.com/,819.71,False,https://images.unsplash.com/photo-1586618749351-8b86b75c5320?w=200,animals|wildlife|big-cats|tigers|forest,brown|black|tiger|walking|forest|during|daytime,brown and black tiger walking on forest during daytime,Praniket Desai
LT2DQDHT1TYF,G00335,Tiger Lying On Brown Tree Trunk,https://dy-us-playground.onrender.com/,1931.05,True,https://images.unsplash.com/photo-1580069329095-de99831453f0?w=200,animals|wildlife|big-cats|tigers|nature,tiger|lying|brown|tree|trunk,tiger lying on brown tree trunk,George Gillams
QYE4YVL2J4O9,G00335,Opened Mouth Tiger,https://dy-us-playground.onrender.com/,1923.85,False,https://images.unsplash.com/photo-1476245195555-dcf26e109ce8?w=200,animals|wildlife|big-cats|tigers|nature,opened|mouth|tiger,opened mouth tiger,William Low
RK9SE1YL4FSI,G00335,Selective Focus Photography Of Bengal Tiger,https://dy-us-playground.onrender.com/,394.42,True,https://images.unsplash.com/photo-1553083221-889f3b0292d9?w=200,animals|wildlife|big-cats|tigers|nature,selective|focus|photography|bengal|tiger,selective focus photography of Bengal tiger,Daniela Kalwarowskyj
3JH6PMET7D7E,G00335,Tiger Lying On Brown Tree Trunk During,https://dy-us-playground.onrender.com/,717.79,True,https://images.unsplash.com/photo-1627931047001-7d46f96661a4?w=200,animals|wildlife|big-cats|tigers|nature,tiger|lying|brown|tree|trunk|during|daytime,tiger lying on brown tree trunk during daytime,Rohan Rangaswami
W5F9Q4RO3L1Z,G00199,Leopard Cub Walking In Morning Light,https://dy-us-playground.onrender.com/,695.76,True,https://plus.unsplash.com/premium_photo-1661910119623-f43d462a61be?w=200,art|photography|nature,leopard|cub|walking|morning|light,Leopard cub walking in morning light,Getty Images
YXCH8TXYQTDQ,G00336,A Tiger Lying On Grass,https://dy-us-playground.onrender.com/,1390.21,True,https://images.unsplash.com/photo-1664817836608-317c4779cb63?w=200,animals|wildlife|big-cats|tigers|nature,tiger|lying|grass,a tiger lying on grass,Rohit Varma
E6K2P6VRXT9R,G00307,A Close Up Of A Cat With,https://dy-us-playground.onrender.com/,496.89,True,https://plus.unsplash.com/premium_photo-1674518553254-a3bd74266510?w=200,animals|pets|cats|nature,close|up|cat|blurry|background,a close up of a cat with a blurry background,Arnaud Mariat
AKHZ0DJ28780,G00336,A Tiger Running Through Tall Grass,https://dy-us-playground.onrender.com/,987.52,True,https://images.unsplash.com/photo-1661222039290-5bb39bc3c1b4?w=200,animals|wildlife|big-cats|tigers|nature,tiger|running|through|tall|grass,a tiger running through tall grass,Rohit Varma
QPVMSDSNVVPA,G00336,Stunning Portrait Image Of Hybrid White Tiger,https://dy-us-playground.onrender.com/,1300.74,True,https://plus.unsplash.com/premium_photo-1661921239865-6d346ced840c?w=200,animals|wildlife|big-cats|tigers|nature,stunning|portrait|image|hybrid|white|tiger|panthera|tigris,Stunning portrait image of hybrid white tiger Panthera Tigris in vibrant landscape and foliage,Getty Images
CT3AVUUBXP50,G00336,A Large Tiger Walking Through A Lush,https://dy-us-playground.onrender.com/,100.87,False,https://images.unsplash.com/photo-1689322756018-b9287d4ea433?w=200,animals|wildlife|big-cats|tigers|forest,large|tiger|walking|through|lush|green|forest,a large tiger walking through a lush green forest,Qingqing Cai
7YAUF9X8DE0U,G00336,Brown And Black Tiger On Green Grass,https://dy-us-playground.onrender.com/,622.5,False,https://images.unsplash.com/photo-1612881442076-91f0f3161425?w=200,animals|wildlife|big-cats|tigers|nature,brown|black|tiger|green|grass|during|daytime,brown and black tiger on green grass during daytime,J dG
3D2WRLCT0XJM,G00336,Brown Tiger Closeup Photo,https://dy-us-playground.onrender.com/,1927.34,False,https://images.unsplash.com/photo-1533450718592-29d45635f0a9?w=200,animals|wildlife|big-cats|tigers|nature,brown|tiger|close|up|photo,brown tiger close-up photo,Sherry Christian
FVN4HZTR6APU,G00337,Tiger Walking On Green Grass During Daytime,https://dy-us-playground.onrender.com/,1700.79,True,https://images.unsplash.com/photo-1599831675590-b51b0dcb668b?w=200,animals|wildlife|big-cats|tigers|nature,tiger|walking|green|grass|during|daytime,tiger walking on green grass during daytime,Tak Kei Wong
OCH9AGUE5ZQP,G00199,A Couple Of Elephants Stand Near Each,https://dy-us-playground.onrender.com/,438.68,True,https://plus.unsplash.com/premium_photo-1669740462454-a501e8c787de?w=200,art|photography|nature,couple|elephants|stand|near|each|other,a couple of elephants stand near each other,Pierre Lemos
JXWTNWYVM1DC,G00307,A Close Up Of A Black Cat,https://dy-us-playground.onrender.com/,948.06,False,https://plus.unsplash.com/premium_photo-1695803210560-3a6507cdf239?w=200,animals|pets|cats|nature,close|up|black|cat|green|eyes,a close up of a black cat with green eyes,Neven Krcmarek
02QX7HSCB49C,G00337,Tiger Photograph,https://dy-us-playground.onrender.com/,1605.11,True,https://images.unsplash.com/photo-1573666083884-1d1c2f6b5cf6?w=200,animals|wildlife|big-cats|tigers|nature,tiger|photograph,tiger photograph,Prashant Saini
SEFPJZPP5P8O,G00337,A Close Up Of A Tiger With,https://dy-us-playground.onrender.com/,1072.07,True,https://plus.unsplash.com/premium_photo-1723107368106-342ac648bdc1?w=200,animals|wildlife|big-cats|tigers|nature,close|up|tiger|its|mouth|open,A close up of a tiger with its mouth open,Zyanya Citlalli
ARAGU7IEWFO6,G00199,Empty Road Between Trees With Cloudy Sky,https://dy-us-playground.onrender.com/,878.35,False,https://images.unsplash.com/photo-1512036849132-48508f294900?w=200,art|photography|nature,empty|road|between|trees|cloudy|sky,empty road between trees with cloudy sky,Manuel Meurisse
ROLHGMA68V04,G00337,A Tiger Lying On The Ground,https://dy-us-playground.onrender.com/,1765.07,True,https://images.unsplash.com/photo-1662844867936-e8c11bcf06a2?w=200,animals|wildlife|big-cats|tigers|nature,tiger|lying|ground,a tiger lying on the ground,Erhan Çoban
H3LHXTKEB2P5,G00337,Adult Tiger In Body Of Water During,https://dy-us-playground.onrender.com/,218.12,True,https://images.unsplash.com/photo-1577705872883-67de85152cd8?w=200,animals|wildlife|big-cats|tigers|nature,adult|tiger|body|water|during|day,adult tiger in body of water during day,Don Stott
0R2JAIKCBEGY,G00200,A Close Up Of A Leopards Face,https://dy-us-playground.onrender.com/,1005.18,True,https://plus.unsplash.com/premium_photo-1723707895346-198b9b59bc72?w=200,art|photography|nature,close|up|leopard|s|face|trees|background,A close up of a leopard's face with trees in the background,Point Normal
BDFNLBUPRVUW,G00337,Tiger In Cage During Daytime,https://dy-us-playground.onrender.com/,885.02,False,https://images.unsplash.com/photo-1621194124574-1307dcd4ab45?w=200,animals|wildlife|big-cats|tigers|nature,tiger|cage|during|daytime,tiger in cage during daytime,Stacey Martin
GZGBFYRXQX6Q,G00338,A Tiger Walking Through A Lush Green,https://dy-us-playground.onrender.com/,1751.5,False,https://images.unsplash.com/photo-1632254515677-4c8237b7e599?w=200,animals|wildlife|big-cats|tigers|forest,tiger|walking|through|lush|green|forest,a tiger walking through a lush green forest,Alexas_Fotos
F6JVJHK9IT37,G00338,A Close Up Of A Tiger With,https://dy-us-playground.onrender.com/,93.61,False,https://images.unsplash.com/photo-1698035886387-c5c891545f67?w=200,animals|wildlife|big-cats|tigers|nature,close|up|tiger|its|mouth|open,a close up of a tiger with its mouth open,Harshit Suryawanshi
S629WQX0FBDO,G00338,Brown And Black Tiger On Brown Grass,https://dy-us-playground.onrender.com/,312.06,False,https://images.unsplash.com/photo-1598510343149-afa04e696820?w=200,animals|wildlife|big-cats|tigers|nature,brown|black|tiger|grass|during|daytime,brown and black tiger on brown grass during daytime,Kartikeya Srivastava
X5PCNNETLC9C,G00338,Brown And Black Tiger Showing Tongue,https://dy-us-playground.onrender.com/,1411.24,True,https://images.unsplash.com/photo-1615963244664-5b845b2025ee?w=200,animals|wildlife|big-cats|tigers|nature,brown|black|tiger|showing|tongue,brown and black tiger showing tongue,Kartik Iyer
AUAVR6S6ZBAV,G00338,A Tiger Running Through The Snow In,https://dy-us-playground.onrender.com/,117.8,False,https://plus.unsplash.com/premium_photo-1664302954356-a79b02fe66b8?w=200,animals|wildlife|big-cats|tigers|winter,tiger|running|through|snow|wild,a tiger running through the snow in the wild,Getty Images
MX0F4U7FPBHT,G00338,Bengal Tiger,https://dy-us-playground.onrender.com/,1755.69,True,https://images.unsplash.com/photo-1561731216-c3a4d99437d5?w=200,animals|wildlife|big-cats|tigers|nature,bengal|tiger,Bengal tiger,Mike Marrah
VHX0GM8MRU4Y,G00339,Stunning Portrait Of Tiger Panthera Tigris Walking,https://dy-us-playground.onrender.com/,1172.0,False,https://plus.unsplash.com/premium_photo-1661963380682-8fcaf8ca7650?w=200,animals|wildlife|big-cats|tigers|nature,stunning|portrait|tiger|panthera|tigris|walking|through|long,Stunning portrait of tiger Panthera Tigris walking through long grass in vibrant landscape,Getty Images
41C3W3NY77GS,G00339,Wildlife Photography Of Tiger Laying On Ground,https://dy-us-playground.onrender.com/,583.19,False,https://images.unsplash.com/photo-1508817628294-5a453fa0b8fb?w=200,animals|wildlife|big-cats|tigers|nature,wildlife|photography|tiger|laying|ground,wildlife photography of tiger laying on ground,Blake Meyer
H8Y7IYQ68V07,G00339,Brown Tiger Walking On Brown Sand During,https://dy-us-playground.onrender.com/,138.45,True,https://images.unsplash.com/photo-1591824438708-ce405f36ba3d?w=200,animals|wildlife|big-cats|tigers|nature,brown|tiger|walking|sand|during|daytime,brown tiger walking on brown sand during daytime,Hans-Jurgen Mager
BN6LC4DEEPBZ,G00339,Brown And Black Tiger Near Body Of,https://dy-us-playground.onrender.com/,1711.43,False,https://images.unsplash.com/photo-1526034332220-067b0f400e06?w=200,animals|wildlife|big-cats|tigers|nature,brown|black|tiger|near|body|water,brown and black tiger near body of water,Ratanjot Singh
E6DECHJB8WBX,G00339,Siberian Amur Tiger Running In The Snow,https://dy-us-playground.onrender.com/,421.83,False,https://plus.unsplash.com/premium_photo-1664298515793-1451ed489d95?w=200,animals|wildlife|big-cats|tigers|winter,siberian|amur|tiger|running|snow|catch|their|prey,Siberian (Amur) Tiger running in the snow and catch their prey. Very dynamic photo. China. Harbin. Mudanjiang province. Hengdaohezi park. Siberian Tiger Park. Winter. Hard frost. (Panthera tgris altaica),Getty Images
5JTNV8SGOMUE,G00339,A Tiger Walking On A Dirt Path,https://dy-us-playground.onrender.com/,1641.37,False,https://images.unsplash.com/photo-1670421291781-4d54641ded9e?w=200,animals|wildlife|big-cats|tigers|nature,tiger|walking|dirt|path,a tiger walking on a dirt path,Lakshmi Narasimha
ZB13LYAFIY8A,G00340,Brown Tiger,https://dy-us-playground.onrender.com/,1527.24,True,https://images.unsplash.com/photo-1573476492143-70270ca42661?w=200,animals|wildlife|big-cats|tigers|nature,brown|tiger,brown tiger,Ralph Mayhew
XJCB0PXS9A9T,G00340,Brown And Black Tiger Illustration,https://dy-us-playground.onrender.com/,1397.41,False,https://images.unsplash.com/photo-1590767187868-b8e9ece0974b?w=200,animals|wildlife|big-cats|tigers|nature,brown|black|tiger|illustration,brown and black tiger illustration,Efe Yağız Soysal
X73CL33PUVAA,G00340,Tiger Walking On Green Grass During Daytime,https://dy-us-playground.onrender.com/,465.49,True,https://images.unsplash.com/photo-1595659807720-763d958eec07?w=200,animals|wildlife|big-cats|tigers|nature,tiger|walking|green|grass|during|daytime,tiger walking on green grass during daytime,Dominik Lückmann
J5DK9OEATUNL,G00340,Brown And Black Tiger Lying On Ground,https://dy-us-playground.onrender.com/,123.61,True,https://images.unsplash.com/photo-1618142990632-1afb1bd67e7c?w=200,animals|wildlife|big-cats|tigers|nature,brown|black|tiger|lying|ground,brown and black tiger lying on ground,Waldemar Brandt
YO09A5MLGWG5,G00340,A Black And White Photo Of A,https://dy-us-playground.onrender.com/,1579.71,True,https://images.unsplash.com/photo-1637273045211-df6d2e06b26e?w=200,animals|wildlife|big-cats|tigers|night,black|white|photo|tiger|dark,a black and white photo of a tiger in the dark,Niket Goswami
CBE9S2X6QWAT,G00340,A Tiger In A Body Of Water,https://dy-us-playground.onrender.com/,1236.61,False,https://plus.unsplash.com/premium_photo-1686310335921-38acc0679321?w=200,animals|wildlife|big-cats|tigers|nature,tiger|body|water|surrounded|by|trees,a tiger in a body of water surrounded by trees,Abhijit Sinha
QF06PAF3TK9V,G00341,Closeup Photography Of Tiger,https://dy-us-playground.onrender.com/,1854.0,True,https://images.unsplash.com/photo-1551972251-12070d63502a?w=200,animals|wildlife|big-cats|tigers|nature,close|up|photography|tiger,close-up photography of tiger,Max van den Oetelaar
61MRS8DX5JO6,G00341,Closeup Photography Of Tiger,https://dy-us-playground.onrender.com/,1446.75,True,https://images.unsplash.com/photo-1513714920387-b00f52df9e23?w=200,animals|wildlife|big-cats|tigers|nature,closeup|photography|tiger,closeup photography of tiger,Paul Morley
3EWS5TISVD4X,G00341,Adult Tiger On Water,https://dy-us-playground.onrender.com/,1255.84,False,https://images.unsplash.com/photo-1537787009205-dac68f7e2759?w=200,animals|wildlife|big-cats|tigers|nature,adult|tiger|water,adult tiger on water,Miranda Richey
2UPMZQF4R25G,G00341,A Tiger Laying In The Grass On,https://dy-us-playground.onrender.com/,529.97,True,https://images.unsplash.com/photo-1637061761666-0ee8dbcd9db0?w=200,animals|wildlife|big-cats|tigers|nature,tiger|laying|grass|sunny|day,a tiger laying in the grass on a sunny day,JOSE ALMEIDA
VAS95GRSNRL2,G00200,A Close Up Of A Leopards Face,https://dy-us-playground.onrender.com/,542.63,False,https://plus.unsplash.com/premium_photo-1730233719882-890f7043eb9e?w=200,art|photography|nature,close|up|leopard|s|face|through|some|leaves,A close up of a leopard's face through some leaves,Allec Gomes
CYV836JP2K1H,G00341,Grayscale Photo Of Tiger In Dark Room,https://dy-us-playground.onrender.com/,1446.57,False,https://images.unsplash.com/photo-1612975702762-7cc2733b3e75?w=200,animals|wildlife|big-cats|tigers|night,grayscale|photo|tiger|dark|room,grayscale photo of tiger in dark room,Alicia Chong
W0VMPKS1E9PL,G00341,Siberian Amur Tiger Lying On A Snowcovered,https://dy-us-playground.onrender.com/,1975.0,True,https://plus.unsplash.com/premium_photo-1661904930364-fe26ae15bba2?w=200,animals|wildlife|big-cats|tigers|winter,siberian|amur|tiger|lying|snow|covered|hill|portrait,Siberian (Amur) tiger lying on a snow-covered hill. Portrait against the winter forest. China. Harbin. Mudanjiang province. Hengdaohezi park. Siberian Tiger Park. Winter. Hard frost. (Panthera tgris altaica),Getty Images
3I1P3ZLYFPX3,G00342,Albino Tiger,https://dy-us-playground.onrender.com/,1572.0,True,https://images.unsplash.com/photo-1562552476-8ac59b2a2e46?w=200,animals|wildlife|big-cats|tigers|nature,albino|tiger,Albino tiger,Juan Camilo Guarin P
WF5RXX2HTR47,G00342,A Tiger Swimming In A Body Of,https://dy-us-playground.onrender.com/,1606.33,False,https://plus.unsplash.com/premium_photo-1664302747350-054ff9d210f9?w=200,animals|wildlife|big-cats|tigers|nature,tiger|swimming|body|water,a tiger swimming in a body of water,Getty Images
IDP73PMZ0EFN,G00342,Tiger And Tiger On Snow Covered Ground,https://dy-us-playground.onrender.com/,493.28,True,https://images.unsplash.com/photo-1609737958380-ef538e0b4ed6?w=200,animals|wildlife|big-cats|tigers|winter,tiger|snow|covered|ground|painting,tiger and tiger on snow covered ground painting,Girl with red hat
Y9Z4HF25MD59,G00342,A Tiger Yawns While Laying On The,https://dy-us-playground.onrender.com/,1835.26,True,https://plus.unsplash.com/premium_photo-1664302784209-bb0dea430495?w=200,animals|wildlife|big-cats|tigers|nature,tiger|yawns|while|laying|ground,a tiger yawns while laying on the ground,Getty Images
P56Q647O85XP,G00342,A Tiger Standing In The Grass,https://dy-us-playground.onrender.com/,1867.0,False,https://images.unsplash.com/photo-1639220017688-813313ee1ee5?w=200,animals|wildlife|big-cats|tigers|nature,tiger|standing|grass,a tiger standing in the grass,Tapan Kumar Choudhury
OMM0OTDPD6AZ,G00342,Brown And Black Tiger Walking On Brown,https://dy-us-playground.onrender.com/,1399.11,True,https://images.unsplash.com/photo-1586617356423-52763004deac?w=200,animals|wildlife|big-cats|tigers|nature,brown|black|tiger|walking|soil,brown and black tiger walking on brown soil,Praniket Desai
GQNGGTHWWVAV,G00343,A Large Tiger Standing On Top Of,https://dy-us-playground.onrender.com/,1728.49,True,https://images.unsplash.com/photo-1720946922856-9456abc7e582?w=200,animals|wildlife|big-cats|tigers|nature,large|tiger|standing|top|rock,A large tiger standing on top of a rock,Jason Wo
96X0XOIQ28V8,G00343,A Tiger Walking Across A White Floor,https://dy-us-playground.onrender.com/,194.24,False,https://plus.unsplash.com/premium_photo-1723107368034-8c3752667e8e?w=200,animals|wildlife|big-cats|tigers|nature,tiger|walking|across|white|floor,A tiger walking across a white floor,Zyanya Citlalli
UBE707P4BKBX,G00343,Bengal Tiger,https://dy-us-playground.onrender.com/,264.45,False,https://images.unsplash.com/photo-1562975444-d910f117a84f?w=200,animals|wildlife|big-cats|tigers|nature,bengal|tiger,Bengal tiger,Stone Wang
OVZY6LQ0ZZ3U,G00343,A Tiger Jumping Off A Hill Into,https://dy-us-playground.onrender.com/,633.96,True,https://plus.unsplash.com/premium_photo-1724768496925-d68a4ae6f9d3?w=200,animals|wildlife|big-cats|tigers|nature,tiger|jumping|off|hill|into|air,A tiger jumping off a hill into the air,Paris Bilal
83STC7EFAGHX,G00343,Albino Tiger Lying On Ground At Nighttime,https://dy-us-playground.onrender.com/,298.69,True,https://images.unsplash.com/photo-1503066211613-c17ebc9daef0?w=200,animals|wildlife|big-cats|tigers|night,albino|tiger|lying|ground|at|nighttime,albino tiger lying on ground at nighttime,Smit Patel
J61TTTPWXX9Z,G00343,A White Tiger With Blue Eyes Laying,https://dy-us-playground.onrender.com/,1631.38,False,https://plus.unsplash.com/premium_photo-1661895001905-d793f6f38943?w=200,animals|wildlife|big-cats|tigers|nature,white|tiger|blue|eyes|laying|down,a white tiger with blue eyes laying down,Getty Images
H9RPW2L5CFGL,G00344,Brown Tiger On Focus Photography,https://dy-us-playground.onrender.com/,167.32,False,https://images.unsplash.com/photo-1567039430063-2459256c6f05?w=200,animals|wildlife|big-cats|tigers|nature,brown|tiger|focus|photography,brown tiger on focus photography,Carolina Munemasa
BVXMU6EQDFFM,G00344,Tiger On Brown Wooden Board,https://dy-us-playground.onrender.com/,1620.67,True,https://images.unsplash.com/photo-1511617768747-077bc4b9d018?w=200,animals|wildlife|big-cats|tigers|nature,tiger|brown|wooden|board,tiger on brown wooden board,Matteo Ferrero
7EPYIVI753AR,G00344,Tiger Lying On Brown Soil,https://dy-us-playground.onrender.com/,1645.15,True,https://images.unsplash.com/photo-1616869736810-a674a04d0440?w=200,animals|wildlife|big-cats|tigers|nature,tiger|lying|brown|soil,tiger lying on brown soil,Janosch Diggelmann
V6RHYJFB9DRR,G00344,Close View Of Tiger Skin,https://dy-us-playground.onrender.com/,1633.14,True,https://images.unsplash.com/photo-1551968788-b4c60b067dd5?w=200,animals|wildlife|big-cats|tigers|nature,close|view|tiger|skin,close view of tiger skin,Max van den Oetelaar
0R4CL7HUXP7E,G00344,Brown And Black Tiger Lying On Green,https://dy-us-playground.onrender.com/,342.99,False,https://images.unsplash.com/photo-1584005609990-ed70b16bda99?w=200,animals|wildlife|big-cats|tigers|nature,brown|black|tiger|lying|green|grass|during|daytime,brown and black tiger lying on green grass during daytime,colour comet
T8HRPPXHFL1I,G00344,A Tiger Walking Across A Brown Background,https://dy-us-playground.onrender.com/,1559.87,False,https://plus.unsplash.com/premium_photo-1723107367823-0a641f8a124b?w=200,animals|wildlife|big-cats|tigers|nature,tiger|walking|across|brown|background,A tiger walking across a brown background,Zyanya Citlalli
XUOK646UBNRM,G00345,Selective Focus Photography Of Walking Brown Tiger,https://dy-us-playground.onrender.com/,255.98,False,https://images.unsplash.com/photo-1567360615751-58281b426a5a?w=200,animals|wildlife|big-cats|tigers|nature,selective|focus|photography|walking|brown|tiger|beside|plants,selective focus photography of walking brown tiger beside plants,Zulnureen Shariff
AV01WAKSY4M3,G00345,Stunning Portrait Of Tiger Panthera Tigris Walking,https://dy-us-playground.onrender.com/,1501.69,False,https://plus.unsplash.com/premium_photo-1661956271855-a4f0f8fe070e?w=200,animals|wildlife|big-cats|tigers|nature,stunning|portrait|tiger|panthera|tigris|walking|through|long,Stunning portrait of tiger Panthera Tigris walking through long grass in vibrant landscape,Getty Images
UD8DA3BH3FKM,G00345,A Tiger Lying On A Rock,https://dy-us-playground.onrender.com/,253.45,False,https://images.unsplash.com/photo-1659421893105-65170be042ea?w=200,animals|wildlife|big-cats|tigers|nature,tiger|lying|rock,a tiger lying on a rock,Evgeniy Prokofiev
19A24HR1T3OE,G00345,White Tiger Lying On Grass,https://dy-us-playground.onrender.com/,283.25,True,https://images.unsplash.com/photo-1528663337188-4abb2c179a5e?w=200,animals|wildlife|big-cats|tigers|nature,white|tiger|lying|grass,white tiger lying on grass,jamie turner
7XO90BD5Q4AO,G00200,A Close Up Of A Cheetah With,https://dy-us-playground.onrender.com/,700.29,True,https://plus.unsplash.com/premium_photo-1664304391609-9aa6b41d5dfa?w=200,art|photography|nature,close|up|cheetah|its|mouth|open,a close up of a cheetah with its mouth open,Getty Images
7H1GB61C243E,G00345,Tiger Walking On Green Grass During Daytime,https://dy-us-playground.onrender.com/,786.75,True,https://images.unsplash.com/photo-1593970014662-be40fcbfe126?w=200,animals|wildlife|big-cats|tigers|nature,tiger|walking|green|grass|during|daytime,tiger walking on green grass during daytime,Keyur Nandaniya
SU7DR2HTX0VU,G00200,A Close Up Of A Snow Leopards,https://dy-us-playground.onrender.com/,1694.98,True,https://plus.unsplash.com/premium_photo-1728569560885-b7fe796fd517?w=200,art|photography|winter,close|up|snow|leopard|s|face,A close up of a snow leopard's face,Leandra Rieger
OUYQNI1AH32R,G00345,Bengal Tiger,https://dy-us-playground.onrender.com/,77.04,False,https://images.unsplash.com/photo-1524132989408-c8ee48d8f147?w=200,animals|wildlife|big-cats|tigers|nature,bengal|tiger,bengal tiger,Andy Holmes
LQK0T68AZFNZ,G00346,Tiger Lying On The Ground,https://dy-us-playground.onrender.com/,1911.18,True,https://images.unsplash.com/photo-1602909554201-06486b9b5c72?w=200,animals|wildlife|big-cats|tigers|nature,tiger|lying|ground,tiger lying on the ground,Keyur Nandaniya
N9MI2WNM411T,G00346,A Tiger Walking Across A Plain With,https://dy-us-playground.onrender.com/,1495.95,True,https://plus.unsplash.com/premium_photo-1724883682240-779b99f222d8?w=200,animals|wildlife|big-cats|tigers|nature,tiger|walking|across|plain|brown|background,A tiger walking across a plain with a brown background,Planet Volumes
LT7G50LG33W9,G00346,Tiger In Forest During Daytime,https://dy-us-playground.onrender.com/,992.32,False,https://images.unsplash.com/photo-1612081997244-b597b46439f0?w=200,animals|wildlife|big-cats|tigers|forest,tiger|forest|during|daytime,tiger in forest during daytime,Keyur Nandaniya
IM4IB9UCD1ZN,G00346,Brown Tiger Walking On Brown Sand During,https://dy-us-playground.onrender.com/,1162.76,True,https://images.unsplash.com/photo-1628950779415-033f3f3768b1?w=200,animals|wildlife|big-cats|tigers|nature,brown|tiger|walking|sand|during|daytime,brown tiger walking on brown sand during daytime,Saumil Joshi
E9O56TKG2Q65,G00346,Brown And Black Tiger In Close Up,https://dy-us-playground.onrender.com/,1159.09,False,https://images.unsplash.com/photo-1613368189266-4442a07cd081?w=200,animals|wildlife|big-cats|tigers|nature,brown|black|tiger|close|up|photography,brown and black tiger in close up photography,Mohammed Nasim
7SF9DOJS2VD0,G00346,Tiger Lying On Ground During Daytime,https://dy-us-playground.onrender.com/,635.41,True,https://images.unsplash.com/photo-1616054139156-6b518cab515a?w=200,animals|wildlife|big-cats|tigers|nature,tiger|lying|ground|during|daytime,tiger lying on ground during daytime,Sagar Paranjape
RTJB02SAH1GX,G00347,A Tiger Looking At The Camera,https://dy-us-playground.onrender.com/,858.09,False,https://images.unsplash.com/photo-1661810655260-e062887afff3?w=200,animals|wildlife|big-cats|tigers|nature,tiger|looking|at|camera,a tiger looking at the camera,Christian Panta
0SLM8GPEG3KL,G00347,A Tiger Is Laying Down In The,https://dy-us-playground.onrender.com/,842.84,True,https://plus.unsplash.com/premium_photo-1664304262892-e4b05b1d4951?w=200,animals|wildlife|big-cats|tigers|nature,tiger|is|laying|down|grass,a tiger is laying down in the grass,Getty Images
T3VC48BLDQTW,G00347,Brown And Black Tiger On Brown Tree,https://dy-us-playground.onrender.com/,1353.57,True,https://images.unsplash.com/photo-1615887734056-e2815e87ef70?w=200,animals|wildlife|big-cats|tigers|nature,brown|black|tiger|tree|branch,brown and black tiger on brown tree branch,Rishabh Pandoh
XQH7I75M6AZE,G00347,A Black And White Photo Of A,https://dy-us-playground.onrender.com/,658.24,True,https://images.unsplash.com/photo-1736411801310-489cbefb5b0e?w=200,animals|wildlife|big-cats|tigers|nature,black|white|photo|tiger,A black and white photo of a tiger,Llanydd Lloyd
4EQ7WYO5LJU5,G00347,A Large Tiger Walking Across A Snow,https://dy-us-playground.onrender.com/,360.33,True,https://plus.unsplash.com/premium_photo-1724883681395-06c33102ac2e?w=200,animals|wildlife|big-cats|tigers|winter,large|tiger|walking|across|snow|covered|field,A large tiger walking across a snow covered field,Planet Volumes
54RY6HRA7AUS,G00347,Brown And Black Tiger In Close Up,https://dy-us-playground.onrender.com/,1312.49,False,https://images.unsplash.com/photo-1616869736824-58279011056a?w=200,animals|wildlife|big-cats|tigers|nature,brown|black|tiger|close|up|photography,brown and black tiger in close up photography,Janosch Diggelmann
M4FO24VIYUAE,G00348,A Tiger Sitting On Top Of A,https://dy-us-playground.onrender.com/,1944.5,True,https://images.unsplash.com/photo-1650116692443-3f084c4d5a24?w=200,animals|wildlife|big-cats|tigers|nature,tiger|sitting|top|tree|stump,a tiger sitting on top of a tree stump,Jennifer Ermler
92CB7DVSZ64C,G00348,A Couple Of Tigers Standing Next To,https://dy-us-playground.onrender.com/,858.06,False,https://plus.unsplash.com/premium_photo-1719922570565-b2c059fab2ee?w=200,animals|wildlife|big-cats|tigers|nature,couple|tigers|standing|next|to|body|water,A couple of tigers standing next to a body of water,Abhijit Sinha
49XEJJ2V5A2M,G00348,Brown And Black Tiger On Brown Grass,https://dy-us-playground.onrender.com/,1624.15,False,https://images.unsplash.com/photo-1616129511121-4f413c5b1ddd?w=200,animals|wildlife|big-cats|tigers|nature,brown|black|tiger|grass,brown and black tiger on brown grass,Kartik Iyer
8ITF0P18AKNV,G00310,A Male Lion In Chobe National Park,https://dy-us-playground.onrender.com/,407.83,True,https://plus.unsplash.com/premium_photo-1661945191886-897bd2d3e3f0?w=200,animals|wildlife|big-cats|lions|nature,male|lion|chobe|national|park|botswana,"A male lion in Chobe National Park, Botswana.",Getty Images
VI4S8428G1GC,G00348,Brown And White Tiger Near Green Leaf,https://dy-us-playground.onrender.com/,1530.83,True,https://images.unsplash.com/photo-1603092867180-e796c7087056?w=200,animals|wildlife|big-cats|tigers|nature,brown|white|tiger|near|green|leaf|plants|during,brown and white tiger near green leaf plants during daytime,Sreehari Devadas
7Y5IJW3PIG42,G00348,A Close Up Of A Tiger With,https://dy-us-playground.onrender.com/,1069.3,True,https://plus.unsplash.com/premium_photo-1664303887572-46ad7fcd4213?w=200,animals|wildlife|big-cats|tigers|nature,close|up|tiger|its|mouth|open,a close up of a tiger with its mouth open,Getty Images
4F0WGKLFJ567,G00348,Brown Tiger,https://dy-us-playground.onrender.com/,471.13,False,https://images.unsplash.com/photo-1560379099-82952cae0f05?w=200,animals|wildlife|big-cats|tigers|nature,brown|tiger,brown tiger,Levi Ventura
YUBY1JUEKMX4,G00349,Portrait Of Siberian Amur Tiger Panthera Tigris,https://dy-us-playground.onrender.com/,966.79,False,https://plus.unsplash.com/premium_photo-1661962776165-831ab8ebe324?w=200,animals|wildlife|big-cats|tigers|nature,portrait|siberian|amur|tiger|panthera|tigris|summer,Portrait of Siberian Amur tiger Panthera Tigris Tigris in Summer,Getty Images
W8JTAKJJ63HJ,G00349,A Tiger Yawns While Laying On Some,https://dy-us-playground.onrender.com/,1309.73,True,https://images.unsplash.com/photo-1638898407872-7b4594ec38b4?w=200,animals|wildlife|big-cats|tigers|nature,tiger|yawns|while|laying|some|rocks,a tiger yawns while laying on some rocks,Bobby Mc Leod
JNUIOID3HMLB,G00349,A Tiger Standing On Top Of A,https://dy-us-playground.onrender.com/,1160.09,True,https://plus.unsplash.com/premium_photo-1724314652666-52037fac40b3?w=200,animals|wildlife|big-cats|tigers|nature,tiger|standing|top|lush|green|field,A tiger standing on top of a lush green field,YASA Design Studio
D2T44SMM2KOF,G00349,A Tiger Walking Across A Rocky Area,https://dy-us-playground.onrender.com/,250.82,False,https://images.unsplash.com/photo-1641236247216-1c3ab02c9e57?w=200,animals|wildlife|big-cats|tigers|nature,tiger|walking|across|rocky|area|next|to|body,a tiger walking across a rocky area next to a body of water,Janosch Diggelmann
4QTU0ZS0A7M0,G00349,Brown And Black Tiger On Brown Tree,https://dy-us-playground.onrender.com/,1737.14,False,https://images.unsplash.com/photo-1615966366837-2de3aaa8c6a9?w=200,animals|wildlife|big-cats|tigers|nature,brown|black|tiger|tree|trunk,brown and black tiger on brown tree trunk,Rishabh Pandoh
Y3HEGWT8RAJP,G00349,Brown And Black Tiger Lying On Ground,https://dy-us-playground.onrender.com/,1383.26,True,https://images.unsplash.com/photo-1621194144495-7051b8b1b237?w=200,animals|wildlife|big-cats|tigers|nature,brown|black|tiger|lying|ground|under|blue|sky,brown and black tiger lying on ground under blue sky during daytime,Stacey Martin
B8CCODXDCRO9,G00350,Brown And Black Tiger Lying On Ground,https://dy-us-playground.onrender.com/,894.97,False,https://images.unsplash.com/photo-1610263514480-8a9db5fed5b5?w=200,animals|wildlife|big-cats|tigers|nature,brown|black|tiger|lying|ground,brown and black tiger lying on ground,Jamar Cromwell
VXDY4OIL3AFA,G00350,A Tiger Standing On Top Of Snow,https://dy-us-playground.onrender.com/,1181.05,False,https://images.unsplash.com/photo-1641063157251-ae9d815e5daa?w=200,animals|wildlife|big-cats|tigers|winter,tiger|standing|top|snow|covered|ground,a tiger standing on top of snow covered ground,Sascha Bosshard
S2VW29RSPT40,G00350,Brown And Black Tiger On Green Grass,https://dy-us-playground.onrender.com/,955.14,True,https://images.unsplash.com/photo-1598892419006-5ab92c88029f?w=200,animals|wildlife|big-cats|tigers|nature,brown|black|tiger|green|grass|during|daytime,brown and black tiger on green grass during daytime,Patrice Audet
QKU0Z87TTSTY,G00350,White And Black Tiger Lying On Gray,https://dy-us-playground.onrender.com/,1849.87,False,https://images.unsplash.com/photo-1494979362559-7f9efdc9b88c?w=200,animals|wildlife|big-cats|tigers|nature,white|black|tiger|lying|gray|rock|closeup|photography,white and black tiger lying on gray rock in closeup photography,Jeffrey Eisen
481OMFC0NABH,G00350,A Painting Of A Tiger And A,https://dy-us-playground.onrender.com/,1605.86,False,https://plus.unsplash.com/premium_photo-1724314652752-0db8d15314ce?w=200,animals|wildlife|big-cats|tigers|nature,painting|tiger|dog|log,A painting of a tiger and a dog on a log,YASA Design Studio
V6SHY5L3F9OT,G00350,A Tiger Drinking Water From A Pool,https://dy-us-playground.onrender.com/,1584.87,False,https://images.unsplash.com/photo-1641236247214-2d5a33c6d391?w=200,animals|wildlife|big-cats|tigers|nature,tiger|drinking|water|pool,a tiger drinking water from a pool of water,Janosch Diggelmann
8SCOF5VUH1NI,G00351,A White Tiger Swimming In A Body,https://dy-us-playground.onrender.com/,1997.88,True,https://plus.unsplash.com/premium_photo-1664302781528-89f6dbb825c3?w=200,animals|wildlife|big-cats|tigers|nature,white|tiger|swimming|body|water,a white tiger swimming in a body of water,Getty Images
AP6TP3BOE5B7,G00351,Tiger Sleeping On Gray Concrete Surface,https://dy-us-playground.onrender.com/,493.44,False,https://images.unsplash.com/photo-1448535807458-5a9652311c22?w=200,animals|wildlife|big-cats|tigers|nature,tiger|sleeping|gray|concrete|surface,tiger sleeping on gray concrete surface,Michael Green
QRDD5HA8QDSW,G00351,Black And Brown Tiger On Cage,https://dy-us-playground.onrender.com/,1366.4,True,https://images.unsplash.com/photo-1549317689-01ad6c96f756?w=200,animals|wildlife|big-cats|tigers|nature,black|brown|tiger|cage,black and brown tiger on cage,Chandler Cruttenden
CYRLDGFV1DG0,G00351,A Close Up Of A Tiger With,https://dy-us-playground.onrender.com/,1661.33,False,https://images.unsplash.com/photo-1704852144181-fd3c421daad7?w=200,animals|wildlife|big-cats|tigers|nature,close|up|tiger|trees|background,a close up of a tiger with trees in the background,Jack McCracken
TPVX3AS92NVD,G00200,A Small Cheetah Cub Sitting On Top,https://dy-us-playground.onrender.com/,1758.49,False,https://plus.unsplash.com/premium_photo-1664302627345-9069a77a532a?w=200,art|photography|nature,small|cheetah|cub|sitting|top|log,a small cheetah cub sitting on top of a log,Getty Images
OX62U22TXS48,G00351,Brown And Black Tiger On Forest During,https://dy-us-playground.onrender.com/,944.4,True,https://images.unsplash.com/photo-1606804236267-cf394e7362eb?w=200,animals|wildlife|big-cats|tigers|forest,brown|black|tiger|forest|during|daytime,brown and black tiger on forest during daytime,Sagar Kulkarni
WOXZSGFPAUM8,G00351,Brown And Black Tiger In Closeup Photo,https://dy-us-playground.onrender.com/,1147.61,False,https://images.unsplash.com/photo-1500081780614-a594a7ac7daf?w=200,animals|wildlife|big-cats|tigers|nature,brown|black|tiger|closeup|photo,brown and black tiger in closeup photo,Anthony Melone
GLUC6CAQVK23,G00352,Tiger Lounging,https://dy-us-playground.onrender.com/,667.12,False,https://images.unsplash.com/photo-1566838423711-1d4a750abc90?w=200,animals|wildlife|big-cats|tigers|nature,tiger|lounging,tiger lounging,Sam 🐷
9OXAB93PQUEY,G00352,Two Tigers Playing With Each Other In,https://dy-us-playground.onrender.com/,735.01,True,https://images.unsplash.com/photo-1689053233951-5e21e215065b?w=200,animals|wildlife|big-cats|tigers|nature,two|tigers|playing|each|other|zoo,two tigers playing with each other in a zoo,Shubham Panwar
WH0MQGUIJYEM,G00352,A Tiger Walking Across A Lush Green,https://dy-us-playground.onrender.com/,552.21,True,https://images.unsplash.com/photo-1697697342352-426dcdbba5dd?w=200,animals|wildlife|big-cats|tigers|nature,tiger|walking|across|lush|green|field,a tiger walking across a lush green field,yao oo
OP2FTMJIW1B9,G00352,A Close Up Of A Tiger Walking,https://dy-us-playground.onrender.com/,1330.71,True,https://images.unsplash.com/photo-1642200848836-f18756e7aa0a?w=200,animals|wildlife|big-cats|tigers|nature,close|up|tiger|walking|trail,a close up of a tiger walking on a trail,Gidon Wessner
E4XVRIP8UZME,G00352,Three Brown Tigers During Daytime,https://dy-us-playground.onrender.com/,1471.44,False,https://images.unsplash.com/photo-1578181021688-935118a9ae81?w=200,animals|wildlife|big-cats|tigers|nature,three|brown|tigers|during|daytime,three brown tigers during daytime,mana5280
DLF2YTBLQMY1,G00352,White And Black Tiger On Brown Wooden,https://dy-us-playground.onrender.com/,1675.0,False,https://images.unsplash.com/photo-1602491453439-8f207298a202?w=200,animals|wildlife|big-cats|tigers|nature,white|black|tiger|brown|wooden|log,white and black tiger on brown wooden log,Kar Ming Moo
4S2AH751DLM1,G00353,Brown And Black Tiger Lying On Ground,https://dy-us-playground.onrender.com/,624.4,True,https://images.unsplash.com/photo-1602491453318-dcdf64966d7d?w=200,animals|wildlife|big-cats|tigers|nature,brown|black|tiger|lying|ground,brown and black tiger lying on ground,Kar Ming Moo
IRP4JZXUNTDA,G00200,A Statue Of A Black Panther With,https://dy-us-playground.onrender.com/,1651.3,True,https://plus.unsplash.com/premium_photo-1723428295309-cd14fa4d2cdc?w=200,art|photography|nature,statue|black|panther|yellow|eyes,A statue of a black panther with yellow eyes,Alex Shuper
F5F0PSZPRS2D,G00201,Leopard During Daytime,https://dy-us-playground.onrender.com/,969.96,False,https://images.unsplash.com/photo-1574068467946-533eea9838ce?w=200,art|photography|nature,leopard|during|daytime,leopard during daytime,Deepak Nautiyal
O5QEZ7B769T1,G00353,Brown And Black Tiger Lying On Ground,https://dy-us-playground.onrender.com/,727.78,False,https://images.unsplash.com/photo-1591087185018-7b1189d95959?w=200,animals|wildlife|big-cats|tigers|nature,brown|black|tiger|lying|ground,brown and black tiger lying on ground,Vish K
GPI3344GGRHB,G00353,Tiger On Green Grass During Daytime,https://dy-us-playground.onrender.com/,65.39,True,https://images.unsplash.com/photo-1613693745316-e09014ac910e?w=200,animals|wildlife|big-cats|tigers|nature,tiger|green|grass|during|daytime,tiger on green grass during daytime,Kevin Olson
JNKSXM5W8EQI,G00353,Brown And Black Tiger Lying On Ground,https://dy-us-playground.onrender.com/,1934.05,True,https://images.unsplash.com/photo-1624604972896-6030bc67f1f0?w=200,animals|wildlife|big-cats|tigers|nature,brown|black|tiger|lying|ground,brown and black tiger lying on ground,Jonny Clow
CB5JCMUBWU36,G00353,Tiger On Brown Wooden Log,https://dy-us-playground.onrender.com/,1875.77,True,https://images.unsplash.com/photo-1615966366512-b9825392837f?w=200,animals|wildlife|big-cats|tigers|nature,tiger|brown|wooden|log,tiger on brown wooden log,Rishabh Pandoh
IUOR2S1VJFQQ,G00353,A Close Up Of A Tiger On,https://dy-us-playground.onrender.com/,130.75,True,https://images.unsplash.com/photo-1638249243194-7db6a28a9de9?w=200,animals|wildlife|big-cats|tigers|nature,close|up|tiger|chain,a close up of a tiger on a chain,Siddharth shah
QOD8JFT6J258,G00354,Adult White Tiger,https://dy-us-playground.onrender.com/,1241.31,True,https://images.unsplash.com/photo-1550973595-c9f4d21f38cc?w=200,animals|wildlife|big-cats|tigers|nature,adult|white|tiger,adult white tiger,Joshua J. Cotten
1VJ9UMGOQ5FU,G00354,A Tiger Walking On A Dirt Road,https://dy-us-playground.onrender.com/,306.84,True,https://images.unsplash.com/photo-1670421291769-f0737d03d64c?w=200,animals|wildlife|big-cats|tigers|nature,tiger|walking|dirt|road,a tiger walking on a dirt road,Lakshmi Narasimha
WVDH6BS8ZFT4,G00354,A Tiger Lying On A Wooden Surface,https://dy-us-playground.onrender.com/,630.47,False,https://images.unsplash.com/photo-1648712554266-a9bbb9c7d6c3?w=200,animals|wildlife|big-cats|tigers|nature,tiger|lying|wooden|surface,a tiger lying on a wooden surface,Tarryn Grignet
8JXHK0TBHZBC,G00310,A Lion Lying Down,https://dy-us-playground.onrender.com/,1648.69,True,https://plus.unsplash.com/premium_photo-1669725687221-6fe12c2da6b1?w=200,animals|wildlife|big-cats|lions|nature,lion|lying|down,a lion lying down,Pierre Lemos
AHR74C7ZU85H,G00354,Brown And Black Tiger Lying On Brown,https://dy-us-playground.onrender.com/,1242.37,False,https://images.unsplash.com/photo-1549641006-c49dd9bd442f?w=200,animals|wildlife|big-cats|tigers|nature,brown|black|tiger|lying|grass,brown and black tiger lying on brown grass,Nick Fewings
NLE7E63M7SLV,G00310,Lion Pride At Dawn,https://dy-us-playground.onrender.com/,1001.12,True,https://plus.unsplash.com/premium_photo-1661898204932-5a4bf6a5944b?w=200,animals|wildlife|big-cats|lions|nature,lion|pride|at|dawn,Lion pride at dawn,Getty Images
MDCQU6AO5WAF,G00354,A Close Up Of A Tiger With,https://dy-us-playground.onrender.com/,306.45,False,https://images.unsplash.com/photo-1704989814569-b0c5acf2b7b1?w=200,animals|wildlife|big-cats|tigers|nature,close|up|tiger|its|mouth|open,a close up of a tiger with its mouth open,Ethan Currier
YV4Q6YNVIAA3,G00354,Tiger Laying On Grass,https://dy-us-playground.onrender.com/,1431.18,True,https://images.unsplash.com/photo-1524129426126-1b85d8c74fd2?w=200,animals|wildlife|big-cats|tigers|nature,tiger|laying|grass,tiger laying on grass,Annie Spratt
6095XHHKHACX,G00355,Black And Brown Tiger Near Body Of,https://dy-us-playground.onrender.com/,548.4,True,https://images.unsplash.com/photo-1552080056-3b11eb6f6bf3?w=200,animals|wildlife|big-cats|tigers|nature,black|brown|tiger|near|body|water|during|daytime,black and brown tiger near body of water during daytime,Sid Balachandran
KBA548R89IC5,G00355,Bengal Tiger,https://dy-us-playground.onrender.com/,1750.82,True,https://images.unsplash.com/photo-1567022138889-ec78266cae0e?w=200,animals|wildlife|big-cats|tigers|nature,bengal|tiger,Bengal tiger,Sam 🐷
BDWCG2LQVAHI,G00355,A Tiger Laying In The Grass With,https://dy-us-playground.onrender.com/,1117.38,False,https://images.unsplash.com/photo-1641138509284-e05a32546f07?w=200,animals|wildlife|big-cats|tigers|nature,tiger|laying|grass|its|eyes|closed,a tiger laying in the grass with its eyes closed,Mochamad Arief
VK5SO3H92TRQ,G00355,Tiger On Water Near Rocks,https://dy-us-playground.onrender.com/,783.87,True,https://images.unsplash.com/photo-1625956771905-eb675113276f?w=200,animals|wildlife|big-cats|tigers|nature,tiger|water|near|rocks,tiger on water near rocks,Benjamin Merkle
1MRJPVIJ1J2O,G00355,Tiger Lying On Green Grass During Daytime,https://dy-us-playground.onrender.com/,874.85,True,https://images.unsplash.com/photo-1595878908953-33ff4e17da71?w=200,animals|wildlife|big-cats|tigers|nature,tiger|lying|green|grass|during|daytime,tiger lying on green grass during daytime,Einar Storsul
8UXXO37O1PZ4,G00355,A Close Up Of The Fur Of,https://dy-us-playground.onrender.com/,774.64,False,https://images.unsplash.com/photo-1678077118784-1b12bd92e284?w=200,animals|wildlife|big-cats|tigers|nature,close|up|fur|tiger,a close up of the fur of a tiger,Ryunosuke Kikuno
W5JEV2GNKPEV,G00356,A Close Up Of A Tiger Laying,https://dy-us-playground.onrender.com/,1293.68,False,https://images.unsplash.com/photo-1703878565368-c470432ce5d4?w=200,animals|wildlife|big-cats|tigers|nature,close|up|tiger|laying|ground,a close up of a tiger laying on the ground,Terry Granger
RXNZVCTRM6Y2,G00356,Brown And Black Tiger On Cage,https://dy-us-playground.onrender.com/,795.49,False,https://images.unsplash.com/photo-1621194258779-2a0807228365?w=200,animals|wildlife|big-cats|tigers|nature,brown|black|tiger|cage,brown and black tiger on cage,Stacey Martin
Y1LI7MO4RHDU,G00356,A Large Tiger Walking Through A Forest,https://dy-us-playground.onrender.com/,1708.67,False,https://images.unsplash.com/photo-1727036752580-957404758267?w=200,animals|wildlife|big-cats|tigers|forest,large|tiger|walking|through|forest|filled|trees,A large tiger walking through a forest filled with trees,Hemant Kasar
4Q7O1Q72VQIL,G00201,A Close Up Of A Zebras Face,https://dy-us-playground.onrender.com/,1961.49,True,https://plus.unsplash.com/premium_photo-1673697678378-925471044be3?w=200,art|photography|nature,close|up|zebra|s|face|blurry|background,a close up of a zebra's face with a blurry background,Jonny Gios
5H53ZYQX3PZP,G00356,Tiger Walking On Brown Wooden Floor,https://dy-us-playground.onrender.com/,235.67,False,https://images.unsplash.com/photo-1611409551065-82f8b02e9a1e?w=200,animals|wildlife|big-cats|tigers|nature,tiger|walking|brown|wooden|floor,tiger walking on brown wooden floor,Janis Wolf
RKKZN1MXOR09,G00310,A Lioness Yawns Widely Showing Sharp Teeth,https://dy-us-playground.onrender.com/,992.14,True,https://plus.unsplash.com/premium_photo-1708433275211-9c6d5ba95592?w=200,animals|wildlife|big-cats|lions|nature,lioness|yawns|widely|showing|sharp|teeth|tongue,"A lioness yawns widely, showing sharp teeth and tongue.",Unsplash+ Community
V7YC7JDIYJFX,G00356,A Tiger Laying On The Ground In,https://dy-us-playground.onrender.com/,1832.26,False,https://images.unsplash.com/photo-1717232700515-b25b8de72810?w=200,animals|wildlife|big-cats|tigers|nature,tiger|laying|ground|woods,a tiger laying on the ground in the woods,Lakshmi Narasimha
BTBUQHRGURKH,G00356,A Couple Of Tigers Lying On A,https://dy-us-playground.onrender.com/,1126.6,True,https://images.unsplash.com/photo-1662121681192-3738427bfdb9?w=200,animals|wildlife|big-cats|tigers|nature,couple|tigers|lying|rock,a couple of tigers lying on a rock,Anna Elgebrant Rekstad
OV38ND6HPIMP,G00357,A Tiger Walking Across A Dirt Road,https://dy-us-playground.onrender.com/,1978.5,True,https://images.unsplash.com/photo-1690792422227-95d9afa03027?w=200,animals|wildlife|big-cats|tigers|forest,tiger|walking|across|dirt|road|next|to|forest,a tiger walking across a dirt road next to a forest,Gaurav Sharma
A7NEDN2V9B8D,G00357,A Close Up Of A Tiger Walking,https://dy-us-playground.onrender.com/,1793.6,False,https://images.unsplash.com/photo-1633939768149-8e6367296b05?w=200,animals|wildlife|big-cats|tigers|forest,close|up|tiger|walking|through|forest,a close up of a tiger walking through a forest,Lakshmi Narasimha
Q42AO84686W0,G00357,Brown White And Black Tiger,https://dy-us-playground.onrender.com/,1395.31,False,https://images.unsplash.com/photo-1604892951684-309bf1e21384?w=200,animals|wildlife|big-cats|tigers|nature,brown|white|black|tiger,brown white and black tiger,Jaime Dantas
YBBABFGDCQRH,G00357,A Large Tiger Walking Across A Grass,https://dy-us-playground.onrender.com/,1208.26,False,https://images.unsplash.com/photo-1680130071424-a70a4b7133fb?w=200,animals|wildlife|big-cats|tigers|nature,large|tiger|walking|across|grass|covered|field,a large tiger walking across a grass covered field,Harshit Suryawanshi
PH94LMR9OYIB,G00357,Tiger Prawn Lying On Ground During Daytime,https://dy-us-playground.onrender.com/,1650.07,True,https://images.unsplash.com/photo-1560914767-6adc42d0daf7?w=200,animals|wildlife|big-cats|tigers|nature,tiger|prawn|lying|ground|during|daytime,tiger prawn lying on ground during daytime,Keyur Nandaniya
XTN377ZNDXHC,G00201,A Cheetah Sitting In A Field Of,https://dy-us-playground.onrender.com/,1182.69,False,https://plus.unsplash.com/premium_photo-1661893907165-7f5f1ef3f736?w=200,art|photography|nature,cheetah|sitting|field|tall|grass,a cheetah sitting in a field of tall grass,Getty Images
94FY27XOEMZ2,G00357,Brown White And Black Tiger,https://dy-us-playground.onrender.com/,1470.11,False,https://images.unsplash.com/photo-1615676937141-6744d3cf3c62?w=200,animals|wildlife|big-cats|tigers|nature,brown|white|black|tiger,brown white and black tiger,Alexas_Fotos
YLIEUGS8D7B0,G00358,White And Black Tiger Illustration,https://dy-us-playground.onrender.com/,1592.27,True,https://images.unsplash.com/photo-1605244701344-3c8804a0772b?w=200,animals|wildlife|big-cats|tigers|nature,white|black|tiger|illustration,white and black tiger illustration,Bisakha Datta
0JDSQUS3DM3R,G00358,A Tiger Shows Its Teeth Ready To,https://dy-us-playground.onrender.com/,1403.07,True,https://images.unsplash.com/photo-1742151252846-f6f4695a867d?w=200,animals|wildlife|big-cats|tigers|nature,tiger|shows|its|teeth|ready|to|attack,"A tiger shows its teeth, ready to attack.",Alessandro Chitarrini
VWYC1LWKHAC8,G00358,Tiger Lying On Ground During Daytime,https://dy-us-playground.onrender.com/,1926.15,False,https://images.unsplash.com/photo-1596127992438-b92fe2343163?w=200,animals|wildlife|big-cats|tigers|nature,tiger|lying|ground|during|daytime,tiger lying on ground during daytime,Lasse Rindsborg
G7B7NWVO0D9G,G00358,A Tiger Walking Across A Lush Green,https://dy-us-playground.onrender.com/,1411.26,True,https://images.unsplash.com/photo-1690015559856-5fd5f58675d1?w=200,animals|wildlife|big-cats|tigers|nature,tiger|walking|across|lush|green|field,a tiger walking across a lush green field,Ravi Sangar
BMDHK6RR9J9Z,G00358,A Tiger Sitting In The Middle Of,https://dy-us-playground.onrender.com/,1046.71,True,https://images.unsplash.com/photo-1692339435397-7bca8423a4af?w=200,animals|wildlife|big-cats|tigers|forest,tiger|sitting|middle|forest,a tiger sitting in the middle of a forest,Mahesh Sonwane
43GFRHOQUKI9,G00358,White Black And Brown Tiger,https://dy-us-playground.onrender.com/,516.1,False,https://images.unsplash.com/photo-1557973254-3b9af1ee03aa?w=200,animals|wildlife|big-cats|tigers|nature,white|black|brown|tiger,"white, black and brown tiger",Jared Short
LL3QZEXCBN66,G00359,A Tiger Walking Across A Lush Green,https://dy-us-playground.onrender.com/,1053.22,False,https://images.unsplash.com/photo-1712996938203-a9565065cabe?w=200,animals|wildlife|big-cats|tigers|nature,tiger|walking|across|lush|green|field,a tiger walking across a lush green field,Sid Balachandran
ND9RRABKFSQT,G00307,A Close Up Of A Cat With,https://dy-us-playground.onrender.com/,1384.43,True,https://plus.unsplash.com/premium_photo-1677545182067-26ac518ef64f?w=200,animals|pets|cats|nature,close|up|cat|its|mouth|open,a close up of a cat with its mouth open,Nathan Anderson
OPAWGBHSNKNR,G00359,A Tiger Walking On Dirt,https://dy-us-playground.onrender.com/,1945.62,False,https://images.unsplash.com/photo-1667491841159-acf9d5a602e3?w=200,animals|wildlife|big-cats|tigers|nature,tiger|walking|dirt,a tiger walking on dirt,Tushar Mahajan
81XNXVUUL16X,G00359,Shallow Focus Photography Of Brown And Black,https://dy-us-playground.onrender.com/,735.19,False,https://images.unsplash.com/photo-1475941382424-4bf8365f67c8?w=200,animals|wildlife|big-cats|tigers|nature,shallow|focus|photography|brown|black|tiger,shallow focus photography of brown and black tiger,佑翔 賴
PJ8FTMH5GAWT,G00201,A Close Up Of A Zebras Face,https://dy-us-playground.onrender.com/,1569.48,True,https://plus.unsplash.com/premium_photo-1673545661466-df466823526f?w=200,art|photography|nature,close|up|zebra|s|face|blurry|background,a close up of a zebra's face with a blurry background,Jonny Gios
KYSUPNGSFCFA,G00359,A Close Up Of A Tiger Laying,https://dy-us-playground.onrender.com/,1998.44,True,https://images.unsplash.com/photo-1696271675593-633bf6347d8c?w=200,animals|wildlife|big-cats|tigers|nature,close|up|tiger|laying|grass,a close up of a tiger laying in the grass,Andy Luo
VA0ABZ64997W,G00201,A Peacock Standing On Top Of A,https://dy-us-playground.onrender.com/,605.92,True,https://plus.unsplash.com/premium_photo-1694270553677-22680efa4d56?w=200,art|photography|nature,peacock|standing|top|tree|branch,a peacock standing on top of a tree branch,Abhijit Sinha
SJPNY62YP7RM,G00310,Brown Lion On Green Grass Field,https://dy-us-playground.onrender.com/,432.84,True,https://images.unsplash.com/photo-1575550959106-5a7defe28b56?w=200,animals|wildlife|big-cats|lions|nature,brown|lion|green|grass|field,brown lion on green grass field,Zdeněk Macháček
9WD0TVNE19H3,G00201,Brown Deer Beside Plants,https://dy-us-playground.onrender.com/,1383.58,True,https://images.unsplash.com/photo-1545063914-a1a6ec821c88?w=200,art|photography|nature,brown|deer|beside|plants,brown deer beside plants,Scott Carroll
E0260CLF38UV,G00300,Wildebeest Jumping Into Mara River Great Migration,https://dy-us-playground.onrender.com/,1355.58,False,https://plus.unsplash.com/premium_photo-1661843615544-b2c973491c8b?w=200,art|photography|nature,wildebeest|jumping|into|mara|river|great|migration|kenya,Wildebeest jumping into Mara River. Great Migration. Kenya. Tanzania. Masai Mara National Park. An excellent illustration.,Getty Images
Z82C8DP3YBR3,G00202,Brown Deer Under Tree,https://dy-us-playground.onrender.com/,950.53,True,https://images.unsplash.com/photo-1543946207-39bd91e70ca7?w=200,art|photography|nature,brown|deer|under|tree,brown deer under tree,Philipp Pilz
EUMYM4F6EE63,G00202,Brown Turtle Swimming In Ocean,https://dy-us-playground.onrender.com/,1937.54,False,https://images.unsplash.com/photo-1496196614460-48988a57fccf?w=200,art|photography|nature,brown|turtle|swimming|ocean,brown turtle swimming in ocean,Randall  Ruiz
N80ATG4FAFJS,G00202,Brown Mammoth On Middle Of Woods During,https://dy-us-playground.onrender.com/,1620.58,True,https://images.unsplash.com/photo-1549366021-9f761d450615?w=200,art|photography|nature,brown|mammoth|middle|woods|during|daytime,brown mammoth on middle of woods during daytime,Geranimo
EATBL29CVXAH,G00202,Brown And Black Leopard,https://dy-us-playground.onrender.com/,852.36,False,https://images.unsplash.com/photo-1544979590-37e9b47eb705?w=200,art|photography|nature,brown|black|leopard,brown and black leopard,Uriel Soberanes
U87GBCRXPIR8,G00202,Selective Focus Photography Of Blue Kingfisher,https://dy-us-playground.onrender.com/,133.15,False,https://images.unsplash.com/photo-1444464666168-49d633b86797?w=200,art|photography|nature,selective|focus|photography|blue|kingfisher,selective focus photography of blue kingfisher,Vincent van Zalinge
M2H54SX3DV2P,G00202,Selective Focus Photography Of Orange Fox,https://dy-us-playground.onrender.com/,1526.44,True,https://images.unsplash.com/photo-1516934024742-b461fba47600?w=200,art|photography|nature,selective|focus|photography|orange|fox,selective focus photography of orange fox,Sunguk Kim
CAYMLSZNTR6G,G00203,Elephant On Grass During Daytime,https://dy-us-playground.onrender.com/,445.16,False,https://images.unsplash.com/photo-1535941339077-2dd1c7963098?w=200,art|photography|nature,elephant|grass|during|daytime,elephant on grass during daytime,David Clode
FA91U79XHLE0,G00310,Two Lioness On Green Plants,https://dy-us-playground.onrender.com/,1690.51,True,https://images.unsplash.com/photo-1504173010664-32509aeebb62?w=200,animals|wildlife|big-cats|lions|nature,two|lioness|green|plants,two lioness on green plants,Geranimo
V3R15FHAPS4Z,G00359,Brown And Black Tiger On Focus Photography,https://dy-us-playground.onrender.com/,1933.3,False,https://images.unsplash.com/photo-1549480017-d76466a4b7e8?w=200,animals|wildlife|big-cats|tigers|nature,brown|black|tiger|focus|photography,brown and black tiger on focus photography,A G
CZK56DRUW5ZY,G00368,Two Blackandwhite Birds,https://dy-us-playground.onrender.com/,309.74,True,https://images.unsplash.com/photo-1504618223053-559bdef9dd5a?w=200,animals|wildlife|birds|nature,two|black|white|birds,two black-and-white birds,Wynand van Poortvliet
DYWNVN1H2M8O,G00359,Brown And Black Tiger Lying On Ground,https://dy-us-playground.onrender.com/,134.93,True,https://images.unsplash.com/photo-1602491453631-e2a5ad90a131?w=200,animals|wildlife|big-cats|tigers|nature,brown|black|tiger|lying|ground,brown and black tiger lying on ground,Kar Ming Moo
6AUVRJFUSENH,G00368,Time Lapse Photography Of Owl Flying,https://dy-us-playground.onrender.com/,1855.91,False,https://images.unsplash.com/photo-1516233758813-a38d024919c5?w=200,animals|wildlife|birds|nature,time|lapse|photography|owl|flying,time lapse photography of owl flying,Richard Lee
0NAKNAV0VGKC,G00203,Two Grey Elephants On Grass Plains During,https://dy-us-playground.onrender.com/,1219.98,True,https://images.unsplash.com/photo-1564760055775-d63b17a55c44?w=200,art|photography|nature,two|grey|elephants|grass|plains|during|sunset,two grey elephants on grass plains during sunset,Mylon Ollila
HLKXCKGE82MO,G00311,Photo Of Brown Lion,https://dy-us-playground.onrender.com/,1159.06,False,https://images.unsplash.com/photo-1562569633-622303bafef5?w=200,animals|wildlife|big-cats|lions|nature,photo|brown|lion,photo of brown lion,Matthew Kerslake
1Y9COQFD3M4Q,G00203,Herd Of Antelopes On Grass Field,https://dy-us-playground.onrender.com/,734.74,True,https://images.unsplash.com/photo-1518709766631-a6a7f45921c3?w=200,art|photography|nature,herd|antelopes|grass|field,herd of antelopes on grass field,sutirta budiman
A1YN4HKS277Z,G00203,Brown Elephant Standing On Brown Field During,https://dy-us-playground.onrender.com/,922.75,True,https://images.unsplash.com/photo-1603483080228-04f2313d9f10?w=200,art|photography|nature,brown|elephant|standing|field|during|daytime,brown elephant standing on brown field during daytime,Geranimo
F1MMVC3K67NQ,G00203,Selective Focus Photography Of Green And Orange,https://dy-us-playground.onrender.com/,1951.05,False,https://images.unsplash.com/photo-1549776904-3ec1fcd4b13b?w=200,art|photography|nature,selective|focus|photography|green|orange|lizard|brown|stem,selective focus photography of green and orange lizard on brown stem,William Warby
MUUPHZX3RMN1,G00203,Brown Elephant On Brown Field During Daytime,https://dy-us-playground.onrender.com/,481.78,True,https://images.unsplash.com/photo-1600521605615-a8d3a23d8262?w=200,art|photography|nature,brown|elephant|field|during|daytime,brown elephant on brown field during daytime,Patrick Baum
PWI49ZKPQ4MP,G00300,A Toucan Perched On A Branch In,https://dy-us-playground.onrender.com/,1205.42,True,https://plus.unsplash.com/premium_photo-1730160764063-c9ceff24a235?w=200,art|photography|forest,toucan|perched|branch|forest,A toucan perched on a branch in a forest,Giulia Squillace
45J4581MOTVF,G00204,Herd Of Deer On White Sand Near,https://dy-us-playground.onrender.com/,560.9,False,https://images.unsplash.com/photo-1549772529-d74aed2577a9?w=200,art|photography|nature,herd|deer|white|sand|near|shore,herd of deer on white sand near shore,Taun Stewart
X488PUO14T3X,G00204,Fox Sitting On Green Grass,https://dy-us-playground.onrender.com/,1214.92,False,https://images.unsplash.com/photo-1500621137413-1a61d6ac1d44?w=200,art|photography|nature,fox|sitting|green|grass,fox sitting on green grass,Nathan Anderson
N9KA8P03Y3WX,G00204,Herd Of Elephants Near Trees,https://dy-us-playground.onrender.com/,1265.5,False,https://images.unsplash.com/photo-1558907685-9f38cd850e1e?w=200,art|photography|nature,herd|elephants|near|trees,herd of elephants near trees,Photos By Beks
LRU884IW670F,G00204,Gray Elephant Walking Beside Green Plants During,https://dy-us-playground.onrender.com/,1751.42,False,https://images.unsplash.com/photo-1544211412-2a32426e7fd5?w=200,art|photography|nature,gray|elephant|walking|beside|green|plants|during|daytime,gray elephant walking beside green plants during daytime,Zoë Reeve
PMT5LL43WCQB,G00368,Eagle,https://dy-us-playground.onrender.com/,643.37,True,https://images.unsplash.com/photo-1481883814866-f6e972dd8916?w=200,animals|wildlife|birds|nature,eagle,eagle,Sue Tucker
P9GCV1U6L5HO,G00204,Selective Focus Photography Of Crocodile,https://dy-us-playground.onrender.com/,1533.71,True,https://images.unsplash.com/photo-1471005197911-88e9d4a7834d?w=200,art|photography|nature,selective|focus|photography|crocodile,selective focus photography of crocodile,Gaetano Cessati
ZX8RKU45Q1ZV,G00204,A Close Up Of The Face Of,https://dy-us-playground.onrender.com/,14.13,True,https://plus.unsplash.com/premium_photo-1675098496724-65e2d3a972b0?w=200,art|photography|nature,close|up|face|elephant,a close up of the face of an elephant,Pierre Lemos
D49SCU4CAO86,G00205,Koala Sleeping On Tree Branch,https://dy-us-playground.onrender.com/,1550.22,False,https://images.unsplash.com/photo-1459262838948-3e2de6c1ec80?w=200,art|photography|nature,koala|sleeping|tree|branch,koala sleeping on tree branch,Jordan Whitt
SYZHXSQ8JCB0,G00360,Tiger Animal,https://dy-us-playground.onrender.com/,604.25,False,https://images.unsplash.com/photo-1544985361-b420d7a77043?w=200,animals|wildlife|big-cats|tigers|nature,tiger|animal,Tiger animal,Uriel Soberanes
U8R756REWYN8,G00205,A Giraffe Eating Leaves,https://dy-us-playground.onrender.com/,1486.16,True,https://plus.unsplash.com/premium_photo-1669740462444-ba6e0c316b59?w=200,art|photography|nature,giraffe|eating|leaves,a giraffe eating leaves,Pierre Lemos
6ZFXJS0KP245,G00205,Adult Rhinosaurus,https://dy-us-playground.onrender.com/,1008.98,True,https://images.unsplash.com/flagged/photo-1557650454-65194af63bf9?w=200,art|photography|nature,adult|rhinosaurus,adult rhinosaurus,Keith Markilie
I950EJ5MZ4S8,G00205,Silhouette Of Deer Standing On Field During,https://dy-us-playground.onrender.com/,375.58,True,https://images.unsplash.com/photo-1611782712936-6247d9711816?w=200,art|photography|nature,silhouette|deer|standing|field|during|sunset,silhouette of deer standing on field during sunset,Diana Parkhouse
3ORNHOKH2A5Y,G00205,A Whitetailed Deer In Pennsylvania,https://dy-us-playground.onrender.com/,336.09,True,https://plus.unsplash.com/premium_photo-1661947436617-7c842bbbe7f3?w=200,art|photography|nature,white|tailed|deer|pennsylvania,A White-tailed Deer in Pennsylvania,Getty Images
RDYVF7E243FZ,G00101,Wolf With Open Mouth,https://dy-us-playground.onrender.com/,619.15,True,https://images.unsplash.com/photo-1564166174574-a9666f590437?w=200,animals|wildlife|canines|wolves|nature,wolf|open|mouth,wolf with open mouth,Philipp Pilz
WG2QUU6R3YNK,G00205,Orange Parrot,https://dy-us-playground.onrender.com/,537.23,True,https://images.unsplash.com/photo-1555169062-013468b47731?w=200,art|photography|nature,orange|parrot,orange parrot,Kevin Mueller
HTJ60B69R4C3,G00206,A Close Up Of A Giraffes Face,https://dy-us-playground.onrender.com/,1779.0,False,https://plus.unsplash.com/premium_photo-1673296129756-e45408e25250?w=200,art|photography|nature,close|up|giraffe|s|face|blurry|background,a close up of a giraffe's face with a blurry background,Dylan Leagh
GZSL9F1HRV8F,G00311,Brown Lion On Water During Daytime,https://dy-us-playground.onrender.com/,1678.49,True,https://images.unsplash.com/photo-1593507105697-ec89b79ca16e?w=200,animals|wildlife|big-cats|lions|nature,brown|lion|water|during|daytime,brown lion on water during daytime,Birger Strahl
ZH8M0T7EFWKX,G00206,A Camel Standing Next To A Cactus,https://dy-us-playground.onrender.com/,353.9,False,https://plus.unsplash.com/premium_photo-1724447106066-228448927199?w=200,art|photography|nature,camel|standing|next|to|cactus|desert,A camel standing next to a cactus in the desert,Point Normal
OOWCZBT4L277,G00311,Pride Of Lion On Field,https://dy-us-playground.onrender.com/,923.23,True,https://images.unsplash.com/photo-1554990772-0bea55d510d5?w=200,animals|wildlife|big-cats|lions|nature,pride|lion|field,pride of lion on field,Leonard von Bibra
7DQWUW4YKOEY,G00206,Two Zebra Standing On Brown Grass Field,https://dy-us-playground.onrender.com/,1090.65,False,https://images.unsplash.com/photo-1481889617387-82a8f2413b6b?w=200,art|photography|nature,two|zebra|standing|brown|grass|field,two zebra standing on brown grass field,George Brits
2EW551PEWVVP,G00206,A Peacock With Its Feathers Spread Out,https://dy-us-playground.onrender.com/,363.68,False,https://plus.unsplash.com/premium_photo-1695716578059-36842e9c045d?w=200,art|photography|nature,peacock|its|feathers|spread|out,a peacock with its feathers spread out,Zdeněk Macháček
3EJJKGOEYHI6,G00206,Shallow Focus Photography Of Green Frog,https://dy-us-playground.onrender.com/,1221.15,True,https://images.unsplash.com/photo-1564676208148-b599fd897ade?w=200,art|photography|nature,shallow|focus|photography|green|frog,shallow focus photography of green frog,Geoffrey Baumbach
FFMFAZ6DNQYM,G00206,Beige Baby Deer On Brown Soil Between,https://dy-us-playground.onrender.com/,244.56,False,https://images.unsplash.com/photo-1506099914961-765be7a97019?w=200,art|photography|nature,beige|baby|deer|brown|soil|between|green|grasses,beige baby deer on brown soil between green grasses at daytime,Vincent van Zalinge
UQ4LSRXRUNVT,G00207,Polar Bear On Snow Covered Ground During,https://dy-us-playground.onrender.com/,1873.49,True,https://images.unsplash.com/flagged/photo-1591475791029-f9efe6297456?w=200,art|photography|winter,polar|bear|snow|covered|ground|during|daytime,polar bear on snow covered ground during daytime,Hans-Jurgen Mager
FAINBCF1B8ZZ,G00207,Two Kangaroos Playing In A Field Of,https://dy-us-playground.onrender.com/,845.0,False,https://plus.unsplash.com/premium_photo-1706517229833-f41d68aae8ff?w=200,art|photography|nature,two|kangaroos|playing|field|yellow|flowers,two kangaroos playing in a field of yellow flowers,Joshua Earle
30YULQQ3CBIE,G00207,Peacock Expanding His Tail During Daytime,https://dy-us-playground.onrender.com/,949.7,False,https://images.unsplash.com/photo-1455824048252-3571df13b276?w=200,art|photography|nature,peacock|expanding|his|tail|during|daytime,peacock expanding his tail during daytime,Kelly Sikkema
VWHLVE3FVZ2A,G00311,Lion Lying On Ground,https://dy-us-playground.onrender.com/,800.51,True,https://images.unsplash.com/photo-1534188753412-3e26d0d618d6?w=200,animals|wildlife|big-cats|lions|nature,lion|lying|ground,lion lying on ground,Arleen wiese
59LAKT6RCQCE,G00207,Brown Squirrel On Green Leafed Tree,https://dy-us-playground.onrender.com/,39.21,False,https://images.unsplash.com/photo-1518770352423-dce09a3d3307?w=200,art|photography|nature,brown|squirrel|green|leafed|tree,brown squirrel on green leafed tree,Transly Translation Agency
LXTYNA32FVA7,G00207,Brown Deer On Green Grass During Daytime,https://dy-us-playground.onrender.com/,445.79,False,https://images.unsplash.com/photo-1629837270594-fabe06c83d5d?w=200,art|photography|nature,brown|deer|green|grass|during|daytime,brown deer on green grass during daytime,Y S
GY4M7XEG4NUD,G00207,Selective Focus Photography Of Brown Deer Standing,https://dy-us-playground.onrender.com/,488.56,False,https://images.unsplash.com/photo-1484406566174-9da000fda645?w=200,art|photography|nature,selective|focus|photography|brown|deer|standing|green|grass,selective focus photography of brown deer standing on green grass field during daytime,Laura College
MHDXJ2IM63EQ,G00208,White Fox Sitting On Snow During Daytime,https://dy-us-playground.onrender.com/,1637.53,False,https://images.unsplash.com/photo-1470093851219-69951fcbb533?w=200,art|photography|winter,white|fox|sitting|snow|during|daytime,white fox sitting on snow during daytime,Jonatan Pie
WGSXDGRHMVWV,G00208,Photo Of Black Elephant,https://dy-us-playground.onrender.com/,1251.66,True,https://images.unsplash.com/photo-1449104532935-d9209c70e2b6?w=200,art|photography|nature,photo|black|elephant,photo of black elephant,Casey Allen
BOFJMWTXE031,G00208,Elephants On Road,https://dy-us-playground.onrender.com/,1858.62,False,https://images.unsplash.com/photo-1578326626553-39f72c545b07?w=200,art|photography|nature,elephants|road,elephants on road,redcharlie
FH6ZU4JZNXHH,G00311,Brown Lion In Close Up Photography,https://dy-us-playground.onrender.com/,1548.89,False,https://images.unsplash.com/photo-1629812456605-4a044aa38fbc?w=200,animals|wildlife|big-cats|lions|nature,brown|lion|close|up|photography,brown lion in close up photography,Rob Potter
2SX3FU68VXND,G00368,A Small Bird Sitting On A Branch,https://dy-us-playground.onrender.com/,529.08,False,https://plus.unsplash.com/premium_photo-1669256684503-76bf85f8e4eb?w=200,animals|wildlife|birds|nature,small|bird|sitting|branch|tree,a small bird sitting on a branch of a tree,Matt Bango
OHAMX57VB4IU,G00208,Rhinoceros Eating Grass,https://dy-us-playground.onrender.com/,1748.3,True,https://images.unsplash.com/photo-1430026996702-608b84ce9281?w=200,art|photography|nature,rhinoceros|eating|grass,rhinoceros eating grass,Lucas Alexander
FV7M8NGXK2QA,G00208,A Low Angle Of An Elephant In,https://dy-us-playground.onrender.com/,1513.52,True,https://plus.unsplash.com/premium_photo-1661958472508-67b21f2818e0?w=200,art|photography|nature,low|angle|elephant|botswana,A low angle of an Elephant in Botswana,Getty Images
HS2ZPXYOG0GC,G00311,Lion Lying On Brown Rock,https://dy-us-playground.onrender.com/,1265.98,False,https://images.unsplash.com/photo-1583499871880-de841d1ace2a?w=200,animals|wildlife|big-cats|lions|nature,lion|lying|brown|rock,lion lying on brown rock,Clément ROY
V86DJ36H8WI7,G00368,Bird On Black Water Buffalo Face,https://dy-us-playground.onrender.com/,1945.64,False,https://images.unsplash.com/photo-1561776284-b741c036b32e?w=200,animals|wildlife|birds|nature,bird|black|water|buffalo|face,bird on black water buffalo face,Charl Durand
GY43IDWW1T40,G00208,Selective Focus Photography Of Brown Rabbit,https://dy-us-playground.onrender.com/,172.28,True,https://images.unsplash.com/photo-1480554840075-72cbdabbf689?w=200,art|photography|nature,selective|focus|photography|brown|rabbit,selective focus photography of brown rabbit,Gary Bendig
GAL7U81GVOF5,G00209,Selective Focus Photography Of Leopard,https://dy-us-playground.onrender.com/,778.87,True,https://images.unsplash.com/photo-1552844920-9ebfbf44db66?w=200,art|photography|nature,selective|focus|photography|leopard,selective focus photography of leopard,Uriel Soberanes
GU12J27H994K,G00209,Elephant Walking During Daytime,https://dy-us-playground.onrender.com/,1603.61,False,https://images.unsplash.com/photo-1557050543-4d5f4e07ef46?w=200,art|photography|nature,elephant|walking|during|daytime,elephant walking during daytime,Nam Anh
TNLZE2BNIU47,G00209,Shallow Focus Photography Of Leopard,https://dy-us-playground.onrender.com/,791.4,False,https://images.unsplash.com/photo-1496841733162-a88a250a275c?w=200,art|photography|nature,shallow|focus|photography|leopard,shallow focus photography of leopard,HARSH  TANK
5RAKOSJTBSML,G00209,A Close Up Of A Leopard On,https://dy-us-playground.onrender.com/,1758.44,False,https://images.unsplash.com/photo-1687335545159-0c3187752189?w=200,art|photography|night,close|up|leopard|dark|background,a close up of a leopard on a dark background,Rob Potter
MKRXO68JSZ2Y,G00209,Cheetah On Brown Wooden Log Under Blue,https://dy-us-playground.onrender.com/,1109.55,False,https://images.unsplash.com/photo-1597877774402-d04cad0b7596?w=200,art|photography|nature,cheetah|brown|wooden|log|under|blue|sky|during,cheetah on brown wooden log under blue sky during daytime,Partha Narasimhan
L8N4TLPG68GR,G00368,Brown Owl In Bokeh Photography,https://dy-us-playground.onrender.com/,986.7,False,https://images.unsplash.com/photo-1491328480217-db46cf0876c5?w=200,animals|wildlife|birds|nature,brown|owl|bokeh|photography,brown owl in bokeh photography,Ray Hennessy
UHSVKQ0T4M6V,G00209,Gray Deer On Green Grass During Daytime,https://dy-us-playground.onrender.com/,451.82,False,https://images.unsplash.com/photo-1606762803100-5b4833aaccc0?w=200,art|photography|nature,gray|deer|green|grass|during|daytime,gray deer on green grass during daytime,Dylan Leagh
9XXHTONI5JVI,G00210,Gray Rhino Digital Wallpaper,https://dy-us-playground.onrender.com/,1831.24,False,https://images.unsplash.com/photo-1541414779316-956a5084c0d4?w=200,art|photography|nature,gray|rhino|digital|wallpaper,gray rhino digital wallpaper,Geranimo
DI1E7M2RH4SZ,G00312,Brown Lioness Lying On Brown Rock During,https://dy-us-playground.onrender.com/,956.91,False,https://images.unsplash.com/photo-1612128686557-71729cbcfe41?w=200,animals|wildlife|big-cats|lions|nature,brown|lioness|lying|rock|during|daytime,brown lioness lying on brown rock during daytime,MARIOLA GROBELSKA
C1T7JE89TK0V,G00312,Lion Lying On Green Grass During Daytime,https://dy-us-playground.onrender.com/,1227.27,True,https://images.unsplash.com/photo-1607274134639-043342705e6f?w=200,animals|wildlife|big-cats|lions|nature,lion|lying|green|grass|during|daytime,lion lying on green grass during daytime,Mike van den Bos
B8C2Q4RJ8I1Y,G00312,Grayscale Photo Of Lion Lying On Grass,https://dy-us-playground.onrender.com/,1085.86,False,https://images.unsplash.com/photo-1615568057392-8f933710de76?w=200,animals|wildlife|big-cats|lions|nature,grayscale|photo|lion|lying|grass|field,grayscale photo of lion lying on grass field,Andrew Liu
RGW1WU51JDKX,G00210,Brown And White Spotted Deer On Green,https://dy-us-playground.onrender.com/,1850.97,False,https://images.unsplash.com/photo-1591123195933-b2df071f444b?w=200,art|photography|nature,brown|white|spotted|deer|green|grass|during|daytime,brown and white spotted deer on green grass during daytime,Erika Fletcher
267SUVDHYELD,G00210,A Close Up Of A Fox In,https://dy-us-playground.onrender.com/,359.1,False,https://images.unsplash.com/photo-1639182946622-7de9d7efa6b4?w=200,art|photography|winter,close|up|fox|snow,a close up of a fox in the snow,Jeremy Hynes
560RHN7PDHYH,G00210,Silhouette Of Moose Near Trees,https://dy-us-playground.onrender.com/,998.63,True,https://images.unsplash.com/photo-1542806109-e88b46573e79?w=200,art|photography|nature,silhouette|moose|near|trees,silhouette of moose near trees,Diana Parkhouse
NDRE7YUCYXNT,G00210,A Flamingo Standing In Shallow Water On,https://dy-us-playground.onrender.com/,739.05,False,https://plus.unsplash.com/premium_photo-1700566981992-a193442997d5?w=200,art|photography|nature,flamingo|standing|shallow|water|beach,a flamingo standing in shallow water on a beach,Gabrielle Maurer
F2CRN0VH4URT,G00360,Brown And Black Tiger Lying On Ground,https://dy-us-playground.onrender.com/,1742.89,True,https://images.unsplash.com/photo-1618142990632-1afb1bd67e7c?w=200,animals|wildlife|big-cats|tigers|nature,brown|black|tiger|lying|ground,brown and black tiger lying on ground,Waldemar Brandt
GXZAI3CS82OM,G00210,Male Springbok Vertically In The Savannah Of,https://dy-us-playground.onrender.com/,1514.0,True,https://plus.unsplash.com/premium_photo-1661849322001-a2a06d31f8c3?w=200,art|photography|nature,male|springbok|vertically|savannah|etosha|national|park,Male Springbok vertically in the savannah of Etosha National Park,Getty Images
QKVJB08WYTNU,G00369,A Close Up Of A Bald Eagle,https://dy-us-playground.onrender.com/,345.04,True,https://images.unsplash.com/photo-1719437492375-36229ce9950f?w=200,animals|wildlife|birds|nature,close|up|bald|eagle|black|background,A close up of a bald eagle with a black background,Venti Views
L1H4CZKYISUH,G00211,A Couple Of Deer Standing On Top,https://dy-us-playground.onrender.com/,1469.85,False,https://plus.unsplash.com/premium_photo-1700182582190-f44a4660cce5?w=200,art|photography|nature,couple|deer|standing|top|lush|green|field,a couple of deer standing on top of a lush green field,Natalie Behn
IGJ2PVXVS35O,G00300,Brown Mountain Ram Standing On Gray Rock,https://dy-us-playground.onrender.com/,1239.59,False,https://images.unsplash.com/photo-1520955856621-0a18372c4a57?w=200,art|photography|mountain,brown|mountain|ram|standing|gray|rock,brown mountain ram standing on gray rock mountain,Juliette Félix
A30W5J4HDRT6,G00369,Selective Focus Photography Of Puffin Bird,https://dy-us-playground.onrender.com/,122.28,True,https://images.unsplash.com/photo-1451324119451-db0ac857463c?w=200,animals|wildlife|birds|nature,selective|focus|photography|puffin|bird,selective focus photography of puffin bird,David Klaasen
3O7WLG9G5LJM,G00211,Fox Standing On Brown Soil With Rocks,https://dy-us-playground.onrender.com/,931.74,False,https://images.unsplash.com/photo-1444845026749-81acc3926736?w=200,art|photography|nature,fox|standing|brown|soil|rocks,fox standing on brown soil with rocks,Katerina Bartosova
K2LHW7GI523V,G00211,Cheetah On Grass Field,https://dy-us-playground.onrender.com/,879.26,False,https://images.unsplash.com/photo-1551969014-7d2c4cddf0b6?w=200,art|photography|nature,cheetah|grass|field,cheetah on grass field,David Groves
G0JMYA4QBJB8,G00101,Gray Wolf On Brown Grass,https://dy-us-playground.onrender.com/,796.34,True,https://images.unsplash.com/photo-1559736139-6531cc82432e?w=200,animals|wildlife|canines|wolves|nature,gray|wolf|brown|grass,gray wolf on brown grass,Vincent van Zalinge
RMG0VFNKRT9J,G00312,Brown Lion With White Eyes,https://dy-us-playground.onrender.com/,1960.7,False,https://images.unsplash.com/photo-1631019553258-043d88ef767b?w=200,animals|wildlife|big-cats|lions|nature,brown|lion|white|eyes,brown lion with white eyes,Rob Potter
YM0DRMCVOYCZ,G00211,A Close Up Of A Red Fox,https://dy-us-playground.onrender.com/,897.05,False,https://images.unsplash.com/photo-1590312572943-9452b0353187?w=200,art|photography|nature,close|up|red|fox|its|eyes|closed,a close up of a red fox with its eyes closed,Hans Veth
9L09KOA5AZDI,G00211,Two Deers Silhouettes,https://dy-us-playground.onrender.com/,708.28,True,https://images.unsplash.com/photo-1447014421976-7fec21d26d86?w=200,art|photography|nature,two|deers|silhouettes,two deers silhouettes,Paul Earle
7W5XMB8APSVI,G00369,A Colorful Bird Sitting On Top Of,https://dy-us-playground.onrender.com/,619.98,True,https://plus.unsplash.com/premium_photo-1692353950227-b90cada11251?w=200,animals|wildlife|birds|nature,colorful|bird|sitting|top|tree|branch,a colorful bird sitting on top of a tree branch,Abhijit Sinha
F61U63ZDPMGA,G00211,Five Giraffes On Grass Field During Daytime,https://dy-us-playground.onrender.com/,894.26,True,https://images.unsplash.com/photo-1505649118510-a5d934d3af17?w=200,art|photography|nature,five|giraffes|grass|field|during|daytime,five giraffes on grass field during daytime,Harshil Gudka
QKNLAFP0VHDE,G00212,Four Yaks On Snowy Field,https://dy-us-playground.onrender.com/,715.29,True,https://images.unsplash.com/photo-1535435734705-4f0f32e27c83?w=200,art|photography|winter,four|yaks|snowy|field,four yaks on snowy field,Lieve Ransijn
3LUI6VL43D0K,G00212,Selective Focus Photography Of Fox,https://dy-us-playground.onrender.com/,633.95,False,https://images.unsplash.com/photo-1530090382228-7195e08d7a75?w=200,art|photography|nature,selective|focus|photography|fox,selective focus photography of fox,Geranimo
684C7Q9Z4X0R,G00212,Photo Of Tow Gray Monkeys,https://dy-us-playground.onrender.com/,1285.74,True,https://images.unsplash.com/photo-1568584251912-94f680370e75?w=200,art|photography|nature,photo|tow|gray|monkeys,photo of tow gray monkeys,Ahmed Zayan
6T8K0NZXY7P3,G00369,A Couple Of Birds Sitting On Top,https://dy-us-playground.onrender.com/,490.51,True,https://plus.unsplash.com/premium_photo-1728659148699-1024e5f64876?w=200,animals|wildlife|birds|nature,couple|birds|sitting|top|tree|branch,A couple of birds sitting on top of a tree branch,Zdeněk Macháček
B19SE29TGRAN,G00212,Close Up Photography Of Brown Sea Turtle,https://dy-us-playground.onrender.com/,238.85,True,https://images.unsplash.com/photo-1518467166778-b88f373ffec7?w=200,art|photography|nature,close|up|photography|brown|sea|turtle,close up photography of brown sea turtle,Kris-Mikael Krister
ZSFMLP7S7IG6,G00212,A Porcupine Is Walking Through The Grass,https://dy-us-playground.onrender.com/,703.12,False,https://plus.unsplash.com/premium_photo-1706533222450-f76ed5904df9?w=200,art|photography|nature,porcupine|is|walking|through|grass,a porcupine is walking through the grass,Joshua Earle
RCV4HGYIAKJZ,G00369,Red Bird On Tree Brance,https://dy-us-playground.onrender.com/,1290.1,False,https://images.unsplash.com/photo-1463593042669-1bf00846b1b6?w=200,animals|wildlife|birds|nature,red|bird|tree|brance,red bird on tree brance,Jaime Spaniol
U5GMI7GLJKER,G00212,A Red Fox Standing On A Log,https://dy-us-playground.onrender.com/,485.43,True,https://plus.unsplash.com/premium_photo-1728311732707-3391a4f7c09c?w=200,art|photography|nature,red|fox|standing|log|woods,A red fox standing on a log in the woods,Dejan Zakic
E0XH29TLUEPQ,G00213,Orange And Silver Fox,https://dy-us-playground.onrender.com/,1824.76,True,https://images.unsplash.com/photo-1557008075-7f2c5efa4cfd?w=200,art|photography|nature,orange|silver|fox,orange and silver fox,Alexander Andrews
M1861WH0HBF4,G00213,A Close Up Of A Peacock With,https://dy-us-playground.onrender.com/,772.26,True,https://plus.unsplash.com/premium_photo-1721170788990-b39506d4ce39?w=200,art|photography|nature,close|up|peacock|blurry|background,A close up of a peacock with a blurry background,Jason Leung
9NWCJIOHJGKO,G00213,Closeup Photo Of Cheetah Lying On Ground,https://dy-us-playground.onrender.com/,1648.15,True,https://images.unsplash.com/photo-1516728778615-2d590ea1855e?w=200,art|photography|nature,closeup|photo|cheetah|lying|ground,closeup photo of cheetah lying on ground,jean wimmerlin
0ZG30LSJ57HV,G00213,Zebra Animal,https://dy-us-playground.onrender.com/,320.68,True,https://images.unsplash.com/photo-1501706362039-c06b2d715385?w=200,art|photography|nature,zebra|animal,zebra animal,Frida Lannerström
AZW3ZSAXESC6,G00213,A Group Of Pelicans Sitting On Top,https://dy-us-playground.onrender.com/,1293.71,False,https://plus.unsplash.com/premium_photo-1669258888073-b6b1eda108ee?w=200,art|photography|nature,group|pelicans|sitting|top|wooden|post,a group of pelicans sitting on top of a wooden post,Matt Bango
PUBCDXDN8BEL,G00213,Brown Giraffe Near Tree,https://dy-us-playground.onrender.com/,1958.04,True,https://images.unsplash.com/photo-1543716778-1b10caf74fb8?w=200,art|photography|nature,brown|giraffe|near|tree,brown giraffe near tree,Triston Dunn
HPXPOH1ETPWX,G00214,Polar Bear On Snow Covered Ground During,https://dy-us-playground.onrender.com/,666.98,False,https://images.unsplash.com/photo-1590434972117-eaac0c4b193e?w=200,art|photography|winter,polar|bear|snow|covered|ground|during|daytime,polar bear on snow covered ground during daytime,Hans-Jurgen Mager
U24TZ0LB9DMO,G00214,Cougar On Brown Rock Formation,https://dy-us-playground.onrender.com/,562.07,True,https://images.unsplash.com/photo-1527720255604-b27935ade401?w=200,art|photography|nature,cougar|brown|rock|formation,cougar on brown rock formation,Priscilla Du Preez 🇨🇦
951QYLU81HJ7,G00214,A Red Fox In New Jersey,https://dy-us-playground.onrender.com/,958.49,False,https://plus.unsplash.com/premium_photo-1664297547495-dae7e2fdd9e1?w=200,art|photography|nature,red|fox|new|jersey,A red fox in New Jersey,Getty Images
5BX69OQNNXIF,G00369,Shallow Focus Photography Of White And Blue,https://dy-us-playground.onrender.com/,1348.32,True,https://images.unsplash.com/photo-1512398071102-ab9c706c49a0?w=200,animals|wildlife|birds|nature,shallow|focus|photography|white|blue|bird|flying|air,shallow focus photography of white and blue bird flying in the air,Vincent van Zalinge
CY8DRZTYWINS,G00214,Parrot On Tree Branch,https://dy-us-playground.onrender.com/,1744.55,False,https://images.unsplash.com/photo-1534566991776-92e46728f72d?w=200,art|photography|nature,parrot|tree|branch,parrot on tree branch,Nikolay Tchaouchev
G1Q76UAUEDFD,G00312,Lion And Lionees Lying On Grass Field,https://dy-us-playground.onrender.com/,200.96,True,https://images.unsplash.com/photo-1559899289-df9330a3116a?w=200,animals|wildlife|big-cats|lions|nature,lion|lionees|lying|grass|field,lion and lionees lying on grass field,Zdeněk Macháček
RJBSSH0CH4T4,G00214,Black Water Buffalo On Brown Field During,https://dy-us-playground.onrender.com/,1170.53,True,https://images.unsplash.com/photo-1603966474815-85d21585ffb9?w=200,art|photography|nature,black|water|buffalo|brown|field|during|daytime,black water buffalo on brown field during daytime,Geranimo
BQH23CCHOA7U,G00214,Brown Bear On Green Tree During Daytime,https://dy-us-playground.onrender.com/,1339.13,False,https://images.unsplash.com/photo-1603041762383-714c45ec44d4?w=200,art|photography|nature,brown|bear|green|tree|during|daytime,brown bear on green tree during daytime,John Thomas
UB0K3696HKZL,G00215,Black And Brown Animal In Close Up,https://dy-us-playground.onrender.com/,167.23,False,https://images.unsplash.com/photo-1596635633457-2f3ab80a6d49?w=200,art|photography|nature,black|brown|animal|close|up|photography,black and brown animal in close up photography,Pete Nuij
2JH0B9IPV5I0,G00215,Macro Photography Of Elephants Face,https://dy-us-playground.onrender.com/,1405.07,False,https://images.unsplash.com/photo-1482237935571-d9b52bffe142?w=200,art|photography|nature,macro|photography|elephant|s|face,macro photography of elephant's face,Jennifer Latuperisa-Andresen
J7GMFHH5074P,G00215,Selective Focus Photography Of Orange Fox During,https://dy-us-playground.onrender.com/,1589.33,False,https://images.unsplash.com/photo-1569449047196-cebeecbc6b6b?w=200,art|photography|nature,selective|focus|photography|orange|fox|during|daytime,selective focus photography of orange fox during daytime,Yuriy Chemerys
NM2PH8DEYYU5,G00101,Black And Brown Wolf Painting,https://dy-us-playground.onrender.com/,1114.78,False,https://images.unsplash.com/photo-1588167056547-c183313da47c?w=200,animals|wildlife|canines|wolves|nature,black|brown|wolf|painting,black and brown wolf painting,Marc-Olivier Jodoin
WLFE9F69F3XI,G00215,Polar Bear On Snow Covered Ground During,https://dy-us-playground.onrender.com/,1663.58,True,https://images.unsplash.com/photo-1609167839803-2563add6329e?w=200,art|photography|winter,polar|bear|snow|covered|ground|during|daytime,polar bear on snow covered ground during daytime,Hans-Jurgen Mager
G1GWRUNKY8UX,G00215,A Red Fox In New Jersey,https://dy-us-playground.onrender.com/,1821.63,False,https://plus.unsplash.com/premium_photo-1664297545390-6a49b9d64a5f?w=200,art|photography|nature,red|fox|new|jersey,A red fox in New Jersey,Getty Images
BYLIPNNF7YKF,G00215,Brown Leopard On Focus Photography,https://dy-us-playground.onrender.com/,1278.74,False,https://images.unsplash.com/photo-1542296803-f4937a45e46b?w=200,art|photography|nature,brown|leopard|focus|photography,brown leopard on focus photography,Nick Fewings
VPL3ICYS1PWS,G00216,A Peacock With Its Feathers Spread Out,https://dy-us-playground.onrender.com/,1580.73,False,https://plus.unsplash.com/premium_photo-1721170851552-67b2d89044f7?w=200,art|photography|nature,peacock|its|feathers|spread|out,A peacock with its feathers spread out,Jason Leung
KTQRB8DFGV71,G00360,Wildlife Photography Of Tiger Laying On Ground,https://dy-us-playground.onrender.com/,1886.18,True,https://images.unsplash.com/photo-1508817628294-5a453fa0b8fb?w=200,animals|wildlife|big-cats|tigers|nature,wildlife|photography|tiger|laying|ground,wildlife photography of tiger laying on ground,Blake Meyer
5URIO5QFKYAY,G00216,Extremely Rare Shot Of A Mole Just,https://dy-us-playground.onrender.com/,1335.88,False,https://plus.unsplash.com/premium_photo-1725408008366-390dfe32d0a6?w=200,art|photography|nature,extremely|rare|shot|mole|just|digging|out|its,Extremely rare shot of a mole just digging out of its molehill. Macro Shot. Great Detail on its transparent teeth and strong claws.,Getty Images
ZFAE0MIXK9DY,G00216,Red And Yellow Hot Air Balloon Over,https://dy-us-playground.onrender.com/,786.66,False,https://images.unsplash.com/photo-1519659528534-7fd733a832a0?w=200,art|photography|nature,red|yellow|hot|air|balloon|over|field|zebras,red and yellow hot air balloon over field with zebras,sutirta budiman
4MIO8A0HSRNG,G00216,A Group Of Rams Standing Next To,https://dy-us-playground.onrender.com/,529.14,False,https://plus.unsplash.com/premium_photo-1674046778118-9c9898c98e3b?w=200,art|photography|nature,group|rams|standing|next|to|each|other|field,a group of rams standing next to each other on a field,Tim Schmidbauer
VMTQCQLIOEPJ,G00216,Kangaroos On Grass Field,https://dy-us-playground.onrender.com/,252.8,False,https://images.unsplash.com/photo-1526515579900-98518e7862cc?w=200,art|photography|nature,kangaroos|grass|field,kangaroos on grass field,David Clode
OXFQ7OWJC2HO,G00216,Mother Bear Walking In Finnish Taiga With,https://dy-us-playground.onrender.com/,74.53,True,https://plus.unsplash.com/premium_photo-1661963661518-5d1e2f4d8b81?w=200,art|photography|nature,mother|bear|walking|finnish|taiga|its|small|cubs,Mother bear walking in Finnish taiga with its small cubs,Getty Images
SWCWJDBJ4RC0,G00217,Brown Elephant On Brown Field Under Gray,https://dy-us-playground.onrender.com/,1382.49,True,https://images.unsplash.com/photo-1607571183710-82fbb3b57f02?w=200,art|photography|nature,brown|elephant|field|under|gray|clouds,brown elephant on brown field under gray clouds,Deon De Villiers
9C3BZS3ETYPC,G00217,A Couple Of Monkeys Sitting Next To,https://dy-us-playground.onrender.com/,1485.39,False,https://images.unsplash.com/photo-1694231005456-5f0df60ae96f?w=200,art|photography|nature,couple|monkeys|sitting|next|to|each|other,a couple of monkeys sitting next to each other,Jonas
FBAHNVLGOFN5,G00217,A Close Up Of A Small Animal,https://dy-us-playground.onrender.com/,1637.4,True,https://plus.unsplash.com/premium_photo-1666551753405-88cbf90c04ce?w=200,art|photography|nature,close|up|small|animal|horns,a close up of a small animal with horns,Matt Bango
TO7Q348Q7F3S,G00360,Brown And Black Tiger Lying On Green,https://dy-us-playground.onrender.com/,1651.7,True,https://images.unsplash.com/photo-1452001603782-7d4e7d931173?w=200,animals|wildlife|big-cats|tigers|nature,brown|black|tiger|lying|green|grass|during|daytime,brown and black tiger lying on green grass during daytime,Jack Merlin
7TIRZUQBZ2K7,G00217,A Close Up Of A Zebras Face,https://dy-us-playground.onrender.com/,1708.19,False,https://plus.unsplash.com/premium_photo-1673697678378-925471044be3?w=200,art|photography|nature,close|up|zebra|s|face|blurry|background,a close up of a zebra's face with a blurry background,Jonny Gios
TNWRXFU91PNL,G00370,A Close Up Of A Bald Eagle,https://dy-us-playground.onrender.com/,958.27,True,https://images.unsplash.com/photo-1715002383611-63488b956401?w=200,animals|wildlife|birds|nature,close|up|bald|eagle|black|background,a close up of a bald eagle with a black background,Venti Views
U0GD45ZXTSS8,G00217,Brown Deer Lying On Green Grass Field,https://dy-us-playground.onrender.com/,812.33,False,https://images.unsplash.com/photo-1596083257918-b33dc01e9727?w=200,art|photography|nature,brown|deer|lying|green|grass|field|during|daytime,brown deer lying on green grass field during daytime,Harrison Hargrave
O9G9UELF166B,G00370,A Colorful Bird Perched On Top Of,https://dy-us-playground.onrender.com/,210.96,True,https://plus.unsplash.com/premium_photo-1666777246906-3e01069f20dd?w=200,animals|wildlife|birds|nature,colorful|bird|perched|top|persons|hand,a colorful bird perched on top of a persons hand,Jacob Dyer
8NG7PUA8BGB5,G00217,Brown Deer Standing Beside Plant,https://dy-us-playground.onrender.com/,1489.43,False,https://images.unsplash.com/photo-1527644702050-c947a80cdf38?w=200,art|photography|nature,brown|deer|standing|beside|plant,brown deer standing beside plant,jamie muller
4QFSON6KS087,G00218,Red Fox Illustration,https://dy-us-playground.onrender.com/,908.59,False,https://images.unsplash.com/photo-1505259839540-04105fcd8ba3?w=200,art|photography|nature,red|fox|illustration,red fox illustration,Jeremy Vessey
ZQG9TQCU21AJ,G00218,A Deer Standing In The Middle Of,https://dy-us-playground.onrender.com/,1502.0,False,https://plus.unsplash.com/premium_photo-1675805015359-fda0a96d5842?w=200,art|photography|winter,deer|standing|middle|snow|covered|field,a deer standing in the middle of a snow covered field,Daniel Mirlea
HNLZHVD2BGDE,G00218,Brown Deer,https://dy-us-playground.onrender.com/,709.08,True,https://images.unsplash.com/photo-1578343529324-e5358d6feee9?w=200,art|photography|nature,brown|deer,brown deer,Leif Christoph Gottwald
9HDE8IC0YG4L,G00360,Bengal Tiger,https://dy-us-playground.onrender.com/,135.39,False,https://images.unsplash.com/photo-1524132989408-c8ee48d8f147?w=200,animals|wildlife|big-cats|tigers|nature,bengal|tiger,bengal tiger,Andy Holmes
FB89R6Z7QLRQ,G00370,A Close Up Of A Bird With,https://dy-us-playground.onrender.com/,53.0,False,https://plus.unsplash.com/premium_photo-1669259883098-f66ea2dc3311?w=200,animals|wildlife|birds|nature,close|up|bird|long|beak,a close up of a bird with a long beak,Matt Bango
QD15GFU9VITT,G00218,Red Fox Surrounded With Purple Flowers,https://dy-us-playground.onrender.com/,1062.04,True,https://images.unsplash.com/photo-1506657047594-19a6c6a72bd0?w=200,art|photography|nature,red|fox|surrounded|purple|flowers,red fox surrounded with purple flowers,Nathan Anderson
MX248J14L65C,G00218,A Group Of Deer In A Field,https://dy-us-playground.onrender.com/,1766.65,True,https://plus.unsplash.com/premium_photo-1669740462492-a0546b5c647b?w=200,art|photography|nature,group|deer|field,a group of deer in a field,Pierre Lemos
NREHLA6A5RC5,G00218,Grayscale Photo Of Two Zebras,https://dy-us-playground.onrender.com/,1651.7,True,https://images.unsplash.com/photo-1532517308734-0565178471d2?w=200,art|photography|nature,grayscale|photo|two|zebras,grayscale photo of two zebras,Vincent van Zalinge
5OCY3FF3KIZ7,G00219,A Crab Shaped Object Sitting On Top,https://dy-us-playground.onrender.com/,1654.96,False,https://plus.unsplash.com/premium_photo-1723207238306-ca850dc2018d?w=200,art|photography|nature,crab|shaped|object|sitting|top|body|water,A crab shaped object sitting on top of a body of water,Alex Shuper
H6J0R7LSHF4K,G00219,Brown Animal Lying On Green Grass Field,https://dy-us-playground.onrender.com/,1718.64,False,https://images.unsplash.com/photo-1621684286236-6fa73062a082?w=200,art|photography|nature,brown|animal|lying|green|grass|field,brown animal lying on green grass field,Diana Parkhouse
8WR4NUJQ90YQ,G00219,Two Zebras Walking On Brown Path,https://dy-us-playground.onrender.com/,218.87,False,https://images.unsplash.com/photo-1536517394620-8fbcfadb9be8?w=200,art|photography|nature,two|zebras|walking|brown|path,two zebras walking on brown path,bert b
GGY6ML1UF8Q8,G00219,Beautiful Cheetah Lying In High Grass Of,https://dy-us-playground.onrender.com/,1163.5,False,https://plus.unsplash.com/premium_photo-1661963479834-e1fd03a47bf5?w=200,art|photography|nature,beautiful|cheetah|lying|high|grass|african|savanna|kenya,"Beautiful cheetah lying in high grass of African savanna, Kenya",Getty Images
MFI6Q04OYHPQ,G00360,Tiger On Brown Tree Log,https://dy-us-playground.onrender.com/,290.34,True,https://images.unsplash.com/photo-1615824996195-f780bba7cfab?w=200,animals|wildlife|big-cats|tigers|nature,tiger|brown|tree|log,tiger on brown tree log,Rishabh Pandoh
BEDSKB9RSGXF,G00219,Two Black And White Dolphins Swimming In,https://dy-us-playground.onrender.com/,1790.21,False,https://plus.unsplash.com/premium_photo-1724439754444-6bc0e8a43327?w=200,art|photography|nature,two|black|white|dolphins|swimming|ocean,Two black and white dolphins swimming in the ocean,Alex Shuper
8XMCNAE74XKG,G00370,Selective Focus Grayscale Photography Of Owl,https://dy-us-playground.onrender.com/,1224.31,False,https://images.unsplash.com/photo-1522120657009-060ca01afcd6?w=200,animals|wildlife|birds|nature,selective|focus|grayscale|photography|owl,selective focus grayscale photography of owl,Vidar Nordli-Mathisen
PBWW9OF52JKS,G00219,Selective Focus Of Brown Deer Lying On,https://dy-us-playground.onrender.com/,530.79,True,https://images.unsplash.com/photo-1476922027627-aa7293e3aaa8?w=200,art|photography|nature,selective|focus|brown|deer|lying|green|grass|during,selective focus of brown deer lying on green grass during daytime,Pedro Lastra
NZC3VP639GBH,G00220,Brown Elephant Under Tree At Daytime,https://dy-us-playground.onrender.com/,1597.2,False,https://images.unsplash.com/photo-1510837267498-0148e51cdfc0?w=200,art|photography|nature,brown|elephant|under|tree|at|daytime,brown elephant under tree at daytime,Harshil Gudka
KOA3YO7NDEW0,G00220,Panda Eating Bamboo,https://dy-us-playground.onrender.com/,1416.21,True,https://images.unsplash.com/photo-1564349683136-77e08dba1ef7?w=200,art|photography|nature,panda|eating|bamboo,panda eating bamboo,Sid Balachandran
GSJNJE7M6AUF,G00220,Brown Squirrel On Tree Branch At Daytime,https://dy-us-playground.onrender.com/,1197.34,False,https://images.unsplash.com/photo-1470130623320-9583a8d06241?w=200,art|photography|nature,brown|squirrel|tree|branch|at|daytime,brown squirrel on tree branch at daytime,Ilnur Kalimullin
9GXRIM7FHYOT,G00361,Lying Brown And Black Tiger On Green,https://dy-us-playground.onrender.com/,896.83,False,https://images.unsplash.com/photo-1560963102-200fcdeabd5e?w=200,animals|wildlife|big-cats|tigers|nature,lying|brown|black|tiger|green|grass,lying brown and black tiger on green grass,Owlie Harrington
RSSHFE6DJDSX,G00220,Closeup Photo Of Brown Deer,https://dy-us-playground.onrender.com/,1480.53,False,https://images.unsplash.com/photo-1518929794142-503f5015bad6?w=200,art|photography|nature,closeup|photo|brown|deer,closeup photo of brown deer,Jf Brou
Y6IEA8JJXJOE,G00370,White And Black Eagle,https://dy-us-playground.onrender.com/,155.24,False,https://images.unsplash.com/reserve/iZkDQMqeQlqhoCIywoFv_6005485056_c8622e0824_o.jpg?w=200,animals|wildlife|birds|nature,white|black|eagle,white and black eagle,Giovanni Calia
LC8GTYLUJR05,G00220,A Mother And Baby Monkey Sitting On,https://dy-us-playground.onrender.com/,1985.38,False,https://plus.unsplash.com/premium_photo-1669278728727-e058405e6a70?w=200,art|photography|nature,mother|baby|monkey|sitting|rock,a mother and baby monkey sitting on a rock,Spenser Sembrat
4J26YRZRJODB,G00370,White And Black Puffin Bird On Gray,https://dy-us-playground.onrender.com/,870.28,True,https://images.unsplash.com/photo-1490718687940-0ecadf414600?w=200,animals|wildlife|birds|nature,white|black|puffin|bird|gray|rock|during|daytime,white and black puffin bird on gray rock during daytime,Ray Hennessy
ST4BPB6IM0N1,G00220,Shallow Focus Of Pelican,https://dy-us-playground.onrender.com/,656.79,False,https://images.unsplash.com/photo-1495271417754-9795be99d810?w=200,art|photography|nature,shallow|focus|pelican,shallow focus of pelican,Partha Pratim Das
VP8HSCVSYDBF,G00371,A Bald Eagle Sitting On Top Of,https://dy-us-playground.onrender.com/,284.06,True,https://images.unsplash.com/photo-1719437492381-390a334e5722?w=200,animals|wildlife|birds|nature,bald|eagle|sitting|top|tree|branch,A bald eagle sitting on top of a tree branch,Venti Views
2E5ABASA4VSM,G00312,Brown Lioness On Water During Daytime,https://dy-us-playground.onrender.com/,412.63,True,https://images.unsplash.com/photo-1596174621919-3cd8eedaa316?w=200,animals|wildlife|big-cats|lions|nature,brown|lioness|water|during|daytime,brown lioness on water during daytime,Birger Strahl
UIN0MMMSD806,G00371,A Blue Bird Sitting On Top Of,https://dy-us-playground.onrender.com/,1645.09,False,https://plus.unsplash.com/premium_photo-1667445769497-1abd06db6a3e?w=200,animals|wildlife|birds|nature,blue|bird|sitting|top|wooden|post,a blue bird sitting on top of a wooden post,Matt Bango
ZTFDLZXUUHCU,G00221,Leopard Eating On Top Of Tree Branch,https://dy-us-playground.onrender.com/,1373.8,False,https://images.unsplash.com/photo-1523298020485-2eb454f4957b?w=200,art|photography|nature,leopard|eating|top|tree|branch,leopard eating on top of tree branch,Joe McDaniel
ECWC6PWHSSRP,G00313,Lioness Lying On A Big Tree Closeup,https://dy-us-playground.onrender.com/,1345.66,True,https://plus.unsplash.com/premium_photo-1661843634425-7e0b3663f33f?w=200,animals|wildlife|big-cats|lions|nature,lioness|lying|big|tree|close|up|uganda|east,Lioness lying on a big tree. Close-up. Uganda. East Africa. An excellent illustration.,Getty Images
FA3T594KUFZ4,G00221,A Zebra Standing In A Field,https://dy-us-playground.onrender.com/,1479.02,True,https://images.unsplash.com/photo-1651649128556-6e9f35059532?w=200,art|photography|nature,zebra|standing|field,a zebra standing in a field,Robyn Jacquiline Nayager
0G65NB8C1O52,G00221,A Hyena Standing In A Field Of,https://dy-us-playground.onrender.com/,471.14,True,https://plus.unsplash.com/premium_photo-1666229900262-a096be6e6b6b?w=200,art|photography|nature,hyena|standing|field|dry|grass,a hyena standing in a field of dry grass,Matt Bango
XYQETVS51CUU,G00221,Silhouette Of Deer On Grass Field During,https://dy-us-playground.onrender.com/,1136.47,True,https://images.unsplash.com/photo-1584982384062-a777b700e6c4?w=200,art|photography|nature,silhouette|deer|grass|field|during|sunset,silhouette of deer on grass field during sunset,Max Saeling
JNRDYIT2UAYF,G00371,A Hummingbird Flying In The Air With,https://dy-us-playground.onrender.com/,239.9,False,https://plus.unsplash.com/premium_photo-1709899169793-9c0b3586f55f?w=200,animals|wildlife|birds|nature,hummingbird|flying|air|its|beak|open,a hummingbird flying in the air with its beak open,Zdeněk Macháček
YRILDH02CPOH,G00221,Closeup Photo Of Ferret,https://dy-us-playground.onrender.com/,1450.66,False,https://images.unsplash.com/photo-1528089129176-3dd4a57f6461?w=200,art|photography|nature,closeup|photo|ferret,closeup photo of ferret,Jason Hafso
Z0YCWI7CHG8C,G00307,A Small Cat Walking Across A Snow,https://dy-us-playground.onrender.com/,1459.17,False,https://plus.unsplash.com/premium_photo-1707213919507-7c417c46f31d?w=200,animals|pets|cats|winter,small|cat|walking|across|snow|covered|field,a small cat walking across a snow covered field,Zdeněk Macháček
ORP8461AL7S2,G00221,A Small Animal Sitting On A Rock,https://dy-us-playground.onrender.com/,122.02,False,https://images.unsplash.com/photo-1666963341825-c93a87892e55?w=200,art|photography|nature,small|animal|sitting|rock,a small animal sitting on a rock,Stephane Ben8
N9G9FNJIA88Q,G00222,Brown Bear With Blue Eyes,https://dy-us-playground.onrender.com/,1467.01,True,https://images.unsplash.com/photo-1599948058230-78896e742f7e?w=200,art|photography|nature,brown|bear|blue|eyes,brown bear with blue eyes,mana5280
RSQSJ6XHW5QI,G00307,Brown And Black Wild Cat Sitting On,https://dy-us-playground.onrender.com/,1908.98,True,https://images.unsplash.com/photo-1527720175429-214744972b4b?w=200,animals|pets|cats|nature,brown|black|wild|cat|sitting|rack,brown and black wild cat sitting on brown rack,Priscilla Du Preez 🇨🇦
8ZHRSR8R6MFF,G00222,Gray Koala Bear Sitting On Tree Branch,https://dy-us-playground.onrender.com/,909.91,False,https://images.unsplash.com/photo-1524125833033-bc59e523d3e5?w=200,art|photography|nature,gray|koala|bear|sitting|tree|branch|during|daytime,gray koala bear sitting on tree branch during daytime,Photoholgic
BZKDD4XDEQGZ,G00222,A Red Fox Standing On Top Of,https://dy-us-playground.onrender.com/,1573.61,False,https://images.unsplash.com/photo-1729145213861-f6ba8706cb51?w=200,art|photography|nature,red|fox|standing|top|grass|covered|field,A red fox standing on top of a grass covered field,Dylan Calluy
XGKER6DCY03B,G00361,Siberian Amur Tiger In A Jump Catches,https://dy-us-playground.onrender.com/,421.79,False,https://plus.unsplash.com/premium_photo-1661963643193-8bedab8db800?w=200,animals|wildlife|big-cats|tigers|winter,siberian|amur|tiger|jump|catches|its|prey|very,Siberian (Amur) tiger in a jump catches its prey. Very dynamic shot. China. Harbin. Mudanjiang province. Hengdaohezi park. Siberian Tiger Park. Winter. Hard frost. (Panthera tgris altaica),Getty Images
MJBOWW6ZPTEJ,G00222,Giraffe Eating Green Leaves During Daytime,https://dy-us-playground.onrender.com/,1789.75,False,https://images.unsplash.com/photo-1516051713211-b616b2fcf955?w=200,art|photography|nature,giraffe|eating|green|leaves|during|daytime,giraffe eating green leaves during daytime,Matthew Essman
GC8I4CSSUR7G,G00361,Tiger Lying On Brown Soil,https://dy-us-playground.onrender.com/,586.62,False,https://images.unsplash.com/photo-1616869736810-a674a04d0440?w=200,animals|wildlife|big-cats|tigers|nature,tiger|lying|brown|soil,tiger lying on brown soil,Janosch Diggelmann
5ONLXBAGEGZN,G00222,Five Zebra Surrounded By Brown Grass During,https://dy-us-playground.onrender.com/,190.1,True,https://images.unsplash.com/photo-1517339234442-5cfdc9a90a69?w=200,art|photography|nature,five|zebra|surrounded|by|brown|grass|during|daytime,five zebra surrounded by brown grass during daytime,sutirta budiman
8H1W1CHSE3D3,G00222,Two Brownandblack Bats On Brown Wood Branches,https://dy-us-playground.onrender.com/,631.33,False,https://images.unsplash.com/photo-1566711318770-8518374c2faa?w=200,art|photography|nature,two|brown|black|bats|wood|branches,two brown-and-black bats on brown wood branches,Geoff Brooks
PZNH91ZDZU29,G00223,Portrait Of A Cheetah In Dappled Light,https://dy-us-playground.onrender.com/,334.47,False,https://plus.unsplash.com/premium_photo-1661952507806-a7e533fc9e62?w=200,art|photography|nature,portrait|cheetah|dappled|light,Portrait of a cheetah in dappled light,Getty Images
TJK76IAZFVVM,G00223,Brown Deer Outdoor During Daytime,https://dy-us-playground.onrender.com/,1290.57,True,https://images.unsplash.com/photo-1522056429125-1bdf11ac20ce?w=200,art|photography|nature,brown|deer|outdoor|during|daytime,brown deer outdoor during daytime,Valerie Bosch
Y8RU835SIX8E,G00223,Zebra On Brown Grass Field During Daytime,https://dy-us-playground.onrender.com/,1450.01,True,https://images.unsplash.com/photo-1623743424601-12be3807f99b?w=200,art|photography|nature,zebra|brown|grass|field|during|daytime,zebra on brown grass field during daytime,Bibhash (Polygon.Cafe) Banerjee
KCELKNXHOKXH,G00313,Two Lions Lying On Ground,https://dy-us-playground.onrender.com/,514.95,True,https://images.unsplash.com/photo-1517689336274-0184339e2b68?w=200,animals|wildlife|big-cats|lions|nature,two|lions|lying|ground,two lions lying on ground,Gary Whyte
AMKUY60RDB9L,G00313,A Lion Portrait In The Maasai Mara,https://dy-us-playground.onrender.com/,836.81,True,https://plus.unsplash.com/premium_photo-1664301878618-02a570e4b814?w=200,animals|wildlife|big-cats|lions|nature,lion|portrait|maasai|mara|africa,"A lion portrait in the Maasai Mara, Africa",Getty Images
4BBMPRDVKJSS,G00361,Two Tigers On Grass,https://dy-us-playground.onrender.com/,16.62,False,https://images.unsplash.com/photo-1563898399564-9bad90ba2997?w=200,animals|wildlife|big-cats|tigers|nature,two|tigers|grass,two tigers on grass,Ilja Nedilko
LHLACRLOE2LP,G00313,Lion Lying On Brown Grass During Daytime,https://dy-us-playground.onrender.com/,768.82,True,https://images.unsplash.com/photo-1600158362217-37e9db30b17a?w=200,animals|wildlife|big-cats|lions|nature,lion|lying|brown|grass|during|daytime,lion lying on brown grass during daytime,Birger Strahl
HRQDG5ADDCDK,G00223,Brown Bear Sitting On Grass Field,https://dy-us-playground.onrender.com/,1100.5,True,https://images.unsplash.com/photo-1530595467537-0b5996c41f2d?w=200,art|photography|nature,brown|bear|sitting|grass|field,brown bear sitting on grass field,Mark Basarab
O3TTL4VZPZ16,G00313,Lion Laying On Ground Facing Sideways,https://dy-us-playground.onrender.com/,1536.83,True,https://images.unsplash.com/photo-1516728918023-0fd81a3a149c?w=200,animals|wildlife|big-cats|lions|nature,lion|laying|ground|facing|sideways,lion laying on ground facing sideways,jean wimmerlin
FIAXQFTV4JIP,G00223,School Of Assortedcolor Koi Fish,https://dy-us-playground.onrender.com/,1085.82,False,https://images.unsplash.com/photo-1540996772485-94e7e92bc1f0?w=200,art|photography|nature,school|assorted|color|koi|fish,school of assorted-color koi fish,Taychin Olanwichitwong
7PGRB0JLJZRU,G00300,A Large Brown Bear Walking Across A,https://dy-us-playground.onrender.com/,233.54,False,https://images.unsplash.com/photo-1601049361934-6ed5a7d6926b?w=200,art|photography|winter,large|brown|bear|walking|across|snow|covered|forest,a large brown bear walking across a snow covered forest,Gustavo Leighton
JMBTRCQE1UQ9,G00223,Giraffe Eating During Daytime,https://dy-us-playground.onrender.com/,1807.11,True,https://images.unsplash.com/photo-1496963729609-7d408fa580b5?w=200,art|photography|nature,giraffe|eating|during|daytime,giraffe eating during daytime,Juan Gaspar de Alba
16HGPH4C2DE8,G00224,A Deer Walking Through A Lush Green,https://dy-us-playground.onrender.com/,1002.81,True,https://images.unsplash.com/photo-1677144990347-37eecccebf2b?w=200,art|photography|nature,deer|walking|through|lush|green|field,a deer walking through a lush green field,Tim Mossholder
YBA4QMTEYW7T,G00224,Two Starfishs Floating In A Pool Of,https://dy-us-playground.onrender.com/,860.89,True,https://plus.unsplash.com/premium_photo-1722895862381-e445d66a8cdb?w=200,art|photography|nature,two|starfishs|floating|pool|water,Two starfishs floating in a pool of water,Paris Bilal
WG2DAUFIYA9T,G00224,Grey Elephant In Close Up Photography,https://dy-us-playground.onrender.com/,922.43,True,https://images.unsplash.com/photo-1580200131976-112bea9d35f5?w=200,art|photography|nature,grey|elephant|close|up|photography,grey elephant in close up photography,redcharlie
37US97XRS3I1,G00224,A Close Up Of A Leopard In,https://dy-us-playground.onrender.com/,774.29,False,https://plus.unsplash.com/premium_photo-1708455858964-f6a5e2746fe4?w=200,art|photography|nature,close|up|leopard|field,a close up of a leopard in a field,Unsplash+ Community
5GHELFZP1DNC,G00224,Brown Fox On Brown Tree Branch,https://dy-us-playground.onrender.com/,1497.78,True,https://images.unsplash.com/photo-1622237522665-f25c0139ab06?w=200,art|photography|nature,brown|fox|tree|branch,brown fox on brown tree branch,Jeremy Hynes
4FLL28CQBYZU,G00313,Lioness Illustration,https://dy-us-playground.onrender.com/,767.26,True,https://images.unsplash.com/photo-1458724338480-79bc7a8352e4?w=200,animals|wildlife|big-cats|lions|nature,lioness|illustration,Lioness illustration,Samuel Scrimshaw
DET3Q2OF3MRM,G00224,Brown Leopard Near Trees,https://dy-us-playground.onrender.com/,15.26,False,https://images.unsplash.com/photo-1566489564594-f2163930c034?w=200,art|photography|nature,brown|leopard|near|trees,brown leopard near trees,Tobias Tullius
1A6H33BGYIDW,G00314,Grayscale Photo Of Lion Face,https://dy-us-playground.onrender.com/,1290.38,False,https://images.unsplash.com/photo-1588442025058-dffe84001858?w=200,animals|wildlife|big-cats|lions|nature,grayscale|photo|lion|face,grayscale photo of lion face,Catherine Merlin
Q5B83LJHI1V9,G00225,Grayscale Photo Of Rhinoceros,https://dy-us-playground.onrender.com/,1572.92,True,https://images.unsplash.com/photo-1523700664714-1345c3d6a0c1?w=200,art|photography|nature,grayscale|photo|rhinoceros,grayscale photo of rhinoceros,Glen Carrie
R41C09OCFFBG,G00225,Reddish Egret In Northern Florida,https://dy-us-playground.onrender.com/,474.39,True,https://plus.unsplash.com/premium_photo-1661964130772-4694fcebe327?w=200,art|photography|nature,reddish|egret|northern|florida,Reddish egret in Northern Florida,Getty Images
GBT1OBJJUD9P,G00225,Zebra On Grass Field In Grayscale Photography,https://dy-us-playground.onrender.com/,1692.81,False,https://images.unsplash.com/photo-1606982173662-be4673a708ff?w=200,art|photography|nature,zebra|grass|field|grayscale|photography,zebra on grass field in grayscale photography,Birger Strahl
YALS4VYZW2R3,G00225,A Red Fox Standing In A Field,https://dy-us-playground.onrender.com/,17.38,False,https://plus.unsplash.com/premium_photo-1669310458041-b65814d270e4?w=200,art|photography|nature,red|fox|standing|field|tall|grass,a red fox standing in a field of tall grass,Nathan Anderson
L3C2CP2XHLTM,G00225,Animals Running On Field During Nighttime,https://dy-us-playground.onrender.com/,902.92,True,https://images.unsplash.com/photo-1516729793816-57bd092b2c84?w=200,art|photography|night,animals|running|field|during|nighttime,animals running on field during nighttime,jean wimmerlin
EXEM3HJ761S3,G00101,Maned Wolf Running Across Dry Grassland At,https://dy-us-playground.onrender.com/,111.3,True,https://plus.unsplash.com/premium_photo-1767654507427-3b745514fd79?w=200,animals|wildlife|canines|wolves|nature,maned|wolf|running|across|dry|grassland|at|sunset,Maned wolf running across dry grassland at sunset,Allec Gomes
A3PBXGG3OHRG,G00225,A Black And White Photo Of A,https://dy-us-playground.onrender.com/,1038.9,True,https://images.unsplash.com/photo-1650119765619-54325b5ba09b?w=200,art|photography|nature,black|white|photo|cheetah,a black and white photo of a cheetah,Andrew Liu
SEMHBXB3R6C1,G00226,Panda Eating Bamboo,https://dy-us-playground.onrender.com/,1951.75,False,https://images.unsplash.com/photo-1527118732049-c88155f2107c?w=200,art|photography|nature,panda|eating|bamboo,panda eating bamboo,Jay Wennington
P2UA044DJX2A,G00226,Gray Horned Animal,https://dy-us-playground.onrender.com/,1071.29,True,https://images.unsplash.com/photo-1493847242172-d46053a1f671?w=200,art|photography|nature,gray|horned|animal,gray horned animal,Joey Pilgrim
VIUH7SR0HJGR,G00371,A Bird Flying Over A Body Of,https://dy-us-playground.onrender.com/,1948.18,False,https://plus.unsplash.com/premium_photo-1698524852449-cee613bb035e?w=200,animals|wildlife|birds|nature,bird|flying|over|body|water,a bird flying over a body of water,Zdeněk Macháček
D574E1BCJFFH,G00226,A Small Red Fox Walking Through A,https://dy-us-playground.onrender.com/,1182.44,True,https://images.unsplash.com/photo-1729145213869-d32ec797d00c?w=200,art|photography|nature,small|red|fox|walking|through|grass|covered|field,A small red fox walking through a grass covered field,Dylan Calluy
VLI5W395O132,G00226,Three Elephants Walking On Green Grass Field,https://dy-us-playground.onrender.com/,858.5,False,https://images.unsplash.com/photo-1536797162890-55dd8c7b38eb?w=200,art|photography|nature,three|elephants|walking|green|grass|field|during|daytime,three elephants walking on green grass field during daytime,David Clode
OM20QDZBAR0I,G00301,Brown Deer In Forest During Daytime,https://dy-us-playground.onrender.com/,348.09,True,https://images.unsplash.com/photo-1606071025840-ea01cb8506af?w=200,art|photography|forest,brown|deer|forest|during|daytime,brown deer in forest during daytime,Sascha Bosshard
PNAWTGB0FIWU,G00226,A Couple Of Butterflies Flying Over A,https://dy-us-playground.onrender.com/,189.26,False,https://images.unsplash.com/photo-1721527095718-f300ebcb26da?w=200,art|photography|nature,couple|butterflies|flying|over|red|flower,A couple of butterflies flying over a red flower,Sri Widayanto
WWB37NOFZB5U,G00226,Selective Focus Photography Of A Black Bear,https://dy-us-playground.onrender.com/,601.22,True,https://images.unsplash.com/photo-1496297679486-1a1607669129?w=200,art|photography|nature,selective|focus|photography|black|bear,selective focus photography of a black bear,Matthias Götzke
MS339HZMOK76,G00227,Brown And White Spotted Deer On Green,https://dy-us-playground.onrender.com/,1400.33,True,https://images.unsplash.com/photo-1599456671475-da8c5b91e52c?w=200,art|photography|nature,brown|white|spotted|deer|green|grass|field|during,brown and white spotted deer on green grass field during daytime,Rey Emsen
990OMAVMYKSU,G00227,A Deer With Antlers Running Through Tall,https://dy-us-playground.onrender.com/,1212.37,False,https://images.unsplash.com/photo-1733514934853-ae390479ff0b?w=200,art|photography|nature,deer|antlers|running|through|tall|grass,A deer with antlers running through tall grass,FramedNFocussed Photography
IYZCC9Z4K2NL,G00227,A Large Brown Spider Sitting On Top,https://dy-us-playground.onrender.com/,1330.57,True,https://images.unsplash.com/photo-1738165378139-345d8ea3fbe3?w=200,art|photography|nature,large|brown|spider|sitting|top|wooden|fence,A large brown spider sitting on top of a wooden fence,Jackie Best
D3K002LNIGH0,G00227,A Flamingo Standing In The Middle Of,https://dy-us-playground.onrender.com/,51.04,True,https://images.unsplash.com/photo-1740402987691-3b93386b16e4?w=200,art|photography|nature,flamingo|standing|middle|body|water,A flamingo standing in the middle of a body of water,TC Photography
CAAX1YRJSGFQ,G00227,A Group Of Three Meerkats Standing Next,https://dy-us-playground.onrender.com/,1161.86,True,https://images.unsplash.com/photo-1686420601598-dc0c0b597fac?w=200,art|photography|nature,group|three|meerkats|standing|next|to|each|other,a group of three meerkats standing next to each other,ha haha852
2R9ZNOQ21VBG,G00227,A Large Brown Bear Walking Across A,https://dy-us-playground.onrender.com/,1972.1,True,https://images.unsplash.com/photo-1726335849487-fd5d3b63b87c?w=200,art|photography|nature,large|brown|bear|walking|across|lush|green|field,A large brown bear walking across a lush green field,Ronan Hello
PW2FZXDML09T,G00228,A Wet Otter Sitting On The Ground,https://dy-us-playground.onrender.com/,59.32,True,https://images.unsplash.com/photo-1726336252228-cafc9cfe92e6?w=200,art|photography|nature,wet|otter|sitting|ground|looking|up,A wet otter sitting on the ground looking up,Ronan Hello
MK9ZFLD43BQ1,G00301,Bears Walking In The Forest,https://dy-us-playground.onrender.com/,81.66,True,https://images.unsplash.com/photo-1661015799592-d9a4c1828b0e?w=200,art|photography|forest,bears|walking|forest,bears walking in the forest,Karthik Sreenivas
EMTB7JTHCI5Y,G00371,A Bird Perched On Top Of A,https://dy-us-playground.onrender.com/,723.05,False,https://images.unsplash.com/photo-1732007584682-ade5458e0f39?w=200,animals|wildlife|birds|nature,bird|perched|top|wooden|pole,A bird perched on top of a wooden pole,christie greene
GCUM4K4XI06W,G00371,Brown And Black Bird On Black Metal,https://dy-us-playground.onrender.com/,1667.32,True,https://images.unsplash.com/photo-1626003922358-12d5b6c9f756?w=200,animals|wildlife|birds|nature,brown|black|bird|metal|bar,brown and black bird on black metal bar,Mohammed Nasim
5I7WC8PBZFX8,G00301,A Stuffed Animal Hanging From A Tree,https://dy-us-playground.onrender.com/,671.15,False,https://plus.unsplash.com/premium_photo-1675188410895-cae8ec158a25?w=200,art|photography|forest,stuffed|animal|hanging|tree|forest,a stuffed animal hanging from a tree in a forest,Sandra Seitamaa
1GREJK2ABWTY,G00372,A Bird Is Sitting On A Tree,https://dy-us-playground.onrender.com/,1255.8,True,https://images.unsplash.com/photo-1726335849099-b8a9958ff19c?w=200,animals|wildlife|birds|nature,bird|is|sitting|tree|branch,A bird is sitting on a tree branch,Ronan Hello
G5C729FXID6V,G00372,A Small Bird Perched On Top Of,https://dy-us-playground.onrender.com/,666.89,False,https://images.unsplash.com/photo-1678048632412-f18bbbd3662a?w=200,animals|wildlife|birds|nature,small|bird|perched|top|wooden|stick,a small bird perched on top of a wooden stick,Daniil Komov
C1ODCRT2RP65,G00228,A Donkey Standing In A Grassy Field,https://dy-us-playground.onrender.com/,1138.04,True,https://images.unsplash.com/photo-1739742974975-29d62df2e6e7?w=200,art|photography|nature,donkey|standing|grassy|field|trees|background,A donkey standing in a grassy field with trees in the background,Kevin Wright
EHJJJ4QGDA71,G00372,A Small Bird Perched On A Branch,https://dy-us-playground.onrender.com/,529.4,True,https://images.unsplash.com/photo-1678048632134-79d0c6ebbd53?w=200,animals|wildlife|birds|forest,small|bird|perched|branch|forest,a small bird perched on a branch in a forest,Daniil Komov
H6Z869YOPY8I,G00228,A Snake That Is Laying On The,https://dy-us-playground.onrender.com/,1212.11,False,https://images.unsplash.com/photo-1650044215771-ecfea2760b8c?w=200,art|photography|nature,snake|is|laying|ground,a snake that is laying on the ground,Allaya Nija
L87J8Q7QTFL5,G00372,Bald Eagle Perched On A Wooden Beam,https://dy-us-playground.onrender.com/,940.19,False,https://images.unsplash.com/photo-1755968835796-add6424edf61?w=200,animals|wildlife|birds|nature,bald|eagle|perched|wooden|beam,Bald eagle perched on a wooden beam,Idean Azad
8MRU1243NJ75,G00228,Duck Swimming In A Green Algaecovered Pond,https://dy-us-playground.onrender.com/,1970.77,True,https://images.unsplash.com/photo-1757860090531-6d34825c5dd7?w=200,art|photography|nature,duck|swimming|green|algae|covered|pond,Duck swimming in a green algae-covered pond,Dima
XCORYUE9K2TV,G00301,A Brown Bear On The Bog In,https://dy-us-playground.onrender.com/,1343.79,True,https://plus.unsplash.com/premium_photo-1664298010187-091137b9e296?w=200,art|photography|forest,brown|bear|bog|autumn|forest|adult|big,"A brown bear on the bog in the autumn forest. Adult Big Brown Bear Male. Scientific name: Ursus arctos. nature habitat, autumn season.",Getty Images
O49U31XZ0FY8,G00228,A Close Up Of A Green Turtle,https://dy-us-playground.onrender.com/,833.31,False,https://plus.unsplash.com/premium_photo-1724480167217-9737261a5aac?w=200,art|photography|nature,close|up|green|turtle|blue|background,A close up of a green turtle with a blue background,Alex Shuper
PSBAU7MDJXU4,G00228,A Couple Of Animals That Are Laying,https://dy-us-playground.onrender.com/,1151.41,True,https://images.unsplash.com/photo-1728557349552-c1660fbdff7c?w=200,art|photography|nature,couple|animals|are|laying|down,A couple of animals that are laying down,Hugh Green
NQ4CIH0VI3OZ,G00229,Red And Black Ladybug On Green Leaf,https://dy-us-playground.onrender.com/,1650.93,True,https://images.unsplash.com/photo-1626754413194-6f9b45d3397c?w=200,art|photography|nature,red|black|ladybug|green|leaf|during|daytime,red and black ladybug on green leaf during daytime,Duong Thinh
PYU9Z5NYZUX5,G00229,A Large Animal Standing On Top Of,https://dy-us-playground.onrender.com/,169.03,False,https://images.unsplash.com/photo-1677915762983-c64fc9152c45?w=200,art|photography|nature,large|animal|standing|top|lush|green|field,a large animal standing on top of a lush green field,Muhammad Usman Raza
PXAENM5BSNAG,G00229,Green Reptile,https://dy-us-playground.onrender.com/,252.21,True,https://images.unsplash.com/photo-1563644786008-051ff259517c?w=200,art|photography|nature,green|reptile,green reptile,Adi Nugroho
WKQP69840WUX,G00229,An Elk In Pennsylvania,https://dy-us-playground.onrender.com/,1714.37,False,https://plus.unsplash.com/premium_photo-1661957460829-ddc18e76f4a1?w=200,art|photography|nature,elk|pennsylvania,An elk in Pennsylvania,Getty Images
HAA44FU9KESO,G00229,A Brown Horse Grazing On A Lush,https://dy-us-playground.onrender.com/,127.55,False,https://images.unsplash.com/photo-1712330139932-148053efc401?w=200,art|photography|nature,brown|horse|grazing|lush|green|hillside,a brown horse grazing on a lush green hillside,Daniel Alexandre Páscoa
D1NACTB0UOY1,G00372,Brown And White Bird On Red Flower,https://dy-us-playground.onrender.com/,448.45,False,https://images.unsplash.com/photo-1598205846732-468768d073d7?w=200,animals|wildlife|birds|nature,brown|white|bird|red|flower,brown and white bird on red flower,Milan Ivanovic
BJE4R52PZVVA,G00372,A Bird With A Long Beak Sitting,https://dy-us-playground.onrender.com/,24.87,False,https://images.unsplash.com/photo-1713683143857-925e3b16f332?w=200,animals|wildlife|birds|nature,bird|long|beak|sitting|tree|branch,a bird with a long beak sitting on a tree branch,Khushi Gandhi
9IDQ1D4ZFWMJ,G00373,A Bird With A Long Beak Sitting,https://dy-us-playground.onrender.com/,956.2,True,https://images.unsplash.com/photo-1713683143856-81dd12a765cf?w=200,animals|wildlife|birds|nature,bird|long|beak|sitting|tree|branch,a bird with a long beak sitting on a tree branch,Khushi Gandhi
P6O4RXHTX611,G00229,A Small Lizard Crawling On The Side,https://dy-us-playground.onrender.com/,890.37,False,https://images.unsplash.com/photo-1723698894461-46081a11bdf3?w=200,art|photography|nature,small|lizard|crawling|side|tree,A small lizard crawling on the side of a tree,Sri Widayanto
P2XMZLF3NIC5,G00230,Black And Yellow Bee On White Flower,https://dy-us-playground.onrender.com/,1934.85,False,https://images.unsplash.com/photo-1597608291399-dce29050450b?w=200,art|photography|nature,black|yellow|bee|white|flower,black and yellow bee on white flower,Milan Ivanovic
A5BMF8JYEJXC,G00230,A Duck With A Yellow Beak Standing,https://dy-us-playground.onrender.com/,1888.54,True,https://images.unsplash.com/photo-1671006185939-27507226c356?w=200,art|photography|nature,duck|yellow|beak|standing|water,a duck with a yellow beak standing in the water,Sajad Baharvandi
Y21QIPYJ5XJP,G00230,Brown Grasshopper Perched On White Flower In,https://dy-us-playground.onrender.com/,1038.96,True,https://images.unsplash.com/photo-1597642111053-d2e8abc1f031?w=200,art|photography|nature,brown|grasshopper|perched|white|flower|close|up|photography,brown grasshopper perched on white flower in close up photography during daytime,Milan Ivanovic
WKDIT0WP669C,G00230,Ducks Swimming In A Pond With A,https://dy-us-playground.onrender.com/,1152.7,True,https://images.unsplash.com/photo-1762534105157-dbe8a4782feb?w=200,art|photography|nature,ducks|swimming|pond|bridge|trees,Ducks swimming in a pond with a bridge and trees.,Annie Spratt
HMZQKRPWBQ24,G00230,Leopard In The Afternoon Light,https://dy-us-playground.onrender.com/,1099.49,True,https://plus.unsplash.com/premium_photo-1661952458960-718eca9bee25?w=200,art|photography|nature,leopard|afternoon|light,Leopard in the afternoon light,Getty Images
TVAX44FT3WUW,G00230,A Lady Bug Sitting On Top Of,https://dy-us-playground.onrender.com/,39.14,False,https://images.unsplash.com/photo-1716107647226-6d25730fe348?w=200,art|photography|nature,lady|bug|sitting|top|green|grass|covered|field,a lady bug sitting on top of a green grass covered field,Daniil Komov
8GLZ59UHCI50,G00373,Beautiful Image Of European Eagle Owl Bubo,https://dy-us-playground.onrender.com/,189.45,True,https://plus.unsplash.com/premium_photo-1664302592104-a7984f246c88?w=200,animals|wildlife|birds|nature,beautiful|image|european|eagle|owl|bubo,Beautiful image of European Eagle Owl bubo bubo,Getty Images
2ATY1A3LB0KX,G00373,A Bird That Is Standing On A,https://dy-us-playground.onrender.com/,917.58,True,https://images.unsplash.com/photo-1725206076077-1b5cdb82bac3?w=200,animals|wildlife|birds|nature,bird|is|standing|tree,A bird that is standing on a tree,Ronan Hello
N2TAE191RBGI,G00231,A Close Up Of A Animal In,https://dy-us-playground.onrender.com/,1229.01,True,https://images.unsplash.com/photo-1701430916181-57f287a69146?w=200,art|photography|nature,close|up|animal|field|grass,a close up of a animal in a field of grass,Daniil Komov
L221QZIYIRMJ,G00231,A Blue Dragonfly Sitting On Top Of,https://dy-us-playground.onrender.com/,1594.74,True,https://images.unsplash.com/photo-1718647507338-4dc7b6e6ff86?w=200,art|photography|nature,blue|dragonfly|sitting|top|green|plant,A blue dragonfly sitting on top of a green plant,Red Zeppelin
25UGJRGQLR60,G00308,A Close Up Of A Caterpillar On,https://dy-us-playground.onrender.com/,1528.04,False,https://images.unsplash.com/photo-1709829421603-ce7c6a8f3154?w=200,animals|pets|cats|nature,close|up|caterpillar|plant,a close up of a caterpillar on a plant,Рома Морозов
IG8RDEYBFAD3,G00301,A Deer Standing In The Middle Of,https://dy-us-playground.onrender.com/,121.15,False,https://images.unsplash.com/photo-1641448146947-6d7e223ce8f5?w=200,art|photography|forest,deer|standing|middle|forest|at|night,a deer standing in the middle of a forest at night,Vivek Doshi
DOTSYHXF9LQ5,G00231,An Animal That Is Walking Down A,https://dy-us-playground.onrender.com/,548.27,False,https://images.unsplash.com/photo-1641448147430-870acf2209a9?w=200,art|photography|nature,animal|is|walking|down|dirt|road,an animal that is walking down a dirt road,Vivek Doshi
3M0IXQ79Z8Q1,G00231,Spiders Are Perched On A Budding Flower,https://dy-us-playground.onrender.com/,1401.05,True,https://images.unsplash.com/photo-1742500778370-f1f92e427d40?w=200,art|photography|nature,spiders|are|perched|budding|flower,Spiders are perched on a budding flower.,Md Abdul Rouf
93EMES4LQPHR,G00231,A Couple Of Deer Standing On The,https://dy-us-playground.onrender.com/,270.79,True,https://images.unsplash.com/photo-1641448147177-31a10b6ae7c2?w=200,art|photography|nature,couple|deer|standing|side|road,a couple of deer standing on the side of a road,Vivek Doshi
GV4ITOTVPQO5,G00314,Two Young Lions Are Sitting On A,https://dy-us-playground.onrender.com/,1969.65,False,https://plus.unsplash.com/premium_photo-1664304419112-e1456ae57764?w=200,animals|wildlife|big-cats|lions|nature,two|young|lions|are|sitting|fallen|tree,two young lions are sitting on a fallen tree,Getty Images
E7PBZDR792T4,G00373,Birds Flying Over Water,https://dy-us-playground.onrender.com/,625.5,True,https://images.unsplash.com/photo-1666946460532-b1fd96359cfe?w=200,animals|wildlife|birds|nature,birds|flying|over|water,birds flying over water,Ladislav Stercell
CSRCU75C0SZK,G00373,A Small Bird Sitting On Top Of,https://dy-us-playground.onrender.com/,990.67,False,https://plus.unsplash.com/premium_photo-1666777253038-e66184b5cb16?w=200,animals|wildlife|birds|nature,small|bird|sitting|top|wooden|post,a small bird sitting on top of a wooden post,Jacob Dyer
8IXIM2X4CJDJ,G00231,Brown Deer On Green Grass During Daytime,https://dy-us-playground.onrender.com/,901.15,True,https://images.unsplash.com/photo-1626354338145-96a3f13c0e62?w=200,art|photography|nature,brown|deer|green|grass|during|daytime,brown deer on green grass during daytime,Adnan Saifee
2U0Z54CSWTE9,G00373,A Bird Sits On A Branch,https://dy-us-playground.onrender.com/,1798.08,False,https://plus.unsplash.com/premium_photo-1669572260431-c8f2e66e4dcc?w=200,animals|wildlife|birds|nature,bird|sits|branch,a bird sits on a branch,Matt Bango
XLR5ZGRBN4GW,G00232,A Group Of Animals Stand Near A,https://dy-us-playground.onrender.com/,1703.65,False,https://images.unsplash.com/photo-1650727212296-16b47f5ebd67?w=200,art|photography|nature,group|animals|stand|near|body|water,a group of animals stand near a body of water,Bernd 📷 Dittrich
PRLVV0YV9C9Z,G00374,A Couple Of Birds That Are Flying,https://dy-us-playground.onrender.com/,324.26,False,https://plus.unsplash.com/premium_photo-1729532974430-3e96b187a531?w=200,animals|wildlife|birds|nature,couple|birds|are|flying|near|flower,A couple of birds that are flying near a flower,Pablo Merchán Montes
4YUYGB92US37,G00232,A Group Of Deer In A Field,https://dy-us-playground.onrender.com/,1441.4,True,https://images.unsplash.com/photo-1663116403935-96b35772b184?w=200,art|photography|nature,group|deer|field,a group of deer in a field,Ivan Sabayuki
0B1JS2YHYROU,G00232,Three Giraffes Are Close To Each Other,https://dy-us-playground.onrender.com/,241.27,True,https://plus.unsplash.com/premium_photo-1661834810497-764f4898a8c6?w=200,art|photography|nature,three|giraffes|are|close|to|each|other|look,Three giraffes are close to each other and look around in the Etosha National Park in Namibia,Getty Images
GBEACE33KBN8,G00232,A Herd Of Giraffe Standing On Top,https://dy-us-playground.onrender.com/,574.54,False,https://images.unsplash.com/photo-1701249812932-642523f9764d?w=200,art|photography|nature,herd|giraffe|standing|top|dry|grass|field,a herd of giraffe standing on top of a dry grass field,CLINTON MWEBAZE
0DN3A8CJTTGY,G00314,A Lion Walking Across A Grass Covered,https://dy-us-playground.onrender.com/,1612.09,False,https://plus.unsplash.com/premium_photo-1664302679282-0585462031f4?w=200,animals|wildlife|big-cats|lions|nature,lion|walking|across|grass|covered|field,a lion walking across a grass covered field,Getty Images
31TEPAJHBBB3,G00374,A Small Bird Perched On Top Of,https://dy-us-playground.onrender.com/,1925.63,False,https://plus.unsplash.com/premium_photo-1667572112489-8e6586b758ea?w=200,animals|wildlife|birds|nature,small|bird|perched|top|plant,a small bird perched on top of a plant,Matt Bango
HW1TC0MEGIW9,G00301,A Large Elephant Walking Across A Street,https://dy-us-playground.onrender.com/,1613.04,False,https://images.unsplash.com/photo-1696251803608-e8893f7fcdf3?w=200,art|photography|forest,large|elephant|walking|across|street|next|to|forest,a large elephant walking across a street next to a forest,Bernd 📷 Dittrich
H77LC2LX9CXU,G00232,A Ladybug Sitting On Top Of A,https://dy-us-playground.onrender.com/,1311.97,True,https://images.unsplash.com/photo-1715890434417-40229a310620?w=200,art|photography|nature,ladybug|sitting|top|green|plant,a ladybug sitting on top of a green plant,Red Zeppelin
43FLY8AMFSRP,G00374,A Bird Sitting On A Branch In,https://dy-us-playground.onrender.com/,1718.75,False,https://images.unsplash.com/photo-1705889518185-71612a3efa08?w=200,animals|wildlife|birds|nature,bird|sitting|branch|tree,a bird sitting on a branch in a tree,Maksym Dashko
Y8U1KGZ4FRN8,G00374,Two Large Birds Flying Over A Lush,https://dy-us-playground.onrender.com/,1134.92,False,https://plus.unsplash.com/premium_photo-1729791088653-f7e8a6b048d6?w=200,animals|wildlife|birds|nature,two|large|birds|flying|over|lush|green|field,Two large birds flying over a lush green field,Zdeněk Macháček
B7Q87UGGPKMR,G00232,A Woman Wearing A Hat,https://dy-us-playground.onrender.com/,743.24,True,https://images.unsplash.com/photo-1665692833740-a63ed3085405?w=200,art|photography|nature,woman|wearing|hat,a woman wearing a hat,gaspar zaldo
N1U13BH57VZU,G00233,A Person Wearing A Hat,https://dy-us-playground.onrender.com/,1566.9,True,https://images.unsplash.com/photo-1665692833723-d583f77bc87b?w=200,art|photography|nature,person|wearing|hat,a person wearing a hat,gaspar zaldo
XLY5YKMRU7QW,G00233,A Tree Stump In The Woods,https://dy-us-playground.onrender.com/,1985.94,False,https://images.unsplash.com/photo-1663521051474-6c8b75bff0c9?w=200,art|photography|nature,tree|stump|woods,a tree stump in the woods,darktez
EXH9BPH7FN0I,G00302,A Leopard Standing Next To A Tree,https://dy-us-playground.onrender.com/,1091.81,True,https://images.unsplash.com/photo-1642349415760-b154a733845f?w=200,art|photography|forest,leopard|standing|next|to|tree|forest,a leopard standing next to a tree in a forest,Hrushikesh Vegad
Q5OTWPJ5UB70,G00233,A Close Up Of A Small Animal,https://dy-us-playground.onrender.com/,607.99,False,https://plus.unsplash.com/premium_photo-1675716926653-8f4529595012?w=200,art|photography|nature,close|up|small|animal|field,a close up of a small animal in a field,Daniel Mirlea
RW4HDWU83UIM,G00374,A Close Up Of A Bird Of,https://dy-us-playground.onrender.com/,507.4,False,https://images.unsplash.com/photo-1723198273378-1ae688a1f024?w=200,animals|wildlife|birds|nature,close|up|bird|prey,A close up of a bird of prey,Klaus Kreuer
29USCSEWND9L,G00233,A Herd Of Deer Standing On Top,https://dy-us-playground.onrender.com/,465.78,True,https://images.unsplash.com/photo-1680527856448-aca696498a09?w=200,art|photography|nature,herd|deer|standing|top|lush|green|hillside,a herd of deer standing on top of a lush green hillside,Rachel van Elk
A0I5BKMLLQO8,G00233,A Baby Elephant Is Standing In The,https://dy-us-playground.onrender.com/,545.52,True,https://images.unsplash.com/photo-1730800967493-1fdf92483fe6?w=200,art|photography|nature,baby|elephant|is|standing|bushes,A baby elephant is standing in the bushes,Lisa Stockton
AWGUCXQNC8I0,G00233,A Large Leopard Walking Across A Lush,https://dy-us-playground.onrender.com/,1834.99,True,https://images.unsplash.com/photo-1642349393410-ccc54169d6ff?w=200,art|photography|nature,large|leopard|walking|across|lush|green|field,a large leopard walking across a lush green field,Hrushikesh Vegad
T3PMD0OBFDQG,G00361,Brown Tiger On Snow Covered Ground,https://dy-us-playground.onrender.com/,1430.09,True,https://images.unsplash.com/photo-1611132558582-9fc3828768a9?w=200,animals|wildlife|big-cats|tigers|winter,brown|tiger|snow|covered|ground,brown tiger on snow covered ground,surya kiran
3IJNX538QO0P,G00234,A Small Squirrel Is Standing On A,https://dy-us-playground.onrender.com/,1285.97,False,https://images.unsplash.com/photo-1640574927588-0d5e25d3b9ed?w=200,art|photography|nature,small|squirrel|is|standing|rock,a small squirrel is standing on a rock,Hannah Cole
YO5SIZ3B4PAO,G00234,A Deer With Antlers,https://dy-us-playground.onrender.com/,533.65,False,https://plus.unsplash.com/premium_photo-1669725687152-498e152687ed?w=200,art|photography|nature,deer|antlers,a deer with antlers,Pierre Lemos
GPFNZMW04UPG,G00302,A Giraffe Standing Next To A Forest,https://dy-us-playground.onrender.com/,471.22,True,https://images.unsplash.com/photo-1633200192414-e7765d7e19f8?w=200,art|photography|forest,giraffe|standing|next|to|forest|filled|trees,a giraffe standing next to a forest filled with trees,Siddharth shah
6COJTTWYITU4,G00234,A Herd Of Animals Walking Across A,https://dy-us-playground.onrender.com/,1443.96,True,https://images.unsplash.com/photo-1731355775922-1ba3f1f008be?w=200,art|photography|nature,herd|animals|walking|across|lush|green|field,A herd of animals walking across a lush green field,Women Travel Abroad
FAOQZGKZFFYU,G00234,A Couple Of Zebra Standing Next To,https://dy-us-playground.onrender.com/,1293.22,True,https://images.unsplash.com/photo-1731406967626-1803b7c7e1a8?w=200,art|photography|nature,couple|zebra|standing|next|to|each|other|field,A couple of zebra standing next to each other on a field,Lisa Stockton
G1Q3J666Z7YL,G00234,A Couple Of Sloths On A Tree,https://dy-us-playground.onrender.com/,831.7,True,https://plus.unsplash.com/premium_photo-1669725687136-4c6c2347adf4?w=200,art|photography|nature,couple|sloths|tree|branch,a couple of sloths on a tree branch,Pierre Lemos
RJS41I7JS2OL,G00361,A Tiger Yawns While Laying On The,https://dy-us-playground.onrender.com/,21.82,True,https://images.unsplash.com/photo-1689053233858-d1a15a6aea2c?w=200,animals|wildlife|big-cats|tigers|nature,tiger|yawns|while|laying|ground,a tiger yawns while laying on the ground,Shubham Panwar
SA055CXE9KDS,G00234,A Polar Bear Is Walking On An,https://dy-us-playground.onrender.com/,59.89,False,https://plus.unsplash.com/premium_photo-1723517419687-c923e8e1b018?w=200,art|photography|nature,polar|bear|is|walking|ice|floet,A polar bear is walking on an ice floet,Alex Shuper
NARGQGLVA4Z4,G00235,A Couple Of Deer Standing On Top,https://dy-us-playground.onrender.com/,274.38,True,https://images.unsplash.com/photo-1730800947606-d003d53dda33?w=200,art|photography|nature,couple|deer|standing|top|grass|covered|field,A couple of deer standing on top of a grass covered field,Lisa Stockton
XYS0I560AIGH,G00235,Group Of Zebra Walking On Wheat Field,https://dy-us-playground.onrender.com/,408.21,True,https://images.unsplash.com/photo-1518709594023-6eab9bab7b23?w=200,art|photography|nature,group|zebra|walking|wheat|field,group of zebra walking on wheat field,sutirta budiman
YKQ5OBP94QV2,G00235,Leopard On Tree Branch,https://dy-us-playground.onrender.com/,588.74,True,https://images.unsplash.com/photo-1456926631375-92c8ce872def?w=200,art|photography|nature,leopard|tree|branch,leopard on tree branch,Gwen Weustink
GPW2BHWN1LSY,G00235,Polar Bear On Snow Covered Ground During,https://dy-us-playground.onrender.com/,1659.31,True,https://images.unsplash.com/photo-1589656966895-2f33e7653819?w=200,art|photography|winter,polar|bear|snow|covered|ground|during|daytime,polar bear on snow covered ground during daytime,Hans-Jurgen Mager
OCSO5JFH7TP2,G00314,A Lion Lying Down,https://dy-us-playground.onrender.com/,391.95,True,https://plus.unsplash.com/premium_photo-1669725687221-6fe12c2da6b1?w=200,animals|wildlife|big-cats|lions|nature,lion|lying|down,a lion lying down,Pierre Lemos
CLEENI3CTR1S,G00374,Blue And Green Bird On Top Of,https://dy-us-playground.onrender.com/,489.74,True,https://images.unsplash.com/photo-1520552159191-e28a1d9f0d7e?w=200,animals|wildlife|birds|nature,blue|green|bird|top|brown|branch|during|daytime,blue and green bird on top of brown branch during daytime,Chris Charles
2I90NCTQWSJ6,G00362,A Tiger With Its Tongue Out,https://dy-us-playground.onrender.com/,1702.81,False,https://plus.unsplash.com/premium_photo-1669725687150-15c603ac6a73?w=200,animals|wildlife|big-cats|tigers|nature,tiger|its|tongue|out,a tiger with its tongue out,Pierre Lemos
A8Z9SJMS0LWY,G00235,Three Rhinos Walking On Farm Road,https://dy-us-playground.onrender.com/,1524.43,False,https://images.unsplash.com/photo-1547970810-dc1eac37d174?w=200,art|photography|nature,three|rhinos|walking|farm|road,three rhinos walking on farm road,redcharlie
50ZBUH5GEHJE,G00235,Portrait Of A Springbok With Beautiful Horns,https://dy-us-playground.onrender.com/,1219.23,True,https://plus.unsplash.com/premium_photo-1661810799921-ded27d475104?w=200,art|photography|nature,portrait|springbok|beautiful|horns|photographed|namibia,Portrait of a Springbok with beautiful horns photographed in Namibia,Getty Images
RI9AM5J07BKH,G00236,Brown Fox On Snow Field,https://dy-us-playground.onrender.com/,1230.33,False,https://images.unsplash.com/photo-1474511320723-9a56873867b5?w=200,art|photography|winter,brown|fox|snow|field,brown fox on snow field,Ray Hennessy
BS8C9F2E9UP9,G00236,A Close Up Of A Leopards Face,https://dy-us-playground.onrender.com/,1240.55,False,https://plus.unsplash.com/premium_photo-1730233719882-890f7043eb9e?w=200,art|photography|nature,close|up|leopard|s|face|through|some|leaves,A close up of a leopard's face through some leaves,Allec Gomes
KIJA7AJVH2BJ,G00362,Brown And Black Tiger Showing Tongue,https://dy-us-playground.onrender.com/,704.43,True,https://images.unsplash.com/photo-1615963244664-5b845b2025ee?w=200,animals|wildlife|big-cats|tigers|nature,brown|black|tiger|showing|tongue,brown and black tiger showing tongue,Kartik Iyer
ZBH83H6CNSP7,G00375,Two Owls Are Perched On A Tree,https://dy-us-playground.onrender.com/,1049.47,False,https://plus.unsplash.com/premium_photo-1729791088946-c3994880b47c?w=200,animals|wildlife|birds|nature,two|owls|are|perched|tree|branch,Two owls are perched on a tree branch,Zdeněk Macháček
EVXNZ05YUK7F,G00236,Raccoon Walking On Lawn Grass,https://dy-us-playground.onrender.com/,1590.47,False,https://images.unsplash.com/photo-1497752531616-c3afd9760a11?w=200,art|photography|nature,raccoon|walking|lawn|grass,raccoon walking on lawn grass,Gary Bendig
2UFTNP4X6VGB,G00236,Leopard In The Afternoon Light,https://dy-us-playground.onrender.com/,1105.4,False,https://plus.unsplash.com/premium_photo-1661962757852-72eb0a9a2a81?w=200,art|photography|nature,leopard|afternoon|light,Leopard in the afternoon light,Getty Images
7IDDGS2XSMA5,G00236,Close Up Of A Yellow And Blue,https://dy-us-playground.onrender.com/,1804.56,False,https://images.unsplash.com/photo-1452570053594-1b985d6ea890?w=200,art|photography|nature,close|up|yellow|blue|macaw,close up of a yellow and blue macaw,Andrew Pons
GZ1A3OYUUCZG,G00236,A Dolphin Jumping Out Of The Water,https://dy-us-playground.onrender.com/,162.55,False,https://plus.unsplash.com/premium_photo-1724596081250-818e4bbd1497?w=200,art|photography|nature,dolphin|jumping|out|water|at|sunset,A dolphin jumping out of the water at sunset,Paris Bilal
OPMJM7JDHT5W,G00237,Brown Squirrel On Black Background,https://dy-us-playground.onrender.com/,167.77,False,https://images.unsplash.com/photo-1504006833117-8886a355efbf?w=200,art|photography|nature,brown|squirrel|black|background,brown squirrel on black background,Geranimo
EE0712TYHSL5,G00237,Polar Bear On Snow Covered Ground During,https://dy-us-playground.onrender.com/,288.82,True,https://images.unsplash.com/photo-1593946460607-d1570da6268f?w=200,art|photography|winter,polar|bear|snow|covered|ground|during|daytime,polar bear on snow covered ground during daytime,Hans-Jurgen Mager
8SCW7DNRLQUR,G00302,A Toucan Sitting On A Tree Branch,https://dy-us-playground.onrender.com/,1709.75,True,https://plus.unsplash.com/premium_photo-1730160763866-06110a39e63e?w=200,art|photography|forest,toucan|sitting|tree|branch|forest,A toucan sitting on a tree branch in a forest,Giulia Squillace
O8CBTULSMY3K,G00237,Two Zebras On Grass Field,https://dy-us-playground.onrender.com/,1868.27,True,https://images.unsplash.com/photo-1503656142023-618e7d1f435a?w=200,art|photography|nature,two|zebras|grass|field,two zebras on grass field,Geranimo
RT27KROLEGBM,G00375,A Small White Bird Standing In The,https://dy-us-playground.onrender.com/,1380.6,False,https://plus.unsplash.com/premium_photo-1669256681775-f1f710732cf0?w=200,animals|wildlife|birds|winter,small|white|bird|standing|snow,a small white bird standing in the snow,Matt Bango
RUEW8ZYJJ3TQ,G00362,Brown And Black Tiger In Close Up,https://dy-us-playground.onrender.com/,1001.89,True,https://images.unsplash.com/photo-1605092676920-8ac5ae40c7c8?w=200,animals|wildlife|big-cats|tigers|nature,brown|black|tiger|close|up|photography,brown and black tiger in close up photography,Donnie Ray Crisp
1N1U6KHGMK9Z,G00314,Closeup Photography Of Lioness Head,https://dy-us-playground.onrender.com/,863.36,True,https://images.unsplash.com/photo-1517036391698-b004444390fe?w=200,animals|wildlife|big-cats|lions|nature,close|up|photography|lioness|head,close-up photography of lioness head,jean wimmerlin
P5MGS0YX6FDN,G00237,A Colorful Chamelon Sitting On Top Of,https://dy-us-playground.onrender.com/,1236.17,False,https://plus.unsplash.com/premium_photo-1722827117771-51f0f24a9a1f?w=200,art|photography|nature,colorful|chamelon|sitting|top|tree|stump,A colorful chamelon sitting on top of a tree stump,Igor Omilaev
XLTSHPIUQ85L,G00237,Brown Leopard On Top Of Grey Rock,https://dy-us-playground.onrender.com/,1810.01,True,https://images.unsplash.com/photo-1534759846116-5799c33ce22a?w=200,art|photography|nature,brown|leopard|top|grey|rock,brown leopard on top of grey rock,Geranimo
THFLSEQ3YTWO,G00237,A Koala Sleeping On Top Of A,https://dy-us-playground.onrender.com/,603.85,False,https://plus.unsplash.com/premium_photo-1706517229024-95e78e936730?w=200,art|photography|nature,koala|sleeping|top|tree|branch,a koala sleeping on top of a tree branch,Joshua Earle
NC7TIBV7Q9Z2,G00238,Deer On Brown Grass Field Under Gray,https://dy-us-playground.onrender.com/,840.18,True,https://images.unsplash.com/photo-1519664824562-b4bc73f9795a?w=200,art|photography|nature,deer|brown|grass|field|under|gray|cloudy|sky,deer on brown grass field under gray cloudy sky,Andreas Rasmussen
BBQQ81ZSFAM7,G00238,White Fox Lying On Ground,https://dy-us-playground.onrender.com/,1794.57,False,https://images.unsplash.com/photo-1604417389023-3018ace0afbf?w=200,art|photography|nature,white|fox|lying|ground,white fox lying on ground,Teresa
5Y5WCWF61YGF,G00238,Grayscale Photo Of Leopard,https://dy-us-playground.onrender.com/,32.98,False,https://images.unsplash.com/photo-1517825738774-7de9363ef735?w=200,art|photography|nature,grayscale|photo|leopard,grayscale photo of leopard,Geranimo
ANVWVETPTNRE,G00238,Macro Portrait Of A Rufous Male,https://dy-us-playground.onrender.com/,1073.43,True,https://plus.unsplash.com/premium_photo-1733259754454-21d881bcf009?w=200,art|photography|nature,macro|portrait|rufous|male,Macro portrait of a rufous male,Getty Images
VEA387QDT197,G00238,Blue Parrot Standing On Brown Tree Branch,https://dy-us-playground.onrender.com/,351.45,False,https://images.unsplash.com/photo-1506220926022-cc5c12acdb35?w=200,art|photography|nature,blue|parrot|standing|brown|tree|branch,blue parrot standing on brown tree branch,Dominik Lange
YX9MA50RVJ76,G00238,Leopard Looking At The Right,https://dy-us-playground.onrender.com/,915.67,False,https://images.unsplash.com/photo-1526289636136-bce3fd37f962?w=200,art|photography|nature,leopard|looking|at|right,leopard looking at the right,Frida Lannerström
BTIBMU4UF40L,G00362,Tiger On Wood Slab,https://dy-us-playground.onrender.com/,1780.37,False,https://images.unsplash.com/photo-1500463959177-e0869687df26?w=200,animals|wildlife|big-cats|tigers|nature,tiger|wood|slab,tiger on wood slab,Frida Lannerström
W1UZ9ZFIQUFZ,G00239,American Brown Bear,https://dy-us-playground.onrender.com/,1422.47,False,https://images.unsplash.com/photo-1525423207238-e8f5315d87e2?w=200,art|photography|nature,american|brown|bear,American brown bear,🇸🇮 Janko Ferlič
C6JSFRPMWU46,G00239,A Toy Chamelon Is Sitting On A,https://dy-us-playground.onrender.com/,1229.02,False,https://plus.unsplash.com/premium_photo-1723267396802-ef2f3681c0c9?w=200,art|photography|nature,toy|chamelon|is|sitting|branch,A toy chamelon is sitting on a branch,Paris Bilal
VQ4N33R06RT1,G00239,Brown Turtle Swimming Underwater,https://dy-us-playground.onrender.com/,1539.57,False,https://images.unsplash.com/photo-1437622368342-7a3d73a34c8f?w=200,art|photography|nature,brown|turtle|swimming|underwater,brown turtle swimming underwater,Wexor Tmg
404YV5XV655M,G00239,Brown Animal On Green Grass,https://dy-us-playground.onrender.com/,1311.83,False,https://images.unsplash.com/photo-1500479694472-551d1fb6258d?w=200,art|photography|nature,brown|animal|green|grass,brown animal on green grass,Scott Walsh
1C5J2QII4E1T,G00239,Brown Monkey On Body Of Water Shallow,https://dy-us-playground.onrender.com/,1983.8,True,https://images.unsplash.com/photo-1469998265221-245c7148df5d?w=200,art|photography|nature,brown|monkey|body|water|shallow|focus|photography,brown monkey on body of water shallow focus photography,Steven Diaz
7JLUFNV1NLD2,G00239,Brown Deer On Road Under Gray Sky,https://dy-us-playground.onrender.com/,889.59,False,https://images.unsplash.com/photo-1543782248-03e2c5a93e18?w=200,art|photography|nature,brown|deer|road|under|gray|sky,brown deer on road under gray sky,Asa Rodger
QBTA0LNX44T1,G00240,A Bee That Is Sitting On A,https://dy-us-playground.onrender.com/,852.96,False,https://plus.unsplash.com/premium_photo-1723229601631-0549019fc88f?w=200,art|photography|nature,bee|is|sitting|flower,A bee that is sitting on a flower,Paris Bilal
I605ISCOLCKW,G00240,Grayscale Photo Of Elephants Drinking Water,https://dy-us-playground.onrender.com/,227.88,False,https://images.unsplash.com/photo-1517486430290-35657bdcef51?w=200,art|photography|nature,grayscale|photo|elephants|drinking|water,grayscale photo of elephants drinking water,Richard Jacobs
W0FY7QIUA6UT,G00240,Red Panda,https://dy-us-playground.onrender.com/,894.05,False,https://images.unsplash.com/photo-1542880696-78ba55200f0f?w=200,art|photography|nature,red|panda,red panda,Julien Mussard
LHOVN4FHLNVK,G00240,Three Elephants Walking On Grass Field During,https://dy-us-playground.onrender.com/,1394.24,False,https://images.unsplash.com/photo-1505148230895-d9a785a555fa?w=200,art|photography|nature,three|elephants|walking|grass|field|during|day,three elephants walking on grass field during day,Matthew Spiteri
RSOM8UDGDDGP,G00240,Giraffe Standing On Green Grass During Daytime,https://dy-us-playground.onrender.com/,1120.51,True,https://images.unsplash.com/photo-1549854233-ca0baec6fa74?w=200,art|photography|nature,giraffe|standing|green|grass|during|daytime,giraffe standing on green grass during daytime,Sofia Zubiria
6B5RFIZVU65X,G00375,Close Up Photography Of A Pink Bird,https://dy-us-playground.onrender.com/,1630.41,True,https://images.unsplash.com/photo-1488802484013-f23aca1e2d9b?w=200,animals|wildlife|birds|nature,close|up|photography|pink|bird,close up photography of a pink bird,Gwen Weustink
033A6R1TV9CU,G00240,Zebra In Wild,https://dy-us-playground.onrender.com/,589.84,False,https://images.unsplash.com/photo-1515205244153-fce4e5d8bc49?w=200,art|photography|nature,zebra|wild,zebra in wild,Ron Dauphin
LV1IMDTLGCRS,G00241,Two Gray Bears In Green Lawn Grasses,https://dy-us-playground.onrender.com/,1404.79,False,https://images.unsplash.com/photo-1541439657027-07133d717c72?w=200,art|photography|nature,two|gray|bears|green|lawn|grasses,two gray bears in green lawn grasses,anthony renovato
4HXINTY1PMJU,G00241,A Green Turtle Swimming In The Ocean,https://dy-us-playground.onrender.com/,1107.48,True,https://plus.unsplash.com/premium_photo-1675432656807-216d786dd468?w=200,art|photography|nature,green|turtle|swimming|ocean|at|sunset,a green turtle swimming in the ocean at sunset,Allec Gomes
EGUDJNGPR07C,G00314,Lion In Close Up Shot,https://dy-us-playground.onrender.com/,614.38,False,https://images.unsplash.com/photo-1511216113906-8f57bb83e776?w=200,animals|wildlife|big-cats|lions|nature,lion|close|up|shot,lion in close up shot,Luke Tanis
7FZ000BTZCDQ,G00241,Brown And Black Deer On Brown Grass,https://dy-us-playground.onrender.com/,899.9,True,https://images.unsplash.com/photo-1603696861164-61e45fae5ac7?w=200,art|photography|nature,brown|black|deer|grass|field|during|daytime,brown and black deer on brown grass field during daytime,Chris Stenger
J1088KUXSL3Q,G00375,A Couple Of Birds Standing On Top,https://dy-us-playground.onrender.com/,283.43,True,https://plus.unsplash.com/premium_photo-1729791088827-c7b930407877?w=200,animals|wildlife|birds|nature,couple|birds|standing|top|tree|branch,A couple of birds standing on top of a tree branch,Zdeněk Macháček
AWDJLWC9X68Y,G00241,Red Panda Climbing On Tree,https://dy-us-playground.onrender.com/,68.68,False,https://images.unsplash.com/photo-1538099130811-745e64318258?w=200,art|photography|nature,red|panda|climbing|tree,red panda climbing on tree,Michael Payne
FQA8OFUR9FS4,G00241,Yawning Common Hippopotamus In The Water At,https://dy-us-playground.onrender.com/,519.25,False,https://plus.unsplash.com/premium_photo-1661876629355-8e75af65e9bf?w=200,art|photography|nature,yawning|common|hippopotamus|water|at|sunset,Yawning common hippopotamus in the water at sunset. Common hippopotamus or Hippo showing threat display. Scientific name:  Hippopotamus amphibius.  Africa,Getty Images
NEXEOXJE2IWN,G00362,Tiger On Water Near Rocks,https://dy-us-playground.onrender.com/,1922.13,True,https://images.unsplash.com/photo-1625956771905-eb675113276f?w=200,animals|wildlife|big-cats|tigers|nature,tiger|water|near|rocks,tiger on water near rocks,Benjamin Merkle
6OQILH7WWTVC,G00241,Black And White Giraffe On Brown Grass,https://dy-us-playground.onrender.com/,1585.0,True,https://images.unsplash.com/photo-1523805009345-7448845a9e53?w=200,art|photography|nature,black|white|giraffe|brown|grass|field,black and white giraffe on brown grass field,Harshil Gudka
F151O98ZPWJP,G00242,A Black And White Photo Of A,https://dy-us-playground.onrender.com/,480.64,False,https://plus.unsplash.com/premium_photo-1728572155557-3492ace5097d?w=200,art|photography|nature,black|white|photo|monkey|holding|baby,A black and white photo of a monkey holding a baby,Leandra Rieger
KIM225ZD8XOU,G00242,A Black And White Photo Of A,https://dy-us-playground.onrender.com/,1128.02,True,https://plus.unsplash.com/premium_photo-1719842310360-c766d2bcfbf2?w=200,art|photography|nature,black|white|photo|panther,A black and white photo of a black panther,Pierre Lemos
IR48S3CJC9T0,G00315,Brown Lion Lying On Green Grass During,https://dy-us-playground.onrender.com/,1469.57,True,https://images.unsplash.com/photo-1583587067350-2c49115673c9?w=200,animals|wildlife|big-cats|lions|nature,brown|lion|lying|green|grass|during|daytime,brown lion lying on green grass during daytime,Brianna R.
BYFO751WCAEQ,G00362,Tiger On Brown Grass During Daytime,https://dy-us-playground.onrender.com/,794.03,True,https://images.unsplash.com/photo-1615474286632-e31ac3633d58?w=200,animals|wildlife|big-cats|tigers|nature,tiger|brown|grass|during|daytime,tiger on brown grass during daytime,Kartik Iyer
6V0LHZ5KP6OT,G00242,Brown Cougar,https://dy-us-playground.onrender.com/,1926.5,False,https://images.unsplash.com/photo-1562512619-e5ed0e495c78?w=200,art|photography|nature,brown|cougar,brown cougar,Ramon Vloon
E0ULXTHA8PSP,G00242,A Blue And Black Frog Sitting On,https://dy-us-playground.onrender.com/,1072.44,False,https://images.unsplash.com/photo-1704112745943-2e66b8aece02?w=200,art|photography|nature,blue|black|frog|sitting|top|lush|green|field,a blue and black frog sitting on top of a lush green field,William Warby
PM6H6Y34JEFP,G00242,Two Elephants Walking On Grass Covered Ground,https://dy-us-playground.onrender.com/,767.1,False,https://images.unsplash.com/photo-1521651201144-634f700b36ef?w=200,art|photography|nature,two|elephants|walking|grass|covered|ground,two elephants walking on grass covered ground,AJ Robsin
TOPORE521W3G,G00242,Panda Eating Plant,https://dy-us-playground.onrender.com/,1101.92,False,https://images.unsplash.com/photo-1525382455947-f319bc05fb35?w=200,art|photography|nature,panda|eating|plant,panda eating plant,Debbie Molle
DLWXX4KFJHZ4,G00363,A Large Tiger Walking Across A Snow,https://dy-us-playground.onrender.com/,1214.52,False,https://plus.unsplash.com/premium_photo-1724883681395-06c33102ac2e?w=200,animals|wildlife|big-cats|tigers|winter,large|tiger|walking|across|snow|covered|field,A large tiger walking across a snow covered field,Planet Volumes
B02U91WYUMKV,G00243,Brown Deer Standing Near Tree,https://dy-us-playground.onrender.com/,390.79,True,https://images.unsplash.com/photo-1427434991195-f42379e2139d?w=200,art|photography|nature,brown|deer|standing|near|tree,brown deer standing near tree,Vladimir Kudinov
FU4RE6RK1VBA,G00243,A Close Up Of A Seal In,https://dy-us-playground.onrender.com/,147.3,False,https://plus.unsplash.com/premium_photo-1675188411042-fca3d4804ec5?w=200,art|photography|nature,close|up|seal|water,a close up of a seal in the water,Sandra Seitamaa
W9WNBLN57JBK,G00363,Tigers Fighting On Swamp,https://dy-us-playground.onrender.com/,1988.74,False,https://images.unsplash.com/photo-1500635523027-2f05e513f066?w=200,animals|wildlife|big-cats|tigers|nature,tigers|fighting|swamp,tigers fighting on swamp,Frida Lannerström
CQT7PTA2TBBD,G00243,Cheetah Cubs Play With Each Other In,https://dy-us-playground.onrender.com/,774.15,False,https://plus.unsplash.com/premium_photo-1661836692294-755ebc98f9bc?w=200,art|photography|nature,cheetah|cubs|play|each|other|savannah|kenya|tanzania,Cheetah cubs play with each other in the savannah. Kenya. Tanzania. Africa. National Park. Serengeti. Maasai Mara. An excellent illustration.,Getty Images
T102BG3MK08O,G00302,Two Brown Deer Beside Trees And Mountain,https://dy-us-playground.onrender.com/,341.82,True,https://images.unsplash.com/photo-1472396961693-142e6e269027?w=200,art|photography|mountain,two|brown|deer|beside|trees|mountain,two brown deer beside trees and mountain,Johannes Andersson
MXBK4UH33E2A,G00243,Elephant Herd In Etosha National Park Namibia,https://dy-us-playground.onrender.com/,1539.24,False,https://plus.unsplash.com/premium_photo-1661954564649-60e1a44bb054?w=200,art|photography|nature,elephant|herd|etosha|national|park|namibia,"Elephant herd in Etosha National Park, Namibia.",Getty Images
KG3UPQE025Z8,G00243,Wildlife Photography Of Brown Bear Cub,https://dy-us-playground.onrender.com/,1722.69,True,https://images.unsplash.com/photo-1525869916826-972885c91c1e?w=200,art|photography|nature,wildlife|photography|brown|bear|cub,wildlife photography of brown bear cub,🇸🇮 Janko Ferlič
2CX8JUSRB7SZ,G00375,A Close Up Of An Owls Eye,https://dy-us-playground.onrender.com/,768.94,False,https://plus.unsplash.com/premium_photo-1675188410515-f5886e29c09e?w=200,animals|wildlife|birds|nature,close|up|owl|s|eye|blurry|background,a close up of an owl's eye with a blurry background,Sandra Seitamaa
G1N0NRE38DCZ,G00375,A Bald Eagle Flying Over A Frozen,https://dy-us-playground.onrender.com/,471.11,True,https://plus.unsplash.com/premium_photo-1729760275468-e8217cef074e?w=200,animals|wildlife|birds|nature,bald|eagle|flying|over|frozen|lake,A bald eagle flying over a frozen lake,Zdeněk Macháček
6WXYU688CF37,G00363,Brown Tiger Walking On Brown Sand During,https://dy-us-playground.onrender.com/,286.7,True,https://images.unsplash.com/photo-1591824438708-ce405f36ba3d?w=200,animals|wildlife|big-cats|tigers|nature,brown|tiger|walking|sand|during|daytime,brown tiger walking on brown sand during daytime,Hans-Jurgen Mager
9RWIAIMID8UT,G00376,A Small Bird Perched On A Tree,https://dy-us-playground.onrender.com/,1676.49,False,https://plus.unsplash.com/premium_photo-1667065570914-6a19fe148f73?w=200,animals|wildlife|birds|nature,small|bird|perched|tree|branch,a small bird perched on a tree branch,Matt Bango
E37QAHWNOX7P,G00243,Cheetah Resting On Grasses,https://dy-us-playground.onrender.com/,356.18,False,https://images.unsplash.com/photo-1516628368662-4220aaf9339d?w=200,art|photography|nature,cheetah|resting|grasses,cheetah resting on grasses,Hu Chen
6D0OS49TRFPH,G00302,Haartmans Mountain Zebra,https://dy-us-playground.onrender.com/,1080.33,False,https://plus.unsplash.com/premium_photo-1661814294786-ddbf27b45956?w=200,art|photography|mountain,haartmans|mountain|zebra,Haartmans Mountain Zebra,Getty Images
CP5RVIZCI3HG,G00244,Brown And White Animal On Brown Soil,https://dy-us-playground.onrender.com/,473.09,True,https://images.unsplash.com/photo-1588624431503-f9df822f65a2?w=200,art|photography|nature,brown|white|animal|soil,brown and white animal on brown soil,Max Murauer
W7GQBZ1B96WE,G00302,A Close Up Of A Gorilla With,https://dy-us-playground.onrender.com/,312.96,False,https://images.unsplash.com/photo-1722384034934-72f5f5c3b87c?w=200,art|photography|mountain,close|up|gorilla|mountain|background,A close up of a gorilla with a mountain in the background,Tim Mossholder
W16M2V21B1RK,G00101,Two Gray Wolves,https://dy-us-playground.onrender.com/,1634.09,True,https://images.unsplash.com/photo-1546638285-f17602bf4bdc?w=200,art|photography|nature,two|gray|wolves,two gray wolves,Yannick Menard
876TU6RG55CQ,G00244,Two Giraffes Standing On Brown Plants,https://dy-us-playground.onrender.com/,1316.81,True,https://images.unsplash.com/photo-1520124442480-b5c60b0f80c2?w=200,art|photography|nature,two|giraffes|standing|brown|plants,two giraffes standing on brown plants,Harshil Gudka
8FS1OIUM29CA,G00244,Polar Bear On Water During Daytime,https://dy-us-playground.onrender.com/,445.78,False,https://images.unsplash.com/photo-1590787996529-a542c86ca267?w=200,art|photography|nature,polar|bear|water|during|daytime,polar bear on water during daytime,Hans-Jurgen Mager
Z9FF959I9ADX,G00308,Wild Cat,https://dy-us-playground.onrender.com/,1213.51,True,https://images.unsplash.com/photo-1532986701744-5cee048ef948?w=200,animals|pets|cats|nature,wild|cat,wild cat,Frida Lannerström
7S3IDOMGWG9L,G00244,Green Frog,https://dy-us-playground.onrender.com/,1531.27,True,https://images.unsplash.com/photo-1548180157-0bd8bc101eba?w=200,art|photography|nature,green|frog,green frog,Maxime Gilbert
HQGXXM6O4DT0,G00244,Fox Laying On Snow,https://dy-us-playground.onrender.com/,309.39,True,https://images.unsplash.com/photo-1470165511815-34e78ff7a111?w=200,art|photography|winter,fox|laying|snow,fox laying on snow,Ray Hennessy
QFZNA4GKQKWH,G00376,A Yellow And Green Bird Sitting On,https://dy-us-playground.onrender.com/,1897.71,False,https://plus.unsplash.com/premium_photo-1664543649513-c21242431e6e?w=200,animals|wildlife|birds|nature,yellow|green|bird|sitting|branch,a yellow and green bird sitting on a branch,Allec Gomes
UD61IZ9IQE36,G00376,A Hummingbird Flying Near A Flower,https://dy-us-playground.onrender.com/,523.14,False,https://plus.unsplash.com/premium_photo-1669725687137-75f7a1377720?w=200,animals|wildlife|birds|nature,hummingbird|flying|near|flower,a hummingbird flying near a flower,Pierre Lemos
E7JHU0I9LGJW,G00376,Closeup Photo Of Brown Bird,https://dy-us-playground.onrender.com/,1701.45,False,https://images.unsplash.com/photo-1502517362993-96fc441e4831?w=200,animals|wildlife|birds|nature,closeup|photo|brown|bird,closeup photo of brown bird,Georgina Steytler
ERNJT51ND8JO,G00244,A Black And White Photo Of An,https://dy-us-playground.onrender.com/,1457.4,True,https://plus.unsplash.com/premium_photo-1674831140622-93f54b70bfbf?w=200,art|photography|nature,black|white|photo|elephant|s|face,a black and white photo of an elephant's face,Denise Chan
KA5NNY6KDRIJ,G00245,Selective Focus Photography Of Brow Monkey Sitting,https://dy-us-playground.onrender.com/,1544.46,False,https://images.unsplash.com/photo-1536146021566-627ce3c4d813?w=200,art|photography|nature,selective|focus|photography|brow|monkey|sitting|brick|pavement,selective focus photography of brow monkey sitting on brick pavement,Laura Cros
VY2F9F2PJJWJ,G00245,Gray Rhinoceros Parent And Offspring On Field,https://dy-us-playground.onrender.com/,966.03,True,https://images.unsplash.com/photo-1535338454770-8be927b5a00b?w=200,art|photography|nature,gray|rhinoceros|parent|offspring|field,gray rhinoceros parent and offspring on field,David Clode
2SY3UGTF3R3O,G00315,Brown Lion,https://dy-us-playground.onrender.com/,1909.71,False,https://images.unsplash.com/photo-1470848051974-964b789cb6fa?w=200,animals|wildlife|big-cats|lions|nature,brown|lion,brown lion,Amar Yashlaha
R674IJ6ZY6HX,G00245,A Group Of Elephants Walking Across A,https://dy-us-playground.onrender.com/,1574.99,False,https://plus.unsplash.com/premium_photo-1710021012562-b3a94af19725?w=200,art|photography|nature,group|elephants|walking|across|dirt|field,a group of elephants walking across a dirt field,Unsplash+ Community
X3RW79METSUX,G00303,Deer On Hill In Forest,https://dy-us-playground.onrender.com/,901.37,True,https://images.unsplash.com/photo-1546976336-1c01f06de9f7?w=200,art|photography|forest,deer|hill|forest,deer on hill in forest,Chris Ponzi
36UTXSPW0DHX,G00245,A Picture Of A Turtle Swimming In,https://dy-us-playground.onrender.com/,580.97,True,https://plus.unsplash.com/premium_photo-1724668625366-b7e255758dcf?w=200,art|photography|nature,picture|turtle|swimming|pool,A picture of a turtle swimming in a pool,Alex Shuper
V3HOM8KB51TW,G00363,Closeup Photography Of Tiger,https://dy-us-playground.onrender.com/,1000.03,False,https://images.unsplash.com/photo-1544982772-d83aeb8cf70f?w=200,animals|wildlife|big-cats|tigers|nature,close|up|photography|tiger,close-up photography of Tiger,Uriel Soberanes
VVFIS4WVOKGN,G00363,Closeup Photography Of Tiger,https://dy-us-playground.onrender.com/,1144.19,False,https://images.unsplash.com/photo-1551972251-12070d63502a?w=200,animals|wildlife|big-cats|tigers|nature,close|up|photography|tiger,close-up photography of tiger,Max van den Oetelaar
4KWXAW9WAQH6,G00376,Photo Of Flying Owl,https://dy-us-playground.onrender.com/,552.36,True,https://images.unsplash.com/photo-1526409049865-5b0b188372f1?w=200,animals|wildlife|birds|nature,photo|flying|owl,photo of flying owl,Todd Steitle
0LY5EMBLP5MD,G00245,Grayandblack Mallard Ducks Flying During Day Time,https://dy-us-playground.onrender.com/,933.69,False,https://images.unsplash.com/photo-1484704324500-528d0ae4dc7d?w=200,art|photography|nature,gray|black|mallard|ducks|flying|during|day|time,gray-and-black mallard ducks flying during day time,Gary Bendig
N94BA6J3OH01,G00245,Two Giraffe Illustration,https://dy-us-playground.onrender.com/,698.13,True,https://images.unsplash.com/photo-1506351541065-2de5d60265b3?w=200,art|photography|nature,two|giraffe|illustration,two giraffe illustration,Vincent van Zalinge
ZAXMKX0L7OY5,G00363,Tiger Closeup Photography,https://dy-us-playground.onrender.com/,781.43,False,https://images.unsplash.com/photo-1528238344097-a8994f7c74e4?w=200,animals|wildlife|big-cats|tigers|nature,tiger|closeup|photography,tiger closeup photography,Omar Mena
UICQWX25NR0E,G00376,Shallow Focus Of Cardinal Bird On Tree,https://dy-us-playground.onrender.com/,1606.75,False,https://images.unsplash.com/photo-1482330625994-3bb3c90a5d05?w=200,animals|wildlife|birds|nature,shallow|focus|cardinal|bird|tree|branch,shallow focus of Cardinal bird on tree branch,Ray Hennessy
0A0KTH0A2H9Y,G00246,Squirrel On Tree Trunk,https://dy-us-playground.onrender.com/,205.66,False,https://images.unsplash.com/photo-1526653662218-3ab1e4d6ec2a?w=200,art|photography|nature,squirrel|tree|trunk,squirrel on tree trunk,River Fx
LLV02HPZT2GI,G00246,Elephant Walking On Road Near Bare Trees,https://dy-us-playground.onrender.com/,958.36,True,https://images.unsplash.com/photo-1586398761133-3eabe7298f0a?w=200,art|photography|nature,elephant|walking|road|near|bare|trees|during|daytime,elephant walking on road near bare trees during daytime,roya ann miller
XPAV8YKLGLJ7,G00246,Black And Yellow Monkey With Tongue Out,https://dy-us-playground.onrender.com/,433.58,False,https://images.unsplash.com/photo-1605583956585-c749b5d92c9d?w=200,art|photography|nature,black|yellow|monkey|tongue|out,black and yellow monkey with tongue out,Michael Jerrard
JCR1R2Q7RMK8,G00377,A Blue Bird Sitting On A Branch,https://dy-us-playground.onrender.com/,1148.98,False,https://plus.unsplash.com/premium_photo-1669256684488-ae0f00a1915a?w=200,animals|wildlife|birds|nature,blue|bird|sitting|branch|tree,a blue bird sitting on a branch of a tree,Matt Bango
P603CXW2YP6F,G00246,Black Gorilla In Green Leaves,https://dy-us-playground.onrender.com/,23.25,True,https://images.unsplash.com/photo-1614528767034-70de9fe166e0?w=200,art|photography|nature,black|gorilla|green|leaves,black gorilla in green leaves,Max Christian
5J227QPAUE6T,G00364,Albino Tiger Lying On Ground At Nighttime,https://dy-us-playground.onrender.com/,1515.8,False,https://images.unsplash.com/photo-1503066211613-c17ebc9daef0?w=200,animals|wildlife|big-cats|tigers|night,albino|tiger|lying|ground|at|nighttime,albino tiger lying on ground at nighttime,Smit Patel
BG4ZHYNB7INO,G00377,Closeup Photo Of Orange Bird,https://dy-us-playground.onrender.com/,646.25,False,https://images.unsplash.com/photo-1470619549108-b85c56fe5be8?w=200,animals|wildlife|birds|nature,closeup|photo|orange|bird,closeup photo of orange bird,Alan Emery
PFNCR38X95MW,G00246,Two Black Elephants Walking In Water,https://dy-us-playground.onrender.com/,1968.69,True,https://images.unsplash.com/photo-1531210156519-af875520c158?w=200,art|photography|nature,two|black|elephants|walking|water,two black elephants walking in water,Wynand Uys
VQHO2MKB32SI,G00377,A Black And White Bird With A,https://dy-us-playground.onrender.com/,99.95,False,https://plus.unsplash.com/premium_photo-1719910647085-195dbaf13965?w=200,animals|wildlife|birds|nature,black|white|bird|red|beak,A black and white bird with a red beak,Agnieszka Stankiewicz
VPWV8OBQG915,G00246,Brown Deer On Green Grass During Daytime,https://dy-us-playground.onrender.com/,1208.66,False,https://images.unsplash.com/photo-1600436600400-81a3bf573446?w=200,art|photography|nature,brown|deer|green|grass|during|daytime,brown deer on green grass during daytime,Diana Parkhouse
QSRQ52HGPNIH,G00247,Brown And Black Leopard Walking On Snow,https://dy-us-playground.onrender.com/,743.45,True,https://images.unsplash.com/photo-1598472767213-4b64a946dd12?w=200,art|photography|winter,brown|black|leopard|walking|snow|covered|ground|during,brown and black leopard walking on snow covered ground during daytime,Gustavo Leighton
9DDXG14JQSJV,G00377,A Colorful Bird Sitting On Top Of,https://dy-us-playground.onrender.com/,1052.86,True,https://plus.unsplash.com/premium_photo-1709899169846-a6cb30501ecb?w=200,animals|wildlife|birds|nature,colorful|bird|sitting|top|tree|branch,a colorful bird sitting on top of a tree branch,Zdeněk Macháček
CUT4RCG4UBFM,G00247,Elephant On Green Grass Field During Daytime,https://dy-us-playground.onrender.com/,987.36,True,https://images.unsplash.com/photo-1594197082468-dae334daca36?w=200,art|photography|nature,elephant|green|grass|field|during|daytime,elephant on green grass field during daytime,Héloïse Delbos
2H25WMA19YL5,G00247,Snow Fox On Snowfield,https://dy-us-playground.onrender.com/,1132.24,False,https://images.unsplash.com/photo-1484312152213-d713e8b7c053?w=200,art|photography|winter,snow|fox|snowfield,snow fox on snowfield,Jonatan Pie
UB8QEQUQ4ZMA,G00247,A Monkey That Is Sitting In A,https://dy-us-playground.onrender.com/,345.82,False,https://plus.unsplash.com/premium_photo-1669261230960-ddd7fec86838?w=200,art|photography|nature,monkey|is|sitting|tree,a monkey that is sitting in a tree,Matt Bango
Z0YMKLLHPNJ3,G00247,Spotted Reindeer On Green Grassland,https://dy-us-playground.onrender.com/,564.29,False,https://images.unsplash.com/photo-1517320954506-881e4f05a10c?w=200,art|photography|nature,spotted|reindeer|green|grassland,spotted reindeer on green grassland,Federico Beccari
X6K7XGYOLFOW,G00247,A Close Up Of A Sea Horse,https://dy-us-playground.onrender.com/,1038.44,False,https://plus.unsplash.com/premium_photo-1723313266206-4a04be416e09?w=200,art|photography|nature,close|up|sea|horse|black|background,A close up of a sea horse on a black background,Point Normal
8KIYC39UQPA9,G00248,Panda On Water During Daytime,https://dy-us-playground.onrender.com/,823.51,True,https://images.unsplash.com/photo-1601471821673-ea55dd92fc9c?w=200,art|photography|nature,panda|water|during|daytime,panda on water during daytime,Nicolas DC
K2LVY4WHG06Z,G00248,The Wildebeest Migration In Africa,https://dy-us-playground.onrender.com/,1360.65,True,https://plus.unsplash.com/premium_photo-1664301400728-97d8dc589f7a?w=200,art|photography|nature,wildebeest|migration|africa,The wildebeest migration in Africa,Getty Images
09XBF1DO64UL,G00248,A Deer With Antlers Standing In The,https://dy-us-playground.onrender.com/,414.34,False,https://images.unsplash.com/photo-1691424009186-c31e353d9302?w=200,art|photography|nature,deer|antlers|standing|grass,a deer with antlers standing in the grass,Edgar.infocus
LP08AHXF04MY,G00248,An Endangered Piping Plover On The Beach,https://dy-us-playground.onrender.com/,1301.5,False,https://plus.unsplash.com/premium_photo-1664297472712-5d0044ba0b06?w=200,art|photography|nature,endangered|piping|plover|beach,An endangered piping plover on the beach.,Getty Images
1B4NUF4B7FZV,G00248,Zebra Drinking Water,https://dy-us-playground.onrender.com/,1779.57,True,https://images.unsplash.com/photo-1520367549073-04875a3f4523?w=200,art|photography|nature,zebra|drinking|water,zebra drinking water,Fabrizio Frigeni
2H7AXV04WFSI,G00315,Lioness Yawning,https://dy-us-playground.onrender.com/,1196.68,False,https://images.unsplash.com/photo-1480321182142-e77f14b9aa64?w=200,animals|wildlife|big-cats|lions|nature,lioness|yawning,lioness yawning,Samuel Scrimshaw
Y57CBQSJ2483,G00248,Closeup Photo Of Leopard,https://dy-us-playground.onrender.com/,883.05,True,https://images.unsplash.com/photo-1518377574903-dfba864472ad?w=200,art|photography|nature,closeup|photo|leopard,closeup photo of leopard,Nick Fewings
21ED8NQQXCUI,G00249,Brown Elephant,https://dy-us-playground.onrender.com/,1148.59,True,https://images.unsplash.com/photo-1551316679-9c6ae9dec224?w=200,art|photography|nature,brown|elephant,brown elephant,Iswanto Arif
JC1HUNCHSYE6,G00315,Lioness Reclining On Soil In Front Of,https://dy-us-playground.onrender.com/,249.73,False,https://images.unsplash.com/photo-1527073655851-770661160114?w=200,animals|wildlife|big-cats|lions|nature,lioness|reclining|soil|front|lion,lioness reclining on soil in front of lion,Wade Lambert
F3FAUVJ733QW,G00249,Green Reptile On Green Leaf In Macro,https://dy-us-playground.onrender.com/,1976.37,False,https://images.unsplash.com/photo-1528117675829-27dd4bd7a241?w=200,art|photography|nature,green|reptile|leaf|macro|photography,green reptile on green leaf in macro photography,Matt Houghton
XUJ09GOMFIZ8,G00249,Photo Of Flamingo On Water,https://dy-us-playground.onrender.com/,1567.56,False,https://images.unsplash.com/photo-1497206365907-f5e630693df0?w=200,art|photography|nature,photo|flamingo|water,photo of flamingo on water,Alejandro Contreras
JKKF5LX619CN,G00249,Brown Leopard,https://dy-us-playground.onrender.com/,735.34,True,https://images.unsplash.com/photo-1506544671-9bbd08dafa4c?w=200,art|photography|nature,brown|leopard,brown leopard,Jake Weirick
Z7PDBBKB0XCN,G00249,A Couple Of Foxes Standing On Top,https://dy-us-playground.onrender.com/,1006.02,False,https://images.unsplash.com/photo-1637544578094-810405c45f67?w=200,art|photography|nature,couple|foxes|standing|top|grass|covered|field,a couple of foxes standing on top of a grass covered field,Jeremy Hynes
BZ4NBJBVL618,G00303,A Close Up Of A Deer In,https://dy-us-playground.onrender.com/,272.48,True,https://images.unsplash.com/photo-1699111260849-f7e9cdfc1bde?w=200,art|photography|forest,close|up|deer|forest,a close up of a deer in a forest,Tim Schmidbauer
VJPL4JGKVG6M,G00249,Wildlife Photography Of Brown Squirrel,https://dy-us-playground.onrender.com/,1923.72,False,https://images.unsplash.com/photo-1506183898222-eefad9f06350?w=200,art|photography|nature,wildlife|photography|brown|squirrel,wildlife photography of brown squirrel,Niilo Isotalo
1BFMWIVCQ0JG,G00250,Five Black And White Zebras,https://dy-us-playground.onrender.com/,327.41,False,https://images.unsplash.com/photo-1566296524462-e0a341bf65e6?w=200,art|photography|nature,five|black|white|zebras,five black and white zebras,Hendrik Cornelissen
A770BCV8HK61,G00250,Brown Meerkat Standing On Wooden Log,https://dy-us-playground.onrender.com/,1981.24,True,https://images.unsplash.com/photo-1529337097261-5f80758227c2?w=200,art|photography|nature,brown|meerkat|standing|wooden|log,brown meerkat standing on wooden log,Andy Holmes
BJ1ZHD2PLJ2C,G00250,Brown Bear Near Grass Field,https://dy-us-playground.onrender.com/,1681.85,True,https://images.unsplash.com/photo-1457140072488-87e5ffde2d77?w=200,art|photography|nature,brown|bear|near|grass|field,brown bear near grass field,Jessica Weiller
C644Q4CI1EUH,G00250,Shallow Focus Photography Of Gray And Black,https://dy-us-playground.onrender.com/,539.69,False,https://images.unsplash.com/photo-1541890633-a92e223f2200?w=200,art|photography|nature,shallow|focus|photography|gray|black|lemur,shallow focus photography of gray and black lemur,Uriel Soberanes
DCNFXJ8WO888,G00250,A Zebra Standing In A Field Of,https://dy-us-playground.onrender.com/,1401.74,True,https://plus.unsplash.com/premium_photo-1666238306266-5bba2b61f8f1?w=200,art|photography|nature,zebra|standing|field|tall|grass,a zebra standing in a field of tall grass,Matt Bango
LWKR2RO8RIXI,G00250,Brown And Black Leopard Illustration,https://dy-us-playground.onrender.com/,713.77,True,https://images.unsplash.com/photo-1588654364310-34cbc935f792?w=200,art|photography|nature,brown|black|leopard|illustration,brown and black leopard illustration,Rod Long
OF0XIIWBKD7Z,G00251,Red And Gray Deer,https://dy-us-playground.onrender.com/,1788.64,False,https://images.unsplash.com/photo-1537694513497-5f0b0ec361c7?w=200,art|photography|nature,red|gray|deer,red and gray deer,Benjamin Raffetseder
98A77YINLKXC,G00251,Koala Bear Sleeping On Tree,https://dy-us-playground.onrender.com/,663.39,False,https://images.unsplash.com/photo-1519003300449-424ad0405076?w=200,art|photography|nature,koala|bear|sleeping|tree,koala bear sleeping on tree,David Clode
AYN7YC9P5FHL,G00251,Brown Giraffe,https://dy-us-playground.onrender.com/,68.89,False,https://images.unsplash.com/photo-1485735662814-c4f66e49dbae?w=200,art|photography|nature,brown|giraffe,brown giraffe,Gary Bendig
S96EIXRN4DB2,G00251,Rhinoceros On Brown Field,https://dy-us-playground.onrender.com/,232.09,True,https://images.unsplash.com/photo-1522355988535-881e287a8330?w=200,art|photography|nature,rhinoceros|brown|field,rhinoceros on brown field,Shripal Daphtary
SC2AT3YGLUXW,G00251,A Low Angle Of An Elephant In,https://dy-us-playground.onrender.com/,1299.74,True,https://plus.unsplash.com/premium_photo-1661962981333-ec70f0098860?w=200,art|photography|nature,low|angle|elephant|botswana,A low angle of an Elephant in Botswana,Getty Images
MZFU1TYM21BM,G00251,Selective Focus Photography Of Hedgehog On Ground,https://dy-us-playground.onrender.com/,1617.12,True,https://images.unsplash.com/photo-1470854989922-5be2f7456d78?w=200,art|photography|nature,selective|focus|photography|hedgehog|ground,selective focus photography of hedgehog on ground,Piotr Łaskawski
273NV1TKDBHX,G00252,Side View Of Gorilla,https://dy-us-playground.onrender.com/,249.64,True,https://images.unsplash.com/photo-1516454632884-1d8f09474027?w=200,art|photography|nature,side|view|gorilla,side view of gorilla,Andrew Pons
272HD6JESJHB,G00252,White Fox Laying On The Ground,https://dy-us-playground.onrender.com/,1680.26,True,https://images.unsplash.com/photo-1518443855757-dfadac7101ae?w=200,art|photography|nature,white|fox|laying|ground,white fox laying on the ground,Grégoire Bertaud
EDYF98LPMLV5,G00315,Shallow Focus Photography Of Lion At The,https://dy-us-playground.onrender.com/,1057.04,True,https://images.unsplash.com/photo-1516642499105-492ff3ac521b?w=200,animals|wildlife|big-cats|lions|nature,shallow|focus|photography|lion|at|wildlife,shallow focus photography of lion at the wildlife,jean wimmerlin
JK3G9RVVDAAD,G00252,Brown Antelope And Zebra On Field At,https://dy-us-playground.onrender.com/,146.63,True,https://images.unsplash.com/photo-1466721591366-2d5fba72006d?w=200,art|photography|nature,brown|antelope|zebra|field|at|daytime,brown antelope and zebra on field at daytime,joel herzog
FQSQ0MJDYY8I,G00315,Grayscale Photography Of Lion,https://dy-us-playground.onrender.com/,1099.56,False,https://images.unsplash.com/photo-1543682704-15adeb008ac4?w=200,animals|wildlife|big-cats|lions|nature,grayscale|photography|lion,grayscale photography of lion,eric combeau
FGDMA92OFRYU,G00252,Selective Focus Photography Of Deer,https://dy-us-playground.onrender.com/,116.87,False,https://images.unsplash.com/photo-1566964159794-a69cfb93b4a9?w=200,art|photography|nature,selective|focus|photography|deer,selective focus photography of deer,john Cox
3QXSF2JEWCKC,G00252,A Close Up Of A Deer With,https://dy-us-playground.onrender.com/,1241.67,True,https://images.unsplash.com/photo-1729624334022-2437a65e5750?w=200,art|photography|nature,close|up|deer|blurry|background,A close up of a deer with a blurry background,Diana Roberts
62HBJBQV7XA5,G00252,Wildlife Photography Of Tower Of Giraffes,https://dy-us-playground.onrender.com/,1864.08,False,https://images.unsplash.com/photo-1518709368567-b22d4217b91f?w=200,art|photography|nature,wildlife|photography|tower|giraffes,wildlife photography of tower of giraffes,sutirta budiman
HPHXC9314UMQ,G00303,Brown Deer In Forest During Daytime,https://dy-us-playground.onrender.com/,1004.25,True,https://images.unsplash.com/photo-1606804235853-a2bdff23724b?w=200,art|photography|forest,brown|deer|forest|during|daytime,brown deer in forest during daytime,Sagar Kulkarni
5482FWSQ9A06,G00253,A Close Up Of A Bull With,https://dy-us-playground.onrender.com/,173.77,False,https://plus.unsplash.com/premium_photo-1666755831315-50d2640c3ca4?w=200,art|photography|nature,close|up|bull|very|large|horns,a close up of a bull with very large horns,Matt Bango
F4VD7A62677M,G00253,Grayscale Photography Of Elephant,https://dy-us-playground.onrender.com/,1219.95,True,https://images.unsplash.com/photo-1574241298650-74e9f3649c60?w=200,art|photography|nature,grayscale|photography|elephant,grayscale photography of elephant,Geranimo
VNTBZ4TLAQ33,G00253,A Toucan Sitting On A Branch In,https://dy-us-playground.onrender.com/,1835.43,True,https://plus.unsplash.com/premium_photo-1730160763873-29c1db8d66b9?w=200,art|photography|nature,toucan|sitting|branch|tree,A toucan sitting on a branch in a tree,Giulia Squillace
RHL4CT5K60V5,G00253,Macro Photography Of Gray Alligator Eye,https://dy-us-playground.onrender.com/,454.73,False,https://images.unsplash.com/photo-1504433374832-4fcf45f40967?w=200,art|photography|nature,macro|photography|gray|alligator|eye,macro photography of gray alligator eye,Samuel Scrimshaw
291E2M7Q3LVQ,G00253,A Close Up Of A Snow Leopards,https://dy-us-playground.onrender.com/,1351.34,False,https://plus.unsplash.com/premium_photo-1728569560885-b7fe796fd517?w=200,art|photography|winter,close|up|snow|leopard|s|face,A close up of a snow leopard's face,Leandra Rieger
XVTXMY4F9DW2,G00253,Roaring Brown Bear,https://dy-us-playground.onrender.com/,508.76,False,https://images.unsplash.com/photo-1541560584704-f2767960951a?w=200,art|photography|nature,roaring|brown|bear,roaring brown bear,Andre Tan
EFR4SRHXQ9VW,G00316,Brown Lion Looking Up In Macro Lens,https://dy-us-playground.onrender.com/,727.5,False,https://images.unsplash.com/photo-1511208687438-2c5a5abb810c?w=200,animals|wildlife|big-cats|lions|nature,brown|lion|looking|up|macro|lens|photography,brown lion looking up in macro lens photography,Prince David
I7X5WKTHZLCM,G00377,A Couple Of Birds Standing On Top,https://dy-us-playground.onrender.com/,902.94,True,https://plus.unsplash.com/premium_photo-1721587040232-244ff3502e42?w=200,animals|wildlife|birds|nature,couple|birds|standing|top|lush|green|hedge,A couple of birds standing on top of a lush green hedge,Alexandros Giannakakis
3HUFAV2ILT1J,G00254,Two Brown Giraffes,https://dy-us-playground.onrender.com/,604.51,True,https://images.unsplash.com/photo-1516912347627-9c5b5d08b35f?w=200,art|photography|nature,two|brown|giraffes,two brown giraffes,Wolfgang Hasselmann
TR20QRD70K94,G00254,Brown Animal On Branch,https://dy-us-playground.onrender.com/,1624.18,True,https://images.unsplash.com/photo-1519562990232-845beca99938?w=200,art|photography|nature,brown|animal|branch,brown animal on branch,Ellicia
CPHTI48ZJSS9,G00254,Black Gorilla In Close Up Photography,https://dy-us-playground.onrender.com/,525.72,True,https://images.unsplash.com/photo-1585856147890-0116324c831d?w=200,art|photography|nature,black|gorilla|close|up|photography,black gorilla in close up photography,Ingo Stiller
K3ACTIETOWLJ,G00377,A Bird Flying In The Sky,https://dy-us-playground.onrender.com/,1328.91,True,https://images.unsplash.com/photo-1651673153662-86d3fde39c9f?w=200,animals|wildlife|birds|nature,bird|flying|sky,a bird flying in the sky,Robert Sachowski
CRW6TG6IUJWP,G00254,Brown Merkat On Sand,https://dy-us-playground.onrender.com/,1660.57,False,https://images.unsplash.com/photo-1548246898-b1277308009a?w=200,art|photography|nature,brown|merkat|sand,brown merkat on sand,rigel
W0X3HG647EGH,G00254,Flock Of Flamingos,https://dy-us-playground.onrender.com/,1196.52,True,https://images.unsplash.com/photo-1534832847687-ed24b3a9d3ee?w=200,art|photography|nature,flock|flamingos,flock of flamingos,Olivier Guillard
L6TNCEEG6FEK,G00254,Shallow Focus Photography Of Brown Animals During,https://dy-us-playground.onrender.com/,1239.24,False,https://images.unsplash.com/photo-1517118828960-de5ea37d8ae6?w=200,art|photography|nature,shallow|focus|photography|brown|animals|during|daytime,shallow focus photography of brown animals during daytime,sutirta budiman
7EM17U0PCTTH,G00316,Brown Lion On Grass Field During Daytime,https://dy-us-playground.onrender.com/,794.28,True,https://images.unsplash.com/photo-1504616516087-fca44d1f8737?w=200,animals|wildlife|big-cats|lions|nature,brown|lion|grass|field|during|daytime,brown lion on grass field during daytime,Bhargava Srivari
J3293WDTX39B,G00255,Adult Elephant At The Field,https://dy-us-playground.onrender.com/,1627.94,True,https://images.unsplash.com/photo-1543055131-ac87bf2f6ac1?w=200,art|photography|nature,adult|elephant|at|field,adult elephant at the field,Joaquín Rivero
286CGKMMBLPH,G00255,Brown Camel On Brown Field During Daytime,https://dy-us-playground.onrender.com/,1864.17,False,https://images.unsplash.com/photo-1599475504246-11c1217748c2?w=200,art|photography|nature,brown|camel|field|during|daytime,brown camel on brown field during daytime,Saj Shafique
P83C6XH8AROL,G00255,Two Black Monkeys,https://dy-us-playground.onrender.com/,1190.81,True,https://images.unsplash.com/photo-1559629304-47a70c8c042e?w=200,art|photography|nature,two|black|monkeys,two black monkeys,Satya deep
NPTHY1MQXK09,G00364,A Tiger Swimming In A Body Of,https://dy-us-playground.onrender.com/,848.1,False,https://plus.unsplash.com/premium_photo-1664302747350-054ff9d210f9?w=200,animals|wildlife|big-cats|tigers|nature,tiger|swimming|body|water,a tiger swimming in a body of water,Getty Images
5Y7Y5L8OY4S5,G00255,Koala Hanging On Branch,https://dy-us-playground.onrender.com/,1333.26,True,https://images.unsplash.com/photo-1496316980714-b041aa7fa802?w=200,art|photography|nature,koala|hanging|branch,koala hanging on branch,Vita Vilcina
VE66V4SW9WFG,G00255,The Wildebeest Migration In Africa,https://dy-us-playground.onrender.com/,1235.82,False,https://plus.unsplash.com/premium_photo-1664301406479-b308f3fffdfd?w=200,art|photography|nature,wildebeest|migration|africa,The wildebeest migration in Africa,Getty Images
YXBFBLVMAOH1,G00255,Brown And White Rodent Standing On Brown,https://dy-us-playground.onrender.com/,1583.57,True,https://images.unsplash.com/photo-1446562506700-1880c71a3a96?w=200,art|photography|nature,brown|white|rodent|standing|tree|trunk|at,brown and white rodent standing on brown tree trunk at daytime,Ales Krivec
7GVJKT4GU8FJ,G00256,Selective Focus Photography Of White Primate,https://dy-us-playground.onrender.com/,866.07,True,https://images.unsplash.com/photo-1531854318485-4a567d6eeeec?w=200,art|photography|nature,selective|focus|photography|white|primate,selective focus photography of white primate,Jatin Namdeo
8LIZQ0CMZN6Q,G00256,A Group Of Elephants Stand In A,https://dy-us-playground.onrender.com/,538.26,False,https://plus.unsplash.com/premium_photo-1669740462478-135db9b990ea?w=200,art|photography|nature,group|elephants|stand|grassy|field,a group of elephants stand in a grassy field,Pierre Lemos
APVKTZXMTGBX,G00256,A Squirrel Eating A Nut,https://dy-us-playground.onrender.com/,662.23,True,https://images.unsplash.com/photo-1669255664806-39bdc7caa8da?w=200,art|photography|nature,squirrel|eating|nut,a squirrel eating a nut,Rohit Kumar
CHM7OIJE1OIU,G00316,Adult Lion Walking Beside Tree,https://dy-us-playground.onrender.com/,1167.77,True,https://images.unsplash.com/photo-1546182990-dffeafbe841d?w=200,animals|wildlife|big-cats|lions|nature,adult|lion|walking|beside|tree,adult lion walking beside tree,Francesco
N9NL33LDHDT0,G00256,Silhouette Of Deer Standing On Grass Field,https://dy-us-playground.onrender.com/,669.91,False,https://images.unsplash.com/photo-1506662365631-61d29e5063bc?w=200,art|photography|nature,silhouette|deer|standing|grass|field,silhouette of deer standing on grass field,Casey Horner
9EEXK2MLVD9W,G00256,Female Giraffe With A Baby In The,https://dy-us-playground.onrender.com/,1400.78,False,https://plus.unsplash.com/premium_photo-1661810398337-1fddd20130c3?w=200,art|photography|nature,female|giraffe|baby|savannah|kenya|tanzania|east|africa,Female giraffe with a baby in the savannah. Kenya. Tanzania. East Africa. An excellent illustration.,Getty Images
0IBNWPCIHDR5,G00316,Lioness Closeup Photography,https://dy-us-playground.onrender.com/,1707.62,True,https://images.unsplash.com/photo-1516109829485-81f3640777bb?w=200,animals|wildlife|big-cats|lions|nature,lioness|closeup|photography,lioness closeup photography,Omer Salom
HZBO2C1736VK,G00364,Tiger In Forest,https://dy-us-playground.onrender.com/,1585.57,False,https://images.unsplash.com/photo-1537616930345-1d330ad3e0a9?w=200,animals|wildlife|big-cats|tigers|forest,tiger|forest,tiger in forest,Benjamin Raffetseder
6FHS5EP5UYGM,G00364,A Close Up Of A Tiger Laying,https://dy-us-playground.onrender.com/,352.43,False,https://plus.unsplash.com/premium_photo-1664302788765-6de1e3b0e80b?w=200,animals|wildlife|big-cats|tigers|nature,close|up|tiger|laying|bed,a close up of a tiger laying on a bed,Getty Images
JB8Y9BX1TA7F,G00364,Shallow Focus Of Tiger Beside Green Leafed,https://dy-us-playground.onrender.com/,1610.29,True,https://images.unsplash.com/photo-1545462616-efed1939219f?w=200,animals|wildlife|big-cats|tigers|nature,shallow|focus|tiger|beside|green|leafed|plant,shallow focus of tiger beside green leafed plant,Rick L
1WF1ZJGOU3JM,G00378,A Small Yellow Bird Sitting On Top,https://dy-us-playground.onrender.com/,1821.55,False,https://plus.unsplash.com/premium_photo-1667065570879-4f220100398d?w=200,animals|wildlife|birds|nature,small|yellow|bird|sitting|top|tree|branch,a small yellow bird sitting on top of a tree branch,Matt Bango
FMLCH6XJII0L,G00256,Silhouette Of Deer Beside Body Of Water,https://dy-us-playground.onrender.com/,1677.49,False,https://images.unsplash.com/photo-1542890886-40c9094e352a?w=200,art|photography|nature,silhouette|deer|beside|body|water,silhouette of deer beside body of water,Diana Parkhouse
4EHPHW6L59F2,G00257,A Small Animal Looking At The Camera,https://dy-us-playground.onrender.com/,1485.13,True,https://plus.unsplash.com/premium_photo-1669725687209-233e6c9f4eaf?w=200,art|photography|nature,small|animal|looking|at|camera,a small animal looking at the camera,Pierre Lemos
AK7MYS4XEIP0,G00257,Closeup Photography Leopard On Tree,https://dy-us-playground.onrender.com/,823.96,True,https://images.unsplash.com/photo-1510920018318-3b4dfe979e4d?w=200,art|photography|nature,closeup|photography|leopard|tree,closeup photography leopard on tree,Geranimo
VVQA4GLCHPAR,G00257,Selective Photo Of Brown And White Primate,https://dy-us-playground.onrender.com/,1580.16,True,https://images.unsplash.com/photo-1516708274537-6f91e34ccaf2?w=200,art|photography|nature,selective|photo|brown|white|primate,selective photo of brown and white primate,Patrick Beznoska
AD3TUJ8UUR2P,G00257,Elephant During Daytime,https://dy-us-playground.onrender.com/,476.04,False,https://images.unsplash.com/photo-1503286666306-61c9985f16cc?w=200,art|photography|nature,elephant|during|daytime,elephant during daytime,James Hammond
RK8L8CP343Z9,G00257,Three Hippopotamus Laying On The Ground Together,https://dy-us-playground.onrender.com/,744.02,False,https://images.unsplash.com/photo-1528588461395-c38be5b29370?w=200,art|photography|nature,three|hippopotamus|laying|ground|together,three hippopotamus laying on the ground together,Pawel Czerwinski
UB9O8N0PIPV7,G00257,Brown Primate,https://dy-us-playground.onrender.com/,1843.87,True,https://images.unsplash.com/flagged/photo-1566127992631-137a642a90f4?w=200,art|photography|nature,brown|primate,brown primate,Syed Ahmad
L7H1NG1QFJZ9,G00378,A Couple Of Colorful Birds Flying Through,https://dy-us-playground.onrender.com/,40.08,True,https://plus.unsplash.com/premium_photo-1729791088769-6157499dbe9d?w=200,animals|wildlife|birds|nature,couple|colorful|birds|flying|through|air,A couple of colorful birds flying through the air,Zdeněk Macháček
WF18QF3HN032,G00258,Zebra On Grass Field,https://dy-us-playground.onrender.com/,62.26,True,https://images.unsplash.com/photo-1554993270-9af74437007c?w=200,art|photography|nature,zebra|grass|field,zebra on grass field,Leonard von Bibra
GHP5I9DU2MLE,G00303,A Red Panda Walking Through A Lush,https://dy-us-playground.onrender.com/,98.1,False,https://plus.unsplash.com/premium_photo-1695717085633-0d66021c21d9?w=200,art|photography|forest,red|panda|walking|through|lush|green|forest,a red panda walking through a lush green forest,Zdeněk Macháček
2ZS1OF83D1GP,G00258,Bulk On Ground Near Tree,https://dy-us-playground.onrender.com/,1706.21,True,https://images.unsplash.com/photo-1451303688941-9e06d4b1277a?w=200,art|photography|nature,bulk|ground|near|tree,bulk on ground near tree,Nico Miot
YT13GSJ6K6W1,G00258,Selective Focus Photo Of Giraffe,https://dy-us-playground.onrender.com/,1257.26,True,https://images.unsplash.com/photo-1574870111867-089730e5a72b?w=200,art|photography|nature,selective|focus|photo|giraffe,selective focus photo of giraffe,Andy Holmes
F6VHST6CGY3N,G00258,A Large Elk Standing On Top Of,https://dy-us-playground.onrender.com/,1361.0,False,https://images.unsplash.com/photo-1678544937262-e4c3fae6cf05?w=200,art|photography|nature,large|elk|standing|top|grass|covered|field,a large elk standing on top of a grass covered field,Nunzio Guerrera
NK3ZNQGSRO0P,G00364,Orange Tiger On Grey Concrete Flooring,https://dy-us-playground.onrender.com/,724.26,False,https://images.unsplash.com/photo-1477764250597-dffe9f601ae8?w=200,animals|wildlife|big-cats|tigers|nature,orange|tiger|grey|concrete|flooring,orange tiger on grey concrete flooring,Nick Karvounis
8DD1447SOGJO,G00258,Panda Bear On Tree Trunk,https://dy-us-playground.onrender.com/,813.06,False,https://images.unsplash.com/photo-1599625042924-a22b68c0e39a?w=200,art|photography|nature,panda|bear|tree|trunk,panda bear on tree trunk,billow926
30G2QBDUT55L,G00258,Selective Focus Photo Of Green Frog,https://dy-us-playground.onrender.com/,366.28,False,https://images.unsplash.com/photo-1564595149151-5976ef64aca9?w=200,art|photography|nature,selective|focus|photo|green|frog,selective focus photo of green frog,Niklas Ohlrogge (niamoh.de)
F0JHJ2GE2HNZ,G00259,Two Male Black Faced Impala Photographed In,https://dy-us-playground.onrender.com/,1450.77,False,https://plus.unsplash.com/premium_photo-1661963399826-91d97cbefa47?w=200,art|photography|nature,two|male|black|faced|impala|photographed|namibia,Two male black faced impala photographed in Namibia,Getty Images
73AB58MWKR6W,G00259,A Close Up Of A Red Object,https://dy-us-playground.onrender.com/,446.71,False,https://images.unsplash.com/photo-1694612689210-24ec01747c24?w=200,art|photography|nature,close|up|red|object|water,a close up of a red object in the water,Muhammad Kemal Hidayatullah
AJ8CYEQCJWDI,G00259,Close Up Photography Of Antelope,https://dy-us-playground.onrender.com/,1456.73,True,https://images.unsplash.com/photo-1577995839748-290ad56694ae?w=200,art|photography|nature,close|up|photography|antelope,close up photography of antelope,Julien Gaud
BUG0KHI9R6I2,G00259,A Close Up Of A Deer With,https://dy-us-playground.onrender.com/,1032.98,False,https://images.unsplash.com/photo-1732223781387-27d4b4902e43?w=200,art|photography|nature,close|up|deer|antlers|foggy|day,A close up of a deer with antlers on a foggy day,Tamás Tokos
6SVUY8K9B3TE,G00259,A Peacock Is Sitting On A Tree,https://dy-us-playground.onrender.com/,99.13,True,https://plus.unsplash.com/premium_photo-1721587040126-983ebdc52987?w=200,art|photography|nature,peacock|is|sitting|tree|branch,A peacock is sitting on a tree branch,Alexandros Giannakakis
RM5OVJFI6KDM,G00259,Herd Cheetah In Wild,https://dy-us-playground.onrender.com/,33.21,True,https://images.unsplash.com/photo-1523982058825-3174c41b54da?w=200,art|photography|nature,herd|cheetah|wild,herd cheetah in wild,Harshil Gudka
KSFH7QVMXK1R,G00365,Wild Bengal Tiger In The Cave India,https://dy-us-playground.onrender.com/,470.64,False,https://plus.unsplash.com/premium_photo-1661847643150-4e06569d2ec1?w=200,animals|wildlife|big-cats|tigers|nature,wild|bengal|tiger|cave|india|bandhavgarh|national|park,Wild Bengal Tiger in the cave. India. Bandhavgarh National Park. Madhya Pradesh. An excellent illustration.,Getty Images
JE5UK1X38ZD4,G00260,A Couple Of Cheetahs Lying In The,https://dy-us-playground.onrender.com/,638.81,True,https://images.unsplash.com/photo-1651707265633-6043d4606339?w=200,art|photography|nature,couple|cheetahs|lying|grass,a couple of cheetahs lying in the grass,Slavan
WDCZGF57CBN7,G00101,Other Common Name Timber Wolf Grey Wolves,https://dy-us-playground.onrender.com/,871.78,False,https://plus.unsplash.com/premium_photo-1664303208329-58bd1b4e30c3?w=200,animals|wildlife|canines|wolves|winter,other|common|name|timber|wolf|grey|wolves|are,"Other common name: timber wolf. Grey wolves are pack animals, with parents and cubs forming the basic pack. During the winter months larger packs are formed. Wolves are found in Northern Europe, Asia, and North America.",Getty Images
AE6LIFMJPEIX,G00260,A Close Up Of A Slug On,https://dy-us-playground.onrender.com/,1742.2,False,https://images.unsplash.com/photo-1738165176802-4577c1e0edab?w=200,art|photography|nature,close|up|slug|rock,A close up of a slug on a rock,Jackie Best
X73ET5FU06WA,G00378,Two Colorful Birds Perched On Top Of,https://dy-us-playground.onrender.com/,1677.88,False,https://plus.unsplash.com/premium_photo-1729791089047-72d081705573?w=200,animals|wildlife|birds|nature,two|colorful|birds|perched|top|tree|branch,Two colorful birds perched on top of a tree branch,Zdeněk Macháček
AD49XGD9D7NH,G00303,A Mountain Goat Standing On Top Of,https://dy-us-playground.onrender.com/,1460.61,False,https://images.unsplash.com/photo-1731468151437-05721bb0d1e7?w=200,art|photography|mountain,mountain|goat|standing|top|rocky|hillside,A mountain goat standing on top of a rocky hillside,Quinn Savatgy
E88H11X3WM8G,G00260,A Kangaroo Standing On Top Of A,https://dy-us-playground.onrender.com/,797.96,False,https://plus.unsplash.com/premium_photo-1666777247057-40fd5ff166c4?w=200,art|photography|nature,kangaroo|standing|top|lush|green|field,a kangaroo standing on top of a lush green field,Jacob Dyer
EPV83ZZE2SU9,G00378,A Group Of White Birds In A,https://dy-us-playground.onrender.com/,35.57,True,https://plus.unsplash.com/premium_photo-1669725687297-e12e4e1e1ba7?w=200,animals|wildlife|birds|nature,group|white|birds|pond,a group of white birds in a pond,Pierre Lemos
KZAYGQD4RTW7,G00260,Wild Great Onehorned Rhinoceros Is Standing On,https://dy-us-playground.onrender.com/,584.96,False,https://plus.unsplash.com/premium_photo-1661828159832-19d8340f8e09?w=200,art|photography|nature,wild|great|one|horned|rhinoceros|is|standing|road,Wild Great one-horned rhinoceros is standing on the road in India. Kaziranga National Park.,Getty Images
5HIVYQD2Z60A,G00378,A Small Bird Sitting On Top Of,https://dy-us-playground.onrender.com/,1501.49,True,https://images.unsplash.com/photo-1726335849157-e8afabab3c29?w=200,animals|wildlife|birds|nature,small|bird|sitting|top|wooden|post,A small bird sitting on top of a wooden post,Ronan Hello
D1DV7UGVM8V5,G00316,A Lion Walking Through A Dry Grass,https://dy-us-playground.onrender.com/,1013.17,False,https://images.unsplash.com/photo-1729359035276-189519a4b072?w=200,animals|wildlife|big-cats|lions|nature,lion|walking|through|dry|grass|field,A lion walking through a dry grass field,C Perret
IJ3I8RK5GYV7,G00260,A Red Fox Sleeping On A Log,https://dy-us-playground.onrender.com/,39.52,False,https://images.unsplash.com/photo-1726335849092-a9870a096165?w=200,art|photography|nature,red|fox|sleeping|log|woods,A red fox sleeping on a log in the woods,Ronan Hello
LGCWBER51VU6,G00378,A Small Bird Perched On Top Of,https://dy-us-playground.onrender.com/,1310.55,True,https://images.unsplash.com/photo-1678048632153-d961f9c37a48?w=200,animals|wildlife|birds|nature,small|bird|perched|top|tree|branch,a small bird perched on top of a tree branch,Daniil Komov
AKQ4WFJNUN60,G00260,A Bison Standing In A Snow Covered,https://dy-us-playground.onrender.com/,1763.42,False,https://plus.unsplash.com/premium_photo-1675447019877-c4685707f3de?w=200,art|photography|winter,bison|standing|snow|covered|field,a bison standing in a snow covered field,Daniel Mirlea
C27PUZSKCMUK,G00379,A Small Bird Perched On A Tree,https://dy-us-playground.onrender.com/,1216.81,True,https://images.unsplash.com/photo-1678048632168-39fdc9f781a9?w=200,animals|wildlife|birds|nature,small|bird|perched|tree|branch,a small bird perched on a tree branch,Daniil Komov
P5BCHUVED3TM,G00365,Portrait Of Siberian Amur Tiger Panthera Tigris,https://dy-us-playground.onrender.com/,98.1,True,https://plus.unsplash.com/premium_photo-1661962776165-831ab8ebe324?w=200,animals|wildlife|big-cats|tigers|nature,portrait|siberian|amur|tiger|panthera|tigris|summer,Portrait of Siberian Amur tiger Panthera Tigris Tigris in Summer,Getty Images
QEKXWI009PU0,G00379,A Group Of Birds Flying Around A,https://dy-us-playground.onrender.com/,1363.84,True,https://images.unsplash.com/photo-1678048632154-71cbdd7dcf62?w=200,animals|wildlife|birds|nature,group|birds|flying|around|tree|branch,a group of birds flying around a tree branch,Daniil Komov
V9GNC5P7KVAE,G00261,A Close Up Of A Deer With,https://dy-us-playground.onrender.com/,461.0,False,https://plus.unsplash.com/premium_photo-1674045998137-5149eac0d969?w=200,art|photography|nature,close|up|deer|very|large|antlers,a close up of a deer with very large antlers,Tim Schmidbauer
T13KFNH5UKIS,G00261,Two White Swans Swimming In A Body,https://dy-us-playground.onrender.com/,863.7,False,https://images.unsplash.com/photo-1717379758408-5f96cd93cdb4?w=200,art|photography|nature,two|white|swans|swimming|body|water,two white swans swimming in a body of water,Diwei Zhu
IB9YIZLEN5M6,G00379,A Small Bird Perched On A Tree,https://dy-us-playground.onrender.com/,1780.22,True,https://images.unsplash.com/photo-1636797521934-c6e69e592a3e?w=200,animals|wildlife|birds|nature,small|bird|perched|tree|branch,a small bird perched on a tree branch,Daniil Komov
4XNM9JW4TA3D,G00261,A Red Fox Standing In The Grass,https://dy-us-playground.onrender.com/,482.11,True,https://images.unsplash.com/photo-1707536484364-b20b679a9491?w=200,art|photography|nature,red|fox|standing|grass|looking|at|camera,a red fox standing in the grass looking at the camera,Lesya Tyutrina Andrey Biyanov
0GXBSS2Q09UE,G00303,Majestic Stag With Large Antlers Stands In,https://dy-us-playground.onrender.com/,1941.56,True,https://images.unsplash.com/photo-1757858849087-7095a55a0550?w=200,art|photography|forest,majestic|stag|large|antlers|stands|forest,Majestic stag with large antlers stands in a forest.,heino eisner
S65VK5H7ISCC,G00261,Brown Monkey On Brown Tree Branch During,https://dy-us-playground.onrender.com/,10.98,True,https://images.unsplash.com/photo-1615148109219-6af9bff46b80?w=200,art|photography|nature,brown|monkey|tree|branch|during|daytime,brown monkey on brown tree branch during daytime,Tuva Mathilde Løland
PS595SY1PFKC,G00379,A Small Bird Is Perched On A,https://dy-us-playground.onrender.com/,335.67,False,https://images.unsplash.com/photo-1636704169578-c4c3d9a90b0c?w=200,animals|wildlife|birds|nature,small|bird|is|perched|branch,a small bird is perched on a branch,Daniil Komov
UGC0Q1064V6N,G00261,An Elk In Pennsylvania,https://dy-us-playground.onrender.com/,1978.59,True,https://plus.unsplash.com/premium_photo-1661962658996-d228b1506bfa?w=200,art|photography|nature,elk|pennsylvania,An elk in Pennsylvania,Getty Images
27II7O7DE9JO,G00261,Brown And Blue Spider On Brown Wooden,https://dy-us-playground.onrender.com/,1670.25,True,https://images.unsplash.com/photo-1593923428221-c59c39b35581?w=200,art|photography|nature,brown|blue|spider|wooden|stick|close|up,brown and blue spider on brown wooden stick in close up photography,Ghana Shyam Khadka
8ZLWE4H1LD23,G00316,A Male And Female Lion Nuzzle In,https://dy-us-playground.onrender.com/,1651.6,True,https://plus.unsplash.com/premium_photo-1708433275146-5763690184e8?w=200,animals|wildlife|big-cats|lions|nature,male|female|lion|nuzzle|dry|grass,A male and female lion nuzzle in dry grass.,Unsplash+ Community
5WJCPUZ98VJ0,G00379,A Bird Sitting On A Wire With,https://dy-us-playground.onrender.com/,1207.85,True,https://images.unsplash.com/photo-1721527397460-5bf80d24fa1d?w=200,animals|wildlife|birds|nature,bird|sitting|wire|worm|it|s|mouth,A bird sitting on a wire with a worm in it's mouth,Sri Widayanto
4U9C0LYG89JX,G00379,A Small White Bird Sitting On A,https://dy-us-playground.onrender.com/,1496.15,False,https://images.unsplash.com/photo-1678048632050-2e3a3ee69ab0?w=200,animals|wildlife|birds|nature,small|white|bird|sitting|tree|branch,a small white bird sitting on a tree branch,Daniil Komov
JGJCWNKVS6GE,G00262,A Bee Sitting On Top Of A,https://dy-us-playground.onrender.com/,501.98,True,https://images.unsplash.com/photo-1721541171385-f200dbdb464f?w=200,art|photography|nature,bee|sitting|top|yellow|flower,A bee sitting on top of a yellow flower,Sri Widayanto
LT5HBR8L4SOC,G00380,A Small Bird Perched On Top Of,https://dy-us-playground.onrender.com/,1800.47,False,https://plus.unsplash.com/premium_photo-1668268398598-7a99db3d8e84?w=200,animals|wildlife|birds|nature,small|bird|perched|top|tree|branch,a small bird perched on top of a tree branch,Matt Bango
X7W46G9C74IE,G00262,A Yellow And Red Bug Sitting On,https://dy-us-playground.onrender.com/,131.98,True,https://images.unsplash.com/photo-1690102357990-94e5edfe34cb?w=200,art|photography|nature,yellow|red|bug|sitting|top|plant,a yellow and red bug sitting on top of a plant,Рома Морозов
H8TCX74N3TKK,G00262,Female Cheetah Lying In The Grass Photographed,https://dy-us-playground.onrender.com/,1765.03,False,https://plus.unsplash.com/premium_photo-1661837277372-1cd072f18ae1?w=200,art|photography|nature,female|cheetah|lying|grass|photographed|backlight,"Female cheetah lying in the grass, photographed in backlight",Getty Images
M7H4J4EUM435,G00262,A Bee On A Flower,https://dy-us-playground.onrender.com/,1919.34,True,https://images.unsplash.com/photo-1660384908980-5235825bd120?w=200,art|photography|nature,bee|flower,a bee on a flower,Ladislav Stercell
X8JRQLV65QGG,G00262,A Moose In The Snow,https://dy-us-playground.onrender.com/,1239.84,False,https://plus.unsplash.com/premium_photo-1669741909462-77a4b8c3f7c5?w=200,art|photography|winter,moose|snow,a moose in the snow,Tasha Marie
6N73S04U3HNC,G00262,Black And Yellow Bee On White Flower,https://dy-us-playground.onrender.com/,183.36,True,https://images.unsplash.com/photo-1597642097469-fe3ad5c269ac?w=200,art|photography|nature,black|yellow|bee|white|flower,black and yellow bee on white flower,Milan Ivanovic
E7PVN51DN9RZ,G00263,A Whitetailed Deer In Pennsylvania,https://dy-us-playground.onrender.com/,801.28,False,https://plus.unsplash.com/premium_photo-1664299912412-96ea5993ff6f?w=200,art|photography|nature,white|tailed|deer|pennsylvania,A White-tailed Deer in Pennsylvania,Getty Images
F051ANNLJEVR,G00263,A Close Up Of A Bug On,https://dy-us-playground.onrender.com/,626.68,True,https://images.unsplash.com/photo-1722104471542-3052bfabd8ac?w=200,art|photography|nature,close|up|bug|ground,A close up of a bug on the ground,Рома Морозов
JDZQ2N3X5YU0,G00263,A Close Up Of A Rodent In,https://dy-us-playground.onrender.com/,1356.1,False,https://images.unsplash.com/photo-1701430916245-c126556b6da0?w=200,art|photography|nature,close|up|rodent|grass,a close up of a rodent in the grass,Daniil Komov
QGP8G1W34KAX,G00263,A Capybara Laying In The Grass In,https://dy-us-playground.onrender.com/,798.79,False,https://images.unsplash.com/photo-1701430916212-0615c1458af0?w=200,art|photography|nature,capybara|laying|grass|sun,a capybara laying in the grass in the sun,Daniil Komov
59WSPW8WIUX5,G00263,A Duck Is Swimming In The Water,https://dy-us-playground.onrender.com/,69.64,True,https://images.unsplash.com/photo-1634697756036-a984141d619f?w=200,art|photography|nature,duck|is|swimming|water,a duck is swimming in the water,shraga kopstein
ZUFDS69C2W0E,G00380,White Bird Flying Under Blue Sky During,https://dy-us-playground.onrender.com/,783.43,False,https://images.unsplash.com/photo-1598131478675-8d9e4b40be1a?w=200,animals|wildlife|birds|nature,white|bird|flying|under|blue|sky|during|daytime,white bird flying under blue sky during daytime,Milan Ivanovic
3J6M8YI4BDF1,G00263,A Couple Of Bugs Sitting On Top,https://dy-us-playground.onrender.com/,304.81,False,https://plus.unsplash.com/premium_photo-1686811073005-c3cd1710ee69?w=200,art|photography|nature,couple|bugs|sitting|top|green|plant,a couple of bugs sitting on top of a green plant,Abhi Verma
6CW2CHKEDPA7,G00264,A Group Of Elephants Standing Next To,https://dy-us-playground.onrender.com/,1420.14,True,https://images.unsplash.com/photo-1645998605681-263c00e2fad7?w=200,art|photography|nature,group|elephants|standing|next|to|each|other,a group of elephants standing next to each other,Bernd 📷 Dittrich
PX92XLMZ3AXF,G00380,A Burrowing Owl In Cape Coral Florida,https://dy-us-playground.onrender.com/,265.06,False,https://plus.unsplash.com/premium_photo-1664300103763-cfcb2d080b8d?w=200,animals|wildlife|birds|nature,burrowing|owl|cape|coral|florida,"A burrowing Owl in Cape Coral, Florida.",Getty Images
J4AGMOHSPIHF,G00264,A Close Up Of A Rodent In,https://dy-us-playground.onrender.com/,1509.91,True,https://images.unsplash.com/photo-1701430916185-f80c51edf37d?w=200,art|photography|nature,close|up|rodent|grass,a close up of a rodent in the grass,Daniil Komov
MS649MFYOKTV,G00317,A Close Up Of A Sea Lions,https://dy-us-playground.onrender.com/,230.98,False,https://plus.unsplash.com/premium_photo-1675188409776-680269ba6c23?w=200,animals|wildlife|big-cats|lions|nature,close|up|sea|lion|s|face,a close up of a sea lion's face,Sandra Seitamaa
BTKC5AT11LHO,G00304,A Monkey Sitting On A Log In,https://dy-us-playground.onrender.com/,1226.65,False,https://images.unsplash.com/photo-1641448147406-005a9078daa9?w=200,art|photography|forest,monkey|sitting|log|forest,a monkey sitting on a log in a forest,Vivek Doshi
C0ZF62LO88ML,G00304,A Small Deer Standing In The Middle,https://dy-us-playground.onrender.com/,256.92,False,https://plus.unsplash.com/premium_photo-1675847898334-5dcaffb65772?w=200,art|photography|forest,small|deer|standing|middle|forest,a small deer standing in the middle of a forest,Daniel Mirlea
WF5JZS1VCOC1,G00264,A Close Up Of A Groundhog In,https://dy-us-playground.onrender.com/,1634.53,False,https://images.unsplash.com/photo-1701430916209-9edd81753328?w=200,art|photography|nature,close|up|groundhog|grass,a close up of a groundhog in the grass,Daniil Komov
S2A9A6Z2XTBT,G00380,A White Bird Flying Over A Body,https://dy-us-playground.onrender.com/,493.15,True,https://images.unsplash.com/photo-1674114411719-199c28e587b2?w=200,animals|wildlife|birds|nature,white|bird|flying|over|body|water,a white bird flying over a body of water,Ladislav Stercell
S3ICURP7NU04,G00264,A Close Up Of A Rodent In,https://dy-us-playground.onrender.com/,2.13,True,https://images.unsplash.com/photo-1701430916184-94724f1ad9b4?w=200,art|photography|nature,close|up|rodent|grass,a close up of a rodent in the grass,Daniil Komov
EW5IGFI2NZ00,G00264,Yellow Butterfly Perched On Purple Flower In,https://dy-us-playground.onrender.com/,1192.7,False,https://images.unsplash.com/photo-1597642152912-e97a31f118aa?w=200,art|photography|nature,yellow|butterfly|perched|purple|flower|close|up|photography,yellow butterfly perched on purple flower in close up photography during daytime,Milan Ivanovic
064P2TXW7A5W,G00380,A Red Bird Perched On A Branch,https://dy-us-playground.onrender.com/,922.65,True,https://images.unsplash.com/photo-1640886907876-33506d50a4ef?w=200,animals|wildlife|birds|nature,red|bird|perched|branch|front|christmas|tree,a red bird perched on a branch in front of a christmas tree,İrfan Simsar
2P6GUSBPXC3K,G00264,A Baby Deer Standing On Top Of,https://dy-us-playground.onrender.com/,1539.94,False,https://images.unsplash.com/photo-1646186598644-0b0e407852a6?w=200,art|photography|nature,baby|deer|standing|top|lush|green|field,a baby deer standing on top of a lush green field,Amber Kipp
RNXJ1QXECB2A,G00380,A Bald Eagle Perched On A Tree,https://dy-us-playground.onrender.com/,1878.43,True,https://images.unsplash.com/photo-1631820018357-7527ff384843?w=200,animals|wildlife|birds|nature,bald|eagle|perched|tree|branch,a bald eagle perched on a tree branch,Susanne Alexander
ZZYU6CQEZMWZ,G00265,A Herd Of Zebra Standing On Top,https://dy-us-playground.onrender.com/,417.96,False,https://images.unsplash.com/photo-1701249883320-01f2d6a9f6dc?w=200,art|photography|nature,herd|zebra|standing|top|grass|covered|field,a herd of zebra standing on top of a grass covered field,CLINTON MWEBAZE
OWP5O1OG8CL6,G00265,A Herd Of Giraffe Standing Next To,https://dy-us-playground.onrender.com/,467.56,False,https://images.unsplash.com/photo-1646344894862-323b70d77f58?w=200,art|photography|nature,herd|giraffe|standing|next|to|each|other|near,a herd of giraffe standing next to each other near a body of water,Bernd 📷 Dittrich
BWJQVZA6LQA5,G00308,A Close Up Of A Cat With,https://dy-us-playground.onrender.com/,783.15,True,https://images.unsplash.com/photo-1721493920784-bfb6e7161faf?w=200,animals|pets|cats|nature,close|up|cat|blurry|background,A close up of a cat with a blurry background,Bilali Esmir
1CPRFLSVCEU0,G00265,A Giraffe Standing In The Middle Of,https://dy-us-playground.onrender.com/,673.66,True,https://images.unsplash.com/photo-1701249813212-7fb3f18108f2?w=200,art|photography|nature,giraffe|standing|middle|field,a giraffe standing in the middle of a field,CLINTON MWEBAZE
14J354DLC6ZG,G00265,A Deer With Antlers,https://dy-us-playground.onrender.com/,1557.86,False,https://images.unsplash.com/photo-1659532801533-3b9962da86f9?w=200,art|photography|nature,deer|antlers,a deer with antlers,komal G
CM68KU1CRZN1,G00265,A Couple Of Giraffe Standing On Top,https://dy-us-playground.onrender.com/,1844.96,True,https://images.unsplash.com/photo-1701249813270-12e5a0991001?w=200,art|photography|nature,couple|giraffe|standing|top|dry|grass|field,a couple of giraffe standing on top of a dry grass field,CLINTON MWEBAZE
IQN6VFZVPF8E,G00265,A Woman Wearing A Hat,https://dy-us-playground.onrender.com/,1223.49,False,https://images.unsplash.com/photo-1665692833674-6f353d817d66?w=200,art|photography|nature,woman|wearing|hat,a woman wearing a hat,gaspar zaldo
AD9UJ45B32AI,G00266,A Couple Of Cheetah Standing Next To,https://dy-us-playground.onrender.com/,1436.71,True,https://images.unsplash.com/photo-1689799980660-a604446badae?w=200,art|photography|nature,couple|cheetah|standing|next|to|each|other,a couple of cheetah standing next to each other,Damian Karpiński
GM8EURCML1EU,G00266,A Herd Of Antelope Standing Next To,https://dy-us-playground.onrender.com/,689.49,True,https://images.unsplash.com/photo-1723547016316-6435371a7964?w=200,art|photography|nature,herd|antelope|standing|next|to|each|other,A herd of antelope standing next to each other,Doretha Rost
WRVRJ2ZON9MQ,G00266,A Statue Of A Polar Bear On,https://dy-us-playground.onrender.com/,239.45,True,https://plus.unsplash.com/premium_photo-1723517419606-6d0d36b46d4d?w=200,art|photography|nature,statue|polar|bear|gray|background,A statue of a polar bear on a gray background,Alex Shuper
RUF9R0CTLO33,G00266,White And Black Wooden Signage,https://dy-us-playground.onrender.com/,244.62,True,https://images.unsplash.com/photo-1607268102039-3e470cf6e263?w=200,art|photography|nature,white|black|wooden|signage,white and black wooden signage,Paul Chambers
4GL8AT7K6OGM,G00317,Lion Lying On Brown Soil,https://dy-us-playground.onrender.com/,267.6,True,https://images.unsplash.com/photo-1616706924384-06dd562f1696?w=200,animals|wildlife|big-cats|lions|nature,lion|lying|brown|soil,lion lying on brown soil,Josh McGregor
3XTQJB4DXJI4,G00266,A Group Of Giraffes Standing Around In,https://dy-us-playground.onrender.com/,1359.84,True,https://images.unsplash.com/photo-1678652778466-48398e0c9edb?w=200,art|photography|nature,group|giraffes|standing|around|dirt,a group of giraffes standing around in the dirt,Nathalie Lays
VT4O8C5V4CNH,G00266,A Group Of Antelope Standing On A,https://dy-us-playground.onrender.com/,746.29,False,https://images.unsplash.com/photo-1700603159348-5b8e53dc1024?w=200,art|photography|nature,group|antelope|standing|dry|grass|field,a group of antelope standing on a dry grass field,Brian Kungu
A0HMCB7DBX1A,G00267,Portrait Of A Zebra Closeup Kenya Tanzania,https://dy-us-playground.onrender.com/,1886.67,True,https://plus.unsplash.com/premium_photo-1661849793437-70a6f9564372?w=200,art|photography|nature,portrait|zebra|close|up|kenya|tanzania|national|park,Portrait of a zebra. Close-up. Kenya. Tanzania. National Park. Serengeti. Maasai Mara. An excellent illustration.,Getty Images
YKNADUB8TY66,G00267,A Woman Wearing A Hat,https://dy-us-playground.onrender.com/,807.35,False,https://images.unsplash.com/photo-1665692833681-a4c3c58fe07a?w=200,art|photography|nature,woman|wearing|hat,a woman wearing a hat,gaspar zaldo
4WRZYNK9AULV,G00381,A Couple Of Small White Birds Standing,https://dy-us-playground.onrender.com/,1407.21,True,https://plus.unsplash.com/premium_photo-1724824175159-d68ec19e033e?w=200,animals|wildlife|birds|nature,couple|small|white|birds|standing|top|floor,A couple of small white birds standing on top of a floor,Daniel Mirlea
5U9VX87G1P7Z,G00267,A Group Of Giraffes Walking Through A,https://dy-us-playground.onrender.com/,158.18,False,https://images.unsplash.com/photo-1712182263271-5daae6813391?w=200,art|photography|nature,group|giraffes|walking|through|field,a group of giraffes walking through a field,Hendrik Prinsloo
2XCT036U25A6,G00267,A Person And An Elephant,https://dy-us-playground.onrender.com/,40.72,True,https://images.unsplash.com/photo-1670259182436-049da7055bc3?w=200,art|photography|nature,person|elephant,a person and an elephant,Eden Constantino
OCWVINMSN92A,G00267,A Red Fox Standing In A Grassy,https://dy-us-playground.onrender.com/,874.81,True,https://images.unsplash.com/photo-1700413473936-81b281f88715?w=200,art|photography|nature,red|fox|standing|grassy|field,a red fox standing in a grassy field,Alexandra Vutof
86K2MDYJ8Z57,G00381,A Small Green Bird Sitting On A,https://dy-us-playground.onrender.com/,1288.61,False,https://plus.unsplash.com/premium_photo-1673455210111-0f3663157f3e?w=200,animals|wildlife|birds|nature,small|green|bird|sitting|rope,a small green bird sitting on a rope,Cphotos
QKUOHX4NGUA2,G00267,Black And Brown Squirrel,https://dy-us-playground.onrender.com/,1138.73,True,https://images.unsplash.com/photo-1573303012609-6e80afda4de2?w=200,art|photography|nature,black|brown|squirrel,black and brown squirrel,Ray Zhou
MDVKWXIBJV0C,G00268,A Pigeon Sitting On Top Of A,https://dy-us-playground.onrender.com/,278.39,False,https://plus.unsplash.com/premium_photo-1666788426988-8881093664dd?w=200,art|photography|nature,pigeon|sitting|top|tree|branch,a pigeon sitting on top of a tree branch,Luke Thornton
MR46H34AOCEI,G00268,A Group Of Elephants Playing,https://dy-us-playground.onrender.com/,1211.28,False,https://images.unsplash.com/photo-1661223888037-cecad19c1887?w=200,art|photography|nature,group|elephants|playing,a group of elephants playing,Rohit Varma
4WMQLJW09C93,G00317,A Lion Looking At The Camera,https://dy-us-playground.onrender.com/,551.26,False,https://images.unsplash.com/photo-1668701644378-209c3e9f7e5f?w=200,animals|wildlife|big-cats|lions|nature,lion|looking|at|camera,a lion looking at the camera,Hans Veth
NB6WN0JQSDLF,G00268,Brown Deer In Tilt Shift Lens,https://dy-us-playground.onrender.com/,1148.69,False,https://images.unsplash.com/photo-1619190189816-ecdbaa368467?w=200,art|photography|nature,brown|deer|tilt|shift|lens,brown deer in tilt shift lens,Ana Vicente
00WT1RE3NJ8M,G00268,A Peacock Standing On Top Of A,https://dy-us-playground.onrender.com/,1416.68,True,https://plus.unsplash.com/premium_photo-1721587040137-64c58ac17cd7?w=200,art|photography|nature,peacock|standing|top|tree|branch,A peacock standing on top of a tree branch,Alexandros Giannakakis
MA0JNF2ZYVUZ,G00268,Leopard Lying On Black And White Textile,https://dy-us-playground.onrender.com/,161.34,True,https://images.unsplash.com/photo-1614749907488-b598ecb9c48a?w=200,art|photography|nature,leopard|lying|black|white|textile,leopard lying on black and white textile,Sachin Mittal
HTGY32031DCF,G00268,A Leopard Is Climbing Up A Tree,https://dy-us-playground.onrender.com/,1276.17,False,https://images.unsplash.com/photo-1690279844725-8cceb9423288?w=200,art|photography|nature,leopard|is|climbing|up|tree|branch,a leopard is climbing up a tree branch,Denice Alex
64THV5H6IKHF,G00269,An Elephant With Tusks,https://dy-us-playground.onrender.com/,537.28,False,https://images.unsplash.com/photo-1655981653802-464566f36820?w=200,art|photography|nature,elephant|tusks,an elephant with tusks,Ajeet Panesar
5XIYAEGHRM5Y,G00304,A Deer Standing In The Middle Of,https://dy-us-playground.onrender.com/,1138.04,False,https://images.unsplash.com/photo-1678186039062-3f7d05a87a5b?w=200,art|photography|forest,deer|standing|middle|forest,a deer standing in the middle of a forest,Jarryd Du Toit
6L2270XESWZW,G00269,A Rabbit Is Sitting In The Grass,https://dy-us-playground.onrender.com/,1317.57,False,https://images.unsplash.com/photo-1725206076101-e83d6c93abaf?w=200,art|photography|nature,rabbit|is|sitting|grass|eating|something,A rabbit is sitting in the grass eating something,Ronan Hello
